"categoria","centroide_lat","centroide_lon","departamento_id","departamento_nombre","fuente","gobierno_local_id","gobierno_local_nombre","id","localidad_censal_id","localidad_censal_nombre","nombre","provincia_id","provincia_nombre"
"Localidad simple",-32.088313118,-58.339488507,"30008","Colón","INDEC","309015","Colonia Hocker","30008050","30008050","Hocker","Hocker","30","Entre Ríos"
"Localidad simple",-27.262904015,-65.357917302,"90091","Simoca","INDEC","900098","Simoca","90091050","90091050","Simoca","Simoca","90","Tucumán"
"Localidad simple",-23.169146969,-65.793877601,"38007","Cochinoca","INDEC","386014","Abralaite","38007030","38007030","Abralaite","Abralaite","38","Jujuy"
"Localidad simple",-31.579939027,-60.075546703,"30084","Paraná","INDEC","300294","Cerrito","30084050","30084050","Cerrito","Cerrito","30","Entre Ríos"
"Entidad",-32.836885004,-68.770757739,"50049","Las Heras","INDEC","500049","Las Heras","5004905003","50049050","Las Heras","El Algarrobal","50","Mendoza"
"Localidad simple",-38.394116934,-58.672376625,"06476","Lobería","INDEC","060476","Lobería","06476040","06476040","Pieres","Pieres","06","Buenos Aires"
"Localidad simple",-37.152760991,-58.488379175,"06042","Ayacucho","INDEC","060042","Ayacucho","06042010","06042010","Ayacucho","Ayacucho","06","Buenos Aires"
"Localidad simple",-37.226346599,-58.760104413,"06042","Ayacucho","INDEC","060042","Ayacucho","06042020","06042020","La Constancia","La Constancia","06","Buenos Aires"
"Localidad simple",-36.842874855,-58.508167569,"06042","Ayacucho","INDEC","060042","Ayacucho","06042030","06042030","Solanet","Solanet","06","Buenos Aires"
"Localidad simple",-36.562367904,-58.534696319,"06042","Ayacucho","INDEC","060042","Ayacucho","06042040","06042040","Udaquiola","Udaquiola","06","Buenos Aires"
"Localidad simple",-37.62307067,-58.746368507,"06063","Balcarce","INDEC","060063","Balcarce","06063030","06063030","Napaleofú","Napaleofú","06","Buenos Aires"
"Localidad simple",-37.54089492,-58.340605119,"06063","Balcarce","INDEC","060063","Balcarce","06063040","06063040","Ramos Otero","Ramos Otero","06","Buenos Aires"
"Localidad simple",-37.861223079,-57.981012024,"06063","Balcarce","INDEC","060063","Balcarce","06063060","06063060","Villa Laguna La Brava","Villa Laguna La Brava","06","Buenos Aires"
"Localidad simple",-36.090917851,-57.807478999,"06168","Castelli","INDEC","060168","Castelli","06168010","06168010","Castelli","Castelli","06","Buenos Aires"
"Localidad simple",-38.343656482,-57.992208541,"06280","General Alvarado","INDEC","060280","General Alvarado","06280020","06280020","Mar del Sur","Mar del Sur","06","Buenos Aires"
"Componente de localidad compuesta",-38.270461018,-57.839854455,"06280","General Alvarado","INDEC","060280","General Alvarado","06280040","06280040","Miramar","Miramar","06","Buenos Aires"
"Localidad simple",-36.995291945,-57.136861256,"06315","General Juan Madariaga","INDEC","060315","General Juan Madariaga","06315010","06315010","General Juan Madariaga","General Juan Madariaga","06","Buenos Aires"
"Localidad simple",-36.408086093,-56.943357844,"06336","General Lavalle","INDEC","060336","General Lavalle","06336020","06336020","General Lavalle","General Lavalle","06","Buenos Aires"
"Localidad simple",-38.0269032,-57.795545892,"06357","General Pueyrredón","INDEC","060357","General Pueyrredón","06357020","06357020","Barrio El Boquerón","Barrio El Boquerón","06","Buenos Aires"
"Localidad simple",-37.930541065,-57.683640356,"06357","General Pueyrredón","INDEC","060357","General Pueyrredón","06357060","06357060","Barrio Santa Paula","Barrio Santa Paula","06","Buenos Aires"
"Localidad simple",-38.170949159,-57.639771267,"06357","General Pueyrredón","INDEC","060357","General Pueyrredón","06357080","06357080","Chapadmalal","Chapadmalal","06","Buenos Aires"
"Localidad simple",-37.997610575,-57.548162215,"06357","General Pueyrredón","INDEC","060357","General Pueyrredón","06357110","06357110","Mar del Plata","Mar del Plata","06","Buenos Aires"
"Localidad simple",-36.354193125,-56.725679308,"06420","La Costa","INDEC","060420","La Costa","06420030","06420030","San Clemente del Tuyú","San Clemente del Tuyú","06","Buenos Aires"
"Localidad simple",-36.581421317,-56.689898449,"06420","La Costa","INDEC","060420","La Costa","06420040","06420040","Mar del Tuyú - Mar de Ajó - San Bernardo","Santa Teresita - Mar del Tuyú","06","Buenos Aires"
"Localidad simple",-38.545072468,-58.55735447,"06476","Lobería","INDEC","060476","Lobería","06476010","06476010","Arenas Verdes","Arenas Verdes","06","Buenos Aires"
"Localidad simple",-38.163384929,-58.781846799,"06476","Lobería","INDEC","060476","Lobería","06476030","06476030","Lobería","Lobería","06","Buenos Aires"
"Localidad simple",-38.201990536,-58.73914694,"06476","Lobería","INDEC","060476","Lobería","06476060","06476060","Tamangueyú","Tamangueyú","06","Buenos Aires"
"Localidad simple",-36.862958702,-57.883123322,"06511","Maipú","INDEC","060511","Maipú","06511020","06511020","Maipú","Maipú","06","Buenos Aires"
"Localidad simple",-36.711559778,-57.586167451,"06511","Maipú","INDEC","060511","Maipú","06511030","06511030","Santo Domingo","Santo Domingo","06","Buenos Aires"
"Localidad simple",-37.446516204,-57.729391766,"06518","Mar Chiquita","INDEC","060518","Mar Chiquita","06518010","06518010","Coronel Vidal","Coronel Vidal","06","Buenos Aires"
"Localidad simple",-37.773986335,-57.634189526,"06518","Mar Chiquita","INDEC","060518","Mar Chiquita","06518030","06518030","La Armonía","La Armonía","06","Buenos Aires"
"Localidad simple",-37.745539478,-57.425410275,"06518","Mar Chiquita","INDEC","060518","Mar Chiquita","06518040","06518040","Mar Chiquita","Mar Chiquita","06","Buenos Aires"
"Localidad simple",-37.834380174,-57.507490265,"06518","Mar Chiquita","INDEC","060518","Mar Chiquita","06518060","06518060","Santa Clara del Mar","Santa Clara del Mar","06","Buenos Aires"
"Localidad simple",-36.316360805,-58.551429369,"06630","Pila","INDEC","060630","Pila","06630010","06630010","Pila","Casalins","06","Buenos Aires"
"Localidad simple",-37.179483265,-62.75999039,"06007","Adolfo Alsina","INDEC","060007","Adolfo Alsina","06007010","06007010","Carhué","Carhué","06","Buenos Aires"
"Componente de localidad compuesta",-37.357410999,-62.438379793,"06007","Adolfo Alsina","INDEC","060007","Adolfo Alsina","06007040","06007040","Espartillar","Espartillar","06","Buenos Aires"
"Localidad simple",-38.032370729,-60.099391928,"06014","Adolfo Gonzales Chaves","INDEC","060014","Adolfo Gonzales Chaves","06014010","06014010","Adolfo Gonzales Chaves","Adolfo Gonzales Chaves","06","Buenos Aires"
"Localidad simple",-37.966541728,-60.416785485,"06014","Adolfo Gonzales Chaves","INDEC","060014","Adolfo Gonzales Chaves","06014020","06014020","De La Garma","De La Garma","06","Buenos Aires"
"Localidad simple",-37.200514968,-60.164653346,"06049","Azul","INDEC","060049","Azul","06049050","06049050","16 de Julio","16 de Julio","06","Buenos Aires"
"Localidad simple",-36.002064335,-60.855489815,"06105","Bolívar","INDEC","060105","Bolívar","06105010","06105010","Hale","Hale","06","Buenos Aires"
"Localidad simple",-36.229879267,-61.113917084,"06105","Bolívar","INDEC","060105","Bolívar","06105060","06105060","San Carlos de Bolívar","San Carlos de Bolívar","06","Buenos Aires"
"Localidad simple",-36.43161907,-61.420100225,"06105","Bolívar","INDEC","060105","Bolívar","06105070","06105070","Urdampilleta","Urdampilleta","06","Buenos Aires"
"Localidad simple",-36.601531573,-61.363665984,"06105","Bolívar","INDEC","060105","Bolívar","06105080","06105080","Villa Lynch Pueyrredón","Villa Lynch Pueyrredón","06","Buenos Aires"
"Localidad simple",-35.916616773,-61.534113496,"06147","Carlos Casares","INDEC","060147","Carlos Casares","06147010","06147010","Bellocq","Bellocq","06","Buenos Aires"
"Localidad simple",-35.924233179,-61.262850776,"06147","Carlos Casares","INDEC","060147","Carlos Casares","06147050","06147050","Hortensia","Hortensia","06","Buenos Aires"
"Localidad simple",-37.985667775,-61.350397431,"06196","Coronel Pringles","INDEC","060196","Coronel Pringles","06196010","06196010","Coronel Pringles","Coronel Pringles","06","Buenos Aires"
"Localidad simple",-38.323280665,-61.44427556,"06196","Coronel Pringles","INDEC","060196","Coronel Pringles","06196020","06196020","El Divisorio","El Divisorio","06","Buenos Aires"
"Localidad simple",-37.292500093,-62.297196204,"06203","Coronel Suárez","INDEC","060203","Coronel Suárez","06203010","06203010","Cascada","Cascada","06","Buenos Aires"
"Localidad simple",-37.484246938,-62.104557716,"06203","Coronel Suárez","INDEC","060203","Coronel Suárez","06203030","06203030","Curamalal","Curamalal","06","Buenos Aires"
"Localidad simple",-37.676545574,-61.707744337,"06203","Coronel Suárez","INDEC","060203","Coronel Suárez","06203040","06203040","D' Orbigny","D'Orbigny","06","Buenos Aires"
"Localidad simple",-37.223639849,-62.164754634,"06203","Coronel Suárez","INDEC","060203","Coronel Suárez","06203060","06203060","Pasman","Pasman","06","Buenos Aires"
"Localidad simple",-37.558405246,-61.874449411,"06203","Coronel Suárez","INDEC","060203","Coronel Suárez","06203080","06203080","Santa María","Santa María","06","Buenos Aires"
"Localidad simple",-36.560065158,-62.139019203,"06231","Daireaux","INDEC","060231","Daireaux","06231010","06231010","Andant","Andant","06","Buenos Aires"
"Localidad simple",-36.883152328,-61.487719881,"06231","Daireaux","INDEC","060231","Daireaux","06231020","06231020","Arboledas","Arboledas","06","Buenos Aires"
"Localidad simple",-36.675500343,-61.928336352,"06231","Daireaux","INDEC","060231","Daireaux","06231040","06231040","La Larga","La Larga","06","Buenos Aires"
"Localidad simple",-36.307182012,-62.202998568,"06231","Daireaux","INDEC","060231","Daireaux","06231060","06231060","Salazar","Salazar","06","Buenos Aires"
"Localidad simple",-36.021741877,-60.014505384,"06287","General Alvear","INDEC","060287","General Alvear","06287010","06287010","General Alvear","General Alvear","06","Buenos Aires"
"Localidad simple",-36.757700351,-62.504382463,"06399","Guaminí","INDEC","060399","Guaminí","06399020","06399020","Casbas","Casbas","06","Buenos Aires"
"Localidad simple",-37.249667284,-61.262199209,"06322","General La Madrid","INDEC","060322","General La Madrid","06322010","06322010","General La Madrid","General La Madrid","06","Buenos Aires"
"Localidad simple",-37.731749854,-61.323607151,"06322","General La Madrid","INDEC","060322","General La Madrid","06322050","06322050","Pontaut","Pontaut","06","Buenos Aires"
"Localidad simple",-36.561897227,-62.604408607,"06399","Guaminí","INDEC","060399","Guaminí","06399030","06399030","Garré","Garré","06","Buenos Aires"
"Localidad simple",-36.807563564,-62.247966121,"06399","Guaminí","INDEC","060399","Guaminí","06399050","06399050","Laguna Alsina","Laguna Alsina","06","Buenos Aires"
"Localidad simple",-36.298177124,-61.718562385,"06406","Hipólito Yrigoyen","INDEC","060406","Hipólito Yrigoyen","06406010","06406010","Henderson","Henderson","06","Buenos Aires"
"Localidad simple",-36.087557544,-61.410898388,"06406","Hipólito Yrigoyen","INDEC","060406","Hipólito Yrigoyen","06406020","06406020","Herrera Vegas","Herrera Vegas","06","Buenos Aires"
"Localidad simple",-36.651788449,-61.085906327,"06595","Olavarría","INDEC","060595","Olavarría","06595080","06595080","Recalde","Recalde","06","Buenos Aires"
"Localidad simple",-36.948754783,-60.111444317,"06595","Olavarría","INDEC","060595","Olavarría","06595040","06595040","Colonia San Miguel","Colonia San Miguel","06","Buenos Aires"
"Localidad simple",-36.86584318,-60.160281998,"06595","Olavarría","INDEC","060595","Olavarría","06595060","06595060","Hinojo","Hinojo","06","Buenos Aires"
"Localidad simple",-36.936611908,-60.156057877,"06595","Olavarría","INDEC","060595","Olavarría","06595110","06595110","Sierras Bayas","Sierras Bayas","06","Buenos Aires"
"Localidad simple",-36.981004938,-60.278601724,"06595","Olavarría","INDEC","060595","Olavarría","06595120","06595120","Villa Alfredo Fortabat - Villa La Serranía","Villa Alfredo Fortabat","06","Buenos Aires"
"Localidad simple",-35.912408463,-62.22422799,"06609","Pehuajó","INDEC","060609","Pehuajó","06609010","06609010","Capitán Castro","Capitán Castro","06","Buenos Aires"
"Localidad simple",-35.849397922,-62.066647205,"06609","Pehuajó","INDEC","060609","Pehuajó","06609030","06609030","Francisco Madero","Francisco Madero","06","Buenos Aires"
"Localidad simple",-35.849370285,-62.294717631,"06609","Pehuajó","INDEC","060609","Pehuajó","06609040","06609040","Juan José Paso","Juan José Paso","06","Buenos Aires"
"Localidad simple",-35.918649644,-61.81354751,"06609","Pehuajó","INDEC","060609","Pehuajó","06609070","06609070","Nueva Plata","Nueva Plata","06","Buenos Aires"
"Localidad simple",-35.810805333,-61.898968213,"06609","Pehuajó","INDEC","060609","Pehuajó","06609080","06609080","Pehuajó","Pehuajó","06","Buenos Aires"
"Localidad simple",-37.909750691,-62.93563898,"06651","Puán","INDEC","060651","Puan","06651040","06651040","17 de Agosto","17 de Agosto","06","Buenos Aires"
"Localidad simple",-37.394921424,-62.803444347,"06651","Puán","INDEC","060651","Puan","06651100","06651100","Erize","Villa Castelar","06","Buenos Aires"
"Localidad simple",-37.51488223,-62.312248649,"06700","Saavedra","INDEC","060700","Saavedra","06700010","06700010","Arroyo Corto","Arroyo Corto","06","Buenos Aires"
"Localidad simple",-37.721018771,-62.606454847,"06700","Saavedra","INDEC","060700","Saavedra","06700050","06700050","Goyena","Goyena","06","Buenos Aires"
"Localidad simple",-38.037033156,-62.469833465,"06700","Saavedra","INDEC","060700","Saavedra","06700055","06700055","Las Encadenadas","Las Encadenadas","06","Buenos Aires"
"Localidad simple",-37.602548713,-62.408361485,"06700","Saavedra","INDEC","060700","Saavedra","06700060","06700060","Pigüé","Pigüé","06","Buenos Aires"
"Localidad simple",-36.57636308,-60.172200762,"06798","Tapalqué","INDEC","060798","Tapalqué","06798010","06798010","Crotto","Crotto","06","Buenos Aires"
"Localidad simple",-36.356235977,-60.025112403,"06798","Tapalqué","INDEC","060798","Tapalqué","06798020","06798020","Tapalqué","Tapalqué","06","Buenos Aires"
"Componente de localidad compuesta",-38.131175064,-61.800032724,"06819","Tornquist","INDEC","060819","Tornquist","06819030","06819030","Sierra de la Ventana","Sierra de la Ventana","06","Buenos Aires"
"Localidad simple",-38.28960556,-62.208055581,"06819","Tornquist","INDEC","060819","Tornquist","06819050","06819050","Tres Picos","Tres Picos","06","Buenos Aires"
"Localidad simple",-38.059727662,-62.077625025,"06819","Tornquist","INDEC","060819","Tornquist","06819060","06819060","Villa Serrana La Gruta","La Gruta","06","Buenos Aires"
"Localidad simple",-35.852631939,-62.512378076,"06826","Trenque Lauquen","INDEC","060826","Trenque Lauquen","06826010","06826010","Berutti","Berutti","06","Buenos Aires"
"Localidad simple",-36.365748391,-62.358079998,"06826","Trenque Lauquen","INDEC","060826","Trenque Lauquen","06826020","06826020","Girodías","Girodias","06","Buenos Aires"
"Localidad simple",-36.20373136,-62.235463626,"06826","Trenque Lauquen","INDEC","060826","Trenque Lauquen","06826030","06826030","La Carreta","La Carreta","06","Buenos Aires"
"Localidad simple",-36.278647645,-62.545224004,"06826","Trenque Lauquen","INDEC","060826","Trenque Lauquen","06826040","06826040","30 de Agosto","30 de Agosto","06","Buenos Aires"
"Localidad simple",-38.318013618,-60.027620924,"06833","Tres Arroyos","INDEC","060833","Tres Arroyos","06833090","06833090","San Mayol","San Mayol","06","Buenos Aires"
"Localidad simple",-36.610923177,-62.912934777,"06847","Tres Lomas","INDEC","060847","Tres Lomas","06847010","06847010","Ingeniero Thompson","Ingeniero Thompson","06","Buenos Aires"
"Localidad simple",-35.071451539,-58.865309649,"06134","Cañuelas","INDEC","060134","Cañuelas","06134020","06134020","Barrio El Taladro","Barrio El Taladro","06","Buenos Aires"
"Localidad simple",-35.05383883,-58.761991187,"06134","Cañuelas","INDEC","060134","Cañuelas","06134030","06134030","Cañuelas","Cañuelas","06","Buenos Aires"
"Localidad simple",-34.960845385,-58.728762459,"06134","Cañuelas","INDEC","060134","Cañuelas","06134060","06134060","Barrio San Esteban - Barrio Los Pozos","Santa Rosa","06","Buenos Aires"
"Localidad simple",-35.123830511,-58.892036442,"06134","Cañuelas","INDEC","060134","Cañuelas","06134070","06134070","Uribelarrea","Uribelarrea","06","Buenos Aires"
"Localidad simple",-35.672069646,-58.958410415,"06301","General Belgrano","INDEC","060301","General Belgrano","06301020","06301020","Gorchs","Gorchs","06","Buenos Aires"
"Localidad simple",-34.92690929,-58.946706953,"06329","General Las Heras","INDEC","060329","General Las Heras","06329020","06329020","General Las Heras","General Las Heras","06","Buenos Aires"
"Localidad simple",-34.826044661,-58.939018869,"06329","General Las Heras","INDEC","060329","General Las Heras","06329060","06329060","Villars","Villars","06","Buenos Aires"
"Localidad simple",-35.185425547,-59.097834161,"06483","Lobos","INDEC","060483","Lobos","06483040","06483040","Lobos","Lobos","06","Buenos Aires"
"Localidad simple",-35.300670997,-59.170135916,"06483","Lobos","INDEC","060483","Lobos","06483050","06483050","Salvador María - Laguna de Lobos","Salvador María","06","Buenos Aires"
"Localidad simple",-34.951537566,-58.780450023,"06525","Marcos Paz","INDEC","060525","Marcos Paz","06525010","06525010","Barrio Santa Rosa","Barrio Santa Rosa","06","Buenos Aires"
"Componente de localidad compuesta",-34.782495898,-58.83788909,"06525","Marcos Paz","INDEC","060525","Marcos Paz","06525020","06525020","Marcos Paz","Marcos Paz","06","Buenos Aires"
"Localidad simple",-35.28132425,-58.802783358,"06547","Monte","INDEC","060547","Monte","06547010","06547010","Abbott","Abbott","06","Buenos Aires"
"Localidad simple",-35.441043881,-58.803451448,"06547","Monte","INDEC","060547","Monte","06547020","06547020","San Miguel del Monte","San Miguel del Monte","06","Buenos Aires"
"Localidad simple",-35.54208449,-58.886450754,"06547","Monte","INDEC","060547","Monte","06547030","06547030","Zenón Videla Dorna","Zenón Videla Dorna","06","Buenos Aires"
"Localidad simple",-35.005906715,-59.278283983,"06574","Navarro","INDEC","060574","Navarro","06574030","06574030","Navarro","Navarro","06","Buenos Aires"
"Localidad simple",-35.48563921,-59.099769566,"06693","Roque Pérez","INDEC","060693","Roque Pérez","06693010","06693010","Carlos Beguerie","Carlos Beguerie","06","Buenos Aires"
"Localidad simple",-36.777447,-59.863443046,"06049","Azul","INDEC","060049","Azul","06049020","06049020","Azul","Azul","06","Buenos Aires"
"Localidad simple",-36.376673005,-59.504604217,"06049","Azul","INDEC","060049","Azul","06049030","06049030","Cacharí","Cacharí","06","Buenos Aires"
"Localidad simple",-37.846382623,-58.255491169,"06063","Balcarce","INDEC","060063","Balcarce","06063010","06063010","Balcarce","Balcarce","06","Buenos Aires"
"Localidad simple",-37.942709752,-58.32427674,"06063","Balcarce","INDEC","060063","Balcarce","06063020","06063020","Los Pinos","Los Pinos","06","Buenos Aires"
"Localidad simple",-38.014111278,-58.35593425,"06063","Balcarce","INDEC","060063","Balcarce","06063050","06063050","San Agustín","San Agustín","06","Buenos Aires"
"Localidad simple",-37.552280337,-59.627766619,"06084","Benito Juárez","INDEC","060084","Benito Juárez","06084030","06084030","López","López","06","Buenos Aires"
"Localidad simple",-37.364271855,-59.760202926,"06084","Benito Juárez","INDEC","060084","Benito Juárez","06084040","06084040","Tedín Uriburu","Tedín Uriburu","06","Buenos Aires"
"Localidad simple",-37.676225444,-59.396186471,"06084","Benito Juárez","INDEC","060084","Benito Juárez","06084050","06084050","Villa Cacique - Barker","Villa Cacique","06","Buenos Aires"
"Localidad simple",-36.055467874,-57.821096217,"06168","Castelli","INDEC","060168","Castelli","06168020","06168020","Centro Guerrero","Centro Guerrero","06","Buenos Aires"
"Localidad simple",-35.974860451,-57.449535438,"06168","Castelli","INDEC","060168","Castelli","06168030","06168030","Cerro de la Gloria","Cerro de la Gloria","06","Buenos Aires"
"Localidad simple",-36.315389184,-57.675461555,"06238","Dolores","INDEC","060238","Dolores","06238010","06238010","Dolores","Dolores","06","Buenos Aires"
"Localidad simple",-36.206925251,-57.742699767,"06238","Dolores","INDEC","060238","Dolores","06238020","06238020","Sevigné","Sevigne","06","Buenos Aires"
"Localidad simple",-38.110549783,-57.841245608,"06280","General Alvarado","INDEC","060280","General Alvarado","06280010","06280010","Comandante Nicanor Otamendi","Comandante Nicanor Otamendi","06","Buenos Aires"
"Localidad simple",-38.146222184,-58.229243432,"06280","General Alvarado","INDEC","060280","General Alvarado","06280030","06280030","Mechongué","Mechongué","06","Buenos Aires"
"Localidad simple",-36.643166588,-57.790502395,"06308","General Guido","INDEC","060308","General Guido","06308010","06308010","General Guido","General Guido","06","Buenos Aires"
"Localidad simple",-36.948966365,-58.103567635,"06308","General Guido","INDEC","060308","General Guido","06308020","06308020","Labardén","Labardén","06","Buenos Aires"
"Localidad simple",-36.710748622,-56.737082635,"06336","General Lavalle","INDEC","060336","General Lavalle","06336030","06336030","Pavón","Pavón","06","Buenos Aires"
"Componente de localidad compuesta",-38.22861156,-57.754407057,"06357","General Pueyrredón","INDEC","060357","General Pueyrredón","06357090","06357090","El Marquesado","El Marquesado","06","Buenos Aires"
"Localidad simple",-37.941287946,-57.775364441,"06357","General Pueyrredón","INDEC","060357","General Pueyrredón","06357120","06357120","Sierra de los Padres","Sierra de los Padres","06","Buenos Aires"
"Localidad simple",-35.940461089,-59.068086887,"06455","Las Flores","INDEC","060455","Las Flores","06455010","06455010","Coronel Boerr","Coronel Boerr","06","Buenos Aires"
"Localidad simple",-35.880275623,-59.406070527,"06455","Las Flores","INDEC","060455","Las Flores","06455020","06455020","El Trigo","El Trigo","06","Buenos Aires"
"Localidad simple",-36.014268753,-59.099863977,"06455","Las Flores","INDEC","060455","Las Flores","06455030","06455030","Las Flores","Las Flores","06","Buenos Aires"
"Localidad simple",-36.245041111,-59.365035051,"06455","Las Flores","INDEC","060455","Las Flores","06455040","06455040","Pardo","Pardo","06","Buenos Aires"
"Localidad simple",-37.908510622,-58.912554211,"06476","Lobería","INDEC","060476","Lobería","06476020","06476020","Licenciado Matienzo","Licenciado Matienzo","06","Buenos Aires"
"Localidad simple",-37.786485875,-58.848486716,"06476","Lobería","INDEC","060476","Lobería","06476050","06476050","San Manuel","San Manuel","06","Buenos Aires"
"Localidad simple",-37.086333288,-57.829420071,"06511","Maipú","INDEC","060511","Maipú","06511010","06511010","Las Armas","Las Armas","06","Buenos Aires"
"Localidad simple",-37.275973858,-57.774196638,"06518","Mar Chiquita","INDEC","060518","Mar Chiquita","06518020","06518020","General Pirán","General Pirán","06","Buenos Aires"
"Localidad simple",-37.773700541,-57.454391247,"06518","Mar Chiquita","INDEC","060518","Mar Chiquita","06518050","06518050","Mar de Cobo","Mar de Cobo","06","Buenos Aires"
"Localidad simple",-37.663155091,-57.668120806,"06518","Mar Chiquita","INDEC","060518","Mar Chiquita","06518070","06518070","Vivoratá","Vivoratá","06","Buenos Aires"
"Localidad simple",-37.893430413,-59.291069564,"06581","Necochea","INDEC","060581","Necochea","06581010","06581010","Claraz","Claraz","06","Buenos Aires"
"Localidad simple",-38.005522797,-59.263923456,"06581","Necochea","INDEC","060581","Necochea","06581030","06581030","Juan N. Fernández","Juan N. Fernández","06","Buenos Aires"
"Localidad simple",-38.283051908,-59.202743773,"06581","Necochea","INDEC","060581","Necochea","06581050","06581050","Nicanor Olivera","Nicanor Olivera","06","Buenos Aires"
"Localidad simple",-36.004185241,-58.141067696,"06630","Pila","INDEC","060630","Pila","06630020","06630020","Casalins","Pila","06","Buenos Aires"
"Localidad simple",-37.111081116,-56.865233689,"06644","Pinamar","INDEC","060644","Pinamar","06644010","06644010","Pinamar","Pinamar","06","Buenos Aires"
"Localidad simple",-36.774414707,-59.088289143,"06672","Rauch","INDEC","060672","Rauch","06672010","06672010","Rauch","Rauch","06","Buenos Aires"
"Localidad simple",-37.127286584,-59.105380805,"06791","Tandil","INDEC","060791","Tandil","06791010","06791010","De La Canal","De la Canal","06","Buenos Aires"
"Localidad simple",-37.328695483,-59.136897557,"06791","Tandil","INDEC","060791","Tandil","06791050","06791050","Tandil","Tandil","06","Buenos Aires"
"Localidad simple",-36.12056972,-59.651868835,"06798","Tapalqué","INDEC","060798","Tapalqué","06798030","06798030","Velloso","Velloso","06","Buenos Aires"
"Localidad simple",-36.520860508,-57.324938712,"06812","Tordillo","INDEC","060812","Tordillo","06812010","06812010","General Conesa","General Conesa","06","Buenos Aires"
"Localidad simple",-37.263230508,-56.974558609,"06868","Villa Gesell","INDEC","060868","Villa Gesell","06868020","06868020","Villa Gesell","Villa Gesell","06","Buenos Aires"
"Localidad simple",-32.489493401,-63.402375774,"14042","General San Martín","INDEC","140273","Arroyo Cabral","14042020","14042020","Arroyo Cabral","Arroyo Cabral","14","Córdoba"
"Localidad simple",-32.661795002,-63.243112954,"14042","General San Martín","INDEC","140280","Ausonia","14042030","14042030","Ausonia","Ausonia","14","Córdoba"
"Localidad simple",-33.077868683,-63.275068808,"14042","General San Martín","INDEC","140287","Chazón","14042040","14042040","Chazón","Chazón","14","Córdoba"
"Localidad simple",-32.939231616,-63.245008029,"14042","General San Martín","INDEC","140294","Etruria","14042050","14042050","Etruria","Etruria","14","Córdoba"
"Localidad simple",-32.802526464,-63.247093341,"14042","General San Martín","INDEC","140301","La Laguna","14042060","14042060","La Laguna","La Laguna","14","Córdoba"
"Localidad simple",-32.616434572,-63.409399232,"14042","General San Martín","INDEC","140308","La Palestina","14042070","14042070","La Palestina","La Palestina","14","Córdoba"
"Localidad simple",-32.304333301,-63.233436456,"14042","General San Martín","INDEC","","","14042090","14042090","Las Mojarras","Las Mojarras","14","Córdoba"
"Localidad simple",-32.54050567,-63.476893221,"14042","General San Martín","INDEC","140322","Luca","14042100","14042100","Luca","Luca","14","Córdoba"
"Localidad simple",-32.746218035,-63.341735757,"14042","General San Martín","INDEC","140329","Pasco","14042110","14042110","Pasco","Pasco","14","Córdoba"
"Localidad simple",-32.528293028,-63.24801631,"14042","General San Martín","INDEC","140364","Villa Nueva","14042120","14042120","Sanabria","Sanabria","14","Córdoba"
"Localidad simple",-32.693126807,-63.437106525,"14042","General San Martín","INDEC","140343","Ticino","14042140","14042140","Ticino","Ticino","14","Córdoba"
"Localidad simple",-32.287073328,-63.353681296,"14042","General San Martín","INDEC","140350","Tío Pujio","14042150","14042150","Tío Pujio","Tío Pujio","14","Córdoba"
"Componente de localidad compuesta",-32.413504193,-63.248329033,"14042","General San Martín","INDEC","140357","Villa María","14042170","14042170","Villa María","Villa María","14","Córdoba"
"Componente de localidad compuesta",-32.435476413,-63.247857579,"14042","General San Martín","INDEC","140364","Villa Nueva","14042180","14042180","Villa Nueva","Villa Nueva","14","Córdoba"
"Localidad simple",-32.416942409,-63.283458353,"14042","General San Martín","INDEC","140364","Villa Nueva","14042190","14042190","Villa Oeste","Villa Oeste","14","Córdoba"
"Localidad simple",-33.353561142,-63.717734591,"14056","Juárez Celman","INDEC","140385","Alejandro Roca","14056010","14056010","Alejandro Roca","Alejandro Roca","14","Córdoba"
"Localidad simple",-33.634165386,-63.225622094,"14056","Juárez Celman","INDEC","142308","Assunta","14056020","14056020","Assunta","Assunta","14","Córdoba"
"Localidad simple",-33.024771502,-63.669895805,"14056","Juárez Celman","INDEC","140392","Bengolea","14056030","14056030","Bengolea","Bengolea","14","Córdoba"
"Localidad simple",-32.91314825,-64.022579957,"14056","Juárez Celman","INDEC","140399","Carnerillo","14056040","14056040","Carnerillo","Carnerillo","14","Córdoba"
"Localidad simple",-33.025379108,-64.04687455,"14056","Juárez Celman","INDEC","140406","Charras","14056050","14056050","Charras","Charras","14","Córdoba"
"Localidad simple",-33.666183448,-63.539332916,"14056","Juárez Celman","INDEC","142315","El Rastreador","14056060","14056060","El Rastreador","El Rastreador","14","Córdoba"
"Localidad simple",-32.814572954,-63.874957223,"14056","Juárez Celman","INDEC","140413","General Cabrera","14056070","14056070","General Cabrera","General Cabrera","14","Córdoba"
"Localidad simple",-32.756327256,-63.789132549,"14056","Juárez Celman","INDEC","140420","General Deheza","14056080","14056080","General Deheza","General Deheza","14","Córdoba"
"Localidad simple",-33.668490297,-63.636259222,"14056","Juárez Celman","INDEC","140427","Huanchilla","14056090","14056090","Huanchilla","Huanchillas","14","Córdoba"
"Localidad simple",-33.417977676,-63.293628941,"14056","Juárez Celman","INDEC","140434","La Carlota","14056100","14056100","La Carlota","La Carlota","14","Córdoba"
"Localidad simple",-33.400358381,-63.472388894,"14056","Juárez Celman","INDEC","140441","Los Cisnes","14056110","14056110","Los Cisnes","Los Cisnes","14","Córdoba"
"Localidad simple",-33.044761449,-63.906066645,"14056","Juárez Celman","INDEC","140448","Olaeta","14056120","14056120","Olaeta","Olaeta","14","Córdoba"
"Localidad simple",-33.758446019,-63.490302326,"14056","Juárez Celman","INDEC","142322","Pacheco de Melo","14056130","14056130","Pacheco de Melo","Pacheco de Melo","14","Córdoba"
"Componente de localidad compuesta",-33.170736857,-64.047763039,"14056","Juárez Celman","INDEC","142329","Paso del Durazno","14056140","14056140","Paso del Durazno","Paso del Durazno","14","Córdoba"
"Localidad simple",-33.176479137,-63.286607639,"14056","Juárez Celman","INDEC","140462","Santa Eufemia","14056150","14056150","Santa Eufemia","Santa Eufemia","14","Córdoba"
"Localidad simple",-33.031440048,-63.506119892,"14056","Juárez Celman","INDEC","140469","Ucacha","14056160","14056160","Ucacha","Ucacha","14","Córdoba"
"Localidad simple",-33.203113808,-63.862645526,"14056","Juárez Celman","INDEC","140455","Reducción","14056170","14056170","Reducción","Villa Reducción","14","Córdoba"
"Localidad simple",-33.009337122,-64.169974786,"14098","Río Cuarto","INDEC","142553","Chucul","14098080","14098080","Chucul","Chucul","14","Córdoba"
"Localidad simple",-33.280282336,-63.97537615,"14098","Río Cuarto","INDEC","140833","Las Acequias","14098150","14098150","Las Acequias","Las Acequias","14","Córdoba"
"Localidad simple",-32.534705705,-64.104572596,"14098","Río Cuarto","INDEC","142574","Las Peñas Sud","14098180","14098180","Las Peñas Sud","Las Peñas","14","Córdoba"
"Componente de localidad compuesta",-33.168558774,-64.048921712,"14098","Río Cuarto","INDEC","142329","Paso del Durazno","14098220","14098220","Paso del Durazno","Paso del Durazno","14","Córdoba"
"Localidad simple",-32.608600362,-63.583491031,"14161","Tercero Arriba","INDEC","141442","Dalmacio Vélez","14161040","14161040","Dalmacio Vélez","Dalmacio Vélez","14","Córdoba"
"Localidad simple",-32.322414209,-63.868471659,"14161","Tercero Arriba","INDEC","143141","General Fotheringham","14161050","14161050","General Fotheringham","General Fotheringham","14","Córdoba"
"Localidad simple",-32.427881395,-63.733471104,"14161","Tercero Arriba","INDEC","141449","Hernando","14161060","14161060","Hernando","Hernando","14","Córdoba"
"Localidad simple",-32.161431346,-63.467969816,"14161","Tercero Arriba","INDEC","141456","James Craik","14161070","14161070","James Craik","James Craik","14","Córdoba"
"Localidad simple",-32.509219089,-63.928956041,"14161","Tercero Arriba","INDEC","143148","Las Isletillas","14161080","14161080","Las Isletillas","Las Isletillas","14","Córdoba"
"Localidad simple",-32.698955828,-63.704674205,"14161","Tercero Arriba","INDEC","141463","Las Perdices","14161090","14161090","Las Perdices","Las Perdices","14","Córdoba"
"Componente de localidad compuesta",-32.240997225,-63.642975566,"14161","Tercero Arriba","INDEC","143155","Pampayasta Norte","14161120","14161120","Pampayasta Norte","Pampayasta Norte","14","Córdoba"
"Componente de localidad compuesta",-32.250502076,-63.651676236,"14161","Tercero Arriba","INDEC","141484","Pampayasta Sud","14161130","14161130","Pampayasta Sud","Pampayasta Sud","14","Córdoba"
"Localidad simple",-32.575805707,-63.810209503,"14161","Tercero Arriba","INDEC","143162","Punta del Agua","14161140","14161140","Punta del Agua","Punta del Agua","14","Córdoba"
"Localidad simple",-32.176739374,-64.112962841,"14161","Tercero Arriba","INDEC","141491","Río Tercero","14161150","14161150","Río Tercero","Río Tercero","14","Córdoba"
"Localidad simple",-32.237584813,-63.979865775,"14161","Tercero Arriba","INDEC","141498","Tancacha","14161160","14161160","Tancacha","Tancacha","14","Córdoba"
"Localidad simple",-32.162738587,-63.892422433,"14161","Tercero Arriba","INDEC","141505","Villa Ascasubi","14161170","14161170","Villa Ascasubi","Villa Ascasubi","14","Córdoba"
"Localidad simple",-32.541697047,-62.980810867,"14182","Unión","INDEC","141596","Ballesteros","14182040","14182040","Ballesteros","Ballesteros","14","Córdoba"
"Localidad simple",-32.589478061,-63.030218272,"14182","Unión","INDEC","141603","Ballesteros Sud","14182050","14182050","Ballesteros Sud","Ballesteros Sud","14","Córdoba"
"Localidad simple",-32.812536019,-63.032397104,"14182","Unión","INDEC","141652","Idiazábal","14182130","14182130","Idiazábal","Idiazabal","14","Córdoba"
"Localidad simple",-33.154839841,-62.85747619,"14182","Unión","INDEC","141666","Laborde","14182150","14182150","Laborde","Laborde","14","Córdoba"
"Localidad simple",-32.592865391,-62.833340645,"14182","Unión","INDEC","141687","Morrison","14182180","14182180","Morrison","Morrison","14","Córdoba"
"Localidad simple",-32.841007328,-62.865985554,"14182","Unión","INDEC","141701","Ordóñez","14182200","14182200","Ordóñez","Ordoñez","14","Córdoba"
"Localidad simple",-33.124700409,-63.040124716,"14182","Unión","INDEC","141708","Pascanas","14182210","14182210","Pascanas","Pascanas","14","Córdoba"
"Localidad simple",-32.491157532,-63.104233635,"14182","Unión","INDEC","","","14182230","14182230","Ramón J. Cárcano","Ramón J. Cárcano","14","Córdoba"
"Localidad simple",-33.53865363,-63.047474609,"14182","Unión","INDEC","","","14182260","14182260","San Severo","San Severo","14","Córdoba"
"Localidad simple",-33.171677002,-62.769416108,"14182","Unión","INDEC","141743","Wenceslao Escalante","14182290","14182290","Wenceslao Escalante","Wenceslao Escalante","14","Córdoba"
"Componente de localidad compuesta",-31.062228855,-64.300640522,"14021","Colón","INDEC","140084","Agua de Oro","14021010","14021010","Agua de Oro","Agua de Oro","14","Córdoba"
"Localidad simple",-30.959035894,-64.2733494,"14021","Colón","INDEC","140126","La Granja","14021020","14021020","Ascochinga","Ascochinga","14","Córdoba"
"Componente de localidad compuesta",-31.084230839,-64.29869766,"14021","Colón","INDEC","142105","El Manzano","14021110","14021110","El Manzano","El Manzano","14","Córdoba"
"Componente de localidad compuesta",-31.345792617,-64.338487315,"14021","Colón","INDEC","140119","La Calera","14021150","14021150","La Calera","La Calera","14","Córdoba"
"Componente de localidad compuesta",-31.008624164,-64.267893428,"14021","Colón","INDEC","140126","La Granja","14021160","14021160","La Granja","La Granja","14","Córdoba"
"Componente de localidad compuesta",-31.26404437,-64.309127773,"14021","Colón","INDEC","140140","Mendiolaza","14021200","14021200","Mendiolaza","Mendiolaza","14","Córdoba"
"Componente de localidad compuesta",-31.16975013,-64.317504169,"14021","Colón","INDEC","140147","Río Ceballos","14021230","14021230","Río Ceballos","Río Ceballos","14","Córdoba"
"Componente de localidad compuesta",-31.315306214,-64.303528682,"14021","Colón","INDEC","140077","Córdoba","14021240","14021240","Saldán","Saldán","14","Córdoba"
"Componente de localidad compuesta",-31.142353597,-64.297418474,"14021","Colón","INDEC","140161","Salsipuedes","14021250","14021250","Salsipuedes","Salsipuedes","14","Córdoba"
"Componente de localidad compuesta",-31.237152375,-64.311763694,"14021","Colón","INDEC","140168","Unquillo","14021280","14021280","Unquillo","Unquillo","14","Córdoba"
"Componente de localidad compuesta",-31.293649626,-64.297701308,"14021","Colón","INDEC","140175","Villa Allende","14021290","14021290","Villa Allende","Villa Allende","14","Córdoba"
"Localidad simple",-31.070665182,-64.316235393,"14021","Colón","INDEC","142126","Villa Cerro Azul","14021300","14021300","Villa Cerro Azul","Villa Cerro Azul","14","Córdoba"
"Localidad simple",-30.79513069,-65.052641451,"14028","Cruz del Eje","INDEC","142140","Bañado de Soto","14028020","14028020","Bañado de Soto","Bañado de Soto","14","Córdoba"
"Localidad simple",-31.067836217,-64.934787016,"14028","Cruz del Eje","INDEC","142147","Cruz de Caña","14028040","14028040","Cruz de Caña","Cruz de Caña","14","Córdoba"
"Localidad simple",-30.743928785,-64.790776263,"14028","Cruz del Eje","INDEC","140182","Cruz del Eje","14028050","14028050","Cruz del Eje","Cruz del Eje","14","Córdoba"
"Localidad simple",-30.672634806,-64.871898458,"14028","Cruz del Eje","INDEC","140185","El Brete","14028060","14028060","El Brete","El Brete","14","Córdoba"
"Localidad simple",-31.013290293,-65.102896199,"14028","Cruz del Eje","INDEC","142175","La Higuera","14028110","14028110","La Higuera","La Higuera","14","Córdoba"
"Localidad simple",-30.914993056,-64.734725361,"14028","Cruz del Eje","INDEC","142182","Las Cañadas","14028120","14028120","Las Cañadas","Las Cañadas","14","Córdoba"
"Localidad simple",-30.706740607,-64.847295853,"14028","Cruz del Eje","INDEC","142189","Las Playas","14028130","14028130","Las Playas","Las Playas","14","Córdoba"
"Localidad simple",-30.644076685,-64.928256127,"14028","Cruz del Eje","INDEC","142203","Media Naranja","14028150","14028150","Media Naranja","Media Naranja","14","Córdoba"
"Localidad simple",-30.783012898,-64.636189565,"14028","Cruz del Eje","INDEC","140189","San Marcos Sierra","14028170","14028170","San Marcos Sierra","San Marcos Sierra","14","Córdoba"
"Localidad simple",-30.855231264,-64.98489144,"14028","Cruz del Eje","INDEC","140203","Villa de Soto","14028200","14028200","Villa de Soto","Villa de Soto","14","Córdoba"
"Localidad simple",-30.594290437,-64.205686954,"14049","Ischilín","INDEC","142259","Avellaneda","14049010","14049010","Avellaneda","Avellaneda","14","Córdoba"
"Localidad simple",-30.775791186,-64.218650968,"14049","Ischilín","INDEC","142266","Cañada de Río Pinto","14049020","14049020","Cañada de Río Pinto","Cañada de Río Pinto","14","Córdoba"
"Localidad simple",-30.642902029,-64.499504305,"14049","Ischilín","INDEC","142280","Copacabana","14049040","14049040","Copacabana","Copacabana","14","Córdoba"
"Localidad simple",-30.679205536,-64.16015406,"14049","Ischilín","INDEC","142301","Villa Gutiérrez","14049120","14049120","Villa Gutiérrez","Villa Gutiérrez","14","Córdoba"
"Localidad simple",-31.176558441,-65.101820118,"14070","Minas","INDEC","140602","San Carlos Minas","14070060","14070060","San Carlos Minas","San Carlos Minas","14","Córdoba"
"Localidad simple",-31.407147248,-65.047018417,"14077","Pocho","INDEC","142420","Los Talares","14077030","14077030","Los Talares","Los Talares","14","Córdoba"
"Localidad simple",-31.317857577,-65.089525308,"14077","Pocho","INDEC","140609","Salsacate","14077040","14077040","Salsacate","Salsacate","14","Córdoba"
"Localidad simple",-31.344184492,-64.919048275,"14077","Pocho","INDEC","142427","San Gerónimo","14077050","14077050","San Gerónimo","San Gerónimo","14","Córdoba"
"Localidad simple",-31.354488484,-64.97590613,"14077","Pocho","INDEC","142434","Tala Cañada","14077060","14077060","Tala Cañada","Tala Cañada","14","Córdoba"
"Componente de localidad compuesta",-31.313905309,-64.464035018,"14091","Punilla","INDEC","140665","Bialet Massé","14091020","14091020","Bialet Massé","Bialet Massé","14","Córdoba"
"Localidad simple",-31.390556962,-64.560305553,"14091","Punilla","INDEC","142469","Cabalango","14091030","14091030","Cabalango","Cabalango","14","Córdoba"
"Localidad simple",-30.856869166,-64.526350522,"14091","Punilla","INDEC","140672","Capilla del Monte","14091040","14091040","Capilla del Monte","Capilla del Monte","14","Córdoba"
"Componente de localidad compuesta",-31.152841555,-64.473454564,"14091","Punilla","INDEC","142476","Casa Grande","14091050","14091050","Casa Grande","Casa Grande","14","Córdoba"
"Localidad simple",-30.774979058,-64.544169334,"14091","Punilla","INDEC","142483","Charbonier","14091060","14091060","Charbonier","Charbonier","14","Córdoba"
"Componente de localidad compuesta",-31.243668282,-64.46534855,"14091","Punilla","INDEC","140679","Cosquín","14091070","14091070","Cosquín","Cosquín","14","Córdoba"
"Componente de localidad compuesta",-31.480334849,-64.578692179,"14091","Punilla","INDEC","142490","Cuesta Blanca","14091080","14091080","Cuesta Blanca","Cuesta Blanca","14","Córdoba"
"Componente de localidad compuesta",-31.382027434,-64.531421861,"14091","Punilla","INDEC","142497","Estancia Vieja","14091090","14091090","Estancia Vieja","Estancia Vieja","14","Córdoba"
"Componente de localidad compuesta",-31.075289467,-64.490828014,"14091","Punilla","INDEC","140686","Huerta Grande","14091100","14091100","Huerta Grande","Huerta Grande","14","Córdoba"
"Componente de localidad compuesta",-30.982133781,-64.494197593,"14091","Punilla","INDEC","140693","La Cumbre","14091110","14091110","La Cumbre","La Cumbre","14","Córdoba"
"Componente de localidad compuesta",-31.09442652,-64.482947648,"14091","Punilla","INDEC","140700","La Falda","14091120","14091120","La Falda","La Falda","14","Córdoba"
"Localidad simple",-31.517419234,-64.534184307,"14091","Punilla","INDEC","140710","San Antonio de Arredondo","14091130","14091130","Las Jarillas","Las Jarillas","14","Córdoba"
"Componente de localidad compuesta",-30.926464684,-64.500392389,"14091","Punilla","INDEC","140707","Los Cocos","14091140","14091140","Los Cocos","Los Cocos","14","Córdoba"
"Localidad simple",-31.297021853,-64.573254363,"14091","Punilla","INDEC","140721","Santa María de Punilla","14091150","14091150","Mallín","Mallín","14","Córdoba"
"Componente de localidad compuesta",-31.47227156,-64.541469681,"14091","Punilla","INDEC","142504","Mayu Sumaj","14091160","14091160","Mayu Sumaj","Mayu Sumaj","14","Córdoba"
"Componente de localidad compuesta",-31.482791879,-64.527810481,"14091","Punilla","INDEC","140710","San Antonio de Arredondo","14091180","14091180","San Antonio de Arredondo","San Antonio de Arredondo","14","Córdoba"
"Componente de localidad compuesta",-30.921140762,-64.536371463,"14091","Punilla","INDEC","140714","San Esteban","14091190","14091190","San Esteban","San Esteban","14","Córdoba"
"Componente de localidad compuesta",-31.34529886,-64.451103393,"14091","Punilla","INDEC","142518","San Roque","14091200","14091200","San Roque","San Roque","14","Córdoba"
"Componente de localidad compuesta",-31.275638255,-64.463627265,"14091","Punilla","INDEC","140721","Santa María de Punilla","14091210","14091210","Santa Marí­a de Punilla","Santa María de Punilla","14","Córdoba"
"Componente de localidad compuesta",-31.4733149,-64.566943062,"14091","Punilla","INDEC","142525","Tala Huasi","14091220","14091220","Tala Huasi","Tala Huasi","14","Córdoba"
"Componente de localidad compuesta",-31.354796397,-64.592347253,"14091","Punilla","INDEC","140728","Tanti","14091230","14091230","Tanti","Tanti","14","Córdoba"
"Componente de localidad compuesta",-31.113961203,-64.485158944,"14091","Punilla","INDEC","140735","Valle Hermoso","14091240","14091240","Valle Hermoso","Valle Hermoso","14","Córdoba"
"Componente de localidad compuesta",-31.41791694,-64.494029164,"14091","Punilla","INDEC","140742","Villa Carlos Paz","14091250","14091250","Villa Carlos Paz","Villa Carlos Paz","14","Córdoba"
"Localidad simple",-31.390545252,-64.595688724,"14091","Punilla","INDEC","140728","Tanti","14091260","14091260","Villa Flor Serrana","Villa Flor Serrana","14","Córdoba"
"Componente de localidad compuesta",-31.050271932,-64.496785385,"14091","Punilla","INDEC","140749","Villa Giardino","14091270","14091270","Villa Giardino","Villa Giardino","14","Córdoba"
"Localidad simple",-31.373409821,-64.483197685,"14091","Punilla","INDEC","140754","Villa Santa Cruz del Lago","14091280","14091280","Villa Lago Azul","Villa Lago Azul","14","Córdoba"
"Componente de localidad compuesta",-31.346455506,-64.482448759,"14091","Punilla","INDEC","142532","Villa Parque Síquiman","14091290","14091290","Villa Parque Síquiman","Villa Parque Siquimán","14","Córdoba"
"Componente de localidad compuesta",-31.482675029,-64.564726293,"14091","Punilla","INDEC","140752","Villa Río Icho Cruz","14091300","14091300","Villa Río Icho Cruz","Villa Río Icho Cruz","14","Córdoba"
"Componente de localidad compuesta",-31.36638134,-64.521998593,"14091","Punilla","INDEC","140754","Villa Santa Cruz del Lago","14091320","14091320","Villa Santa Cruz del Lago","Villa Santa Cruz del Lago","14","Córdoba"
"Localidad simple",-31.490541,-65.053952156,"14126","San Alberto","INDEC","142833","Ambul","14126010","14126010","Ambul","Ambul","14","Córdoba"
"Localidad simple",-31.436262783,-65.066006533,"14126","San Alberto","INDEC","142833","Ambul","14126100","14126100","Mussi","Mussi","14","Córdoba"
"Localidad simple",-31.632953599,-65.054953292,"14126","San Alberto","INDEC","142861","Panaholma","14126120","14126120","Panaholma","Panaholma","14","Córdoba"
"Localidad simple",-31.670919664,-65.017720994,"14126","San Alberto","INDEC","142868","San Lorenzo","14126140","14126140","San Lorenzo","San Lorenzo","14","Córdoba"
"Localidad simple",-31.467399279,-64.359021202,"14147","Santa María","INDEC","141393","Malagueño","14147210","14147210","Malagueño","Malagueño","14","Córdoba"
"Localidad simple",-31.649792126,-64.429871976,"14147","Santa María","INDEC","141372","Alta Gracia","14147010","14147010","Alta Gracia","Alta Gracia","14","Córdoba"
"Localidad simple",-31.439710418,-64.317995652,"14147","Santa María","INDEC","141393","Malagueño","14147030","14147030","Barrio Gilbert (1º de Mayo))","Barrio Gilbert (1º de Mayo) - Tejas Tres","14","Córdoba"
"Localidad simple",-31.558132699,-64.190690257,"14147","Santa María","INDEC","141377","Bouwer","14147050","14147050","Bouwer","Bouwer","14","Córdoba"
"Localidad simple",-31.525410945,-64.450923137,"14147","Santa María","INDEC","141393","Malagueño","14147100","14147100","Falda del Cañete","Falda del Cañete","14","Córdoba"
"Localidad simple",-31.585357624,-64.454648181,"14147","Santa María","INDEC","143008","Falda del Carmen","14147110","14147110","Falda del Carmen","Falda del Carmen","14","Córdoba"
"Localidad simple",-31.526144321,-64.28452442,"14147","Santa María","INDEC","143043","Los Cedros","14147190","14147190","Los Cedros","Los Cedros","14","Córdoba"
"Localidad simple",-31.645100027,-64.259398689,"14147","Santa María","INDEC","143057","Rafael García","14147240","14147240","Rafael García","Rafael García","14","Córdoba"
"Localidad simple",-31.621286368,-64.394138002,"14147","Santa María","INDEC","143085","Villa del Prado","14147320","14147320","Villa del Prado","Villa del Prado","14","Córdoba"
"Localidad simple",-31.592623953,-64.347082591,"14147","Santa María","INDEC","141410","Villa Parque Santa Ana","14147350","14147350","Villa Parque Santa Ana","Villa Parque Santa Ana","14","Córdoba"
"Localidad simple",-30.942230382,-64.276935116,"14168","Totoral","INDEC","143183","La Pampa","14168040","14168040","La Pampa","La Pampa","14","Córdoba"
"Localidad simple",-30.870098328,-64.23328834,"14168","Totoral","INDEC","","","14168080","14168080","Santa Catalina","Santa Catalina","14","Córdoba"
"Localidad simple",-25.408798321,-60.447784868,"22063","General Güemes","INDEC","220165","El Espinillo","22063010","22063010","El Espinillo","El Espinillo","22","Chaco"
"Localidad simple",-25.704490244,-60.201485546,"22063","General Güemes","INDEC","220203","Villa Río Bermejito","22063040","22063040","Fortín Lavalle","Fortín Lavalle","22","Chaco"
"Localidad simple",-25.946578929,-60.620067045,"22063","General Güemes","INDEC","220182","Juan José Castelli","22063060","22063060","Juan José Castelli","Juan José Castelli","22","Chaco"
"Localidad simple",-25.649424978,-60.930187454,"22063","General Güemes","INDEC","220189","Miraflores","22063070","22063070","Miraflores","Miraflores","22","Chaco"
"Localidad simple",-25.637554926,-60.26543677,"22063","General Güemes","INDEC","220203","Villa Río Bermejito","22063100","22063100","Villa Río Bermejito","Villa Río Bermejito","22","Chaco"
"Localidad simple",-26.065792017,-60.561926701,"22063","General Güemes","INDEC","220182","Juan José Castelli","22063120","22063120","Zaparinqui","Zaparinqui","22","Chaco"
"Localidad simple",-26.049025,-59.942753581,"22084","Libertador General San Martín","INDEC","220287","Pampa del Indio","22084060","22084060","Pampa del Indio","Pampa del Indio","22","Chaco"
"Localidad simple",-25.053546274,-60.090638521,"34035","Patiño","INDEC","340098","Estanislao del Campo","34035050","34035050","Estanislao del Campo","Estanislao del Campo","34","Formosa"
"Localidad simple",-25.214499757,-59.858892437,"34035","Patiño","INDEC","340126","Ibarreta","34035080","34035080","Ibarreta","Ibarreta","34","Formosa"
"Localidad simple",-24.54299923,-60.832908644,"34035","Patiño","INDEC","340133","Las Lomitas","34035090","34035090","Juan G. Bazán","Juan G. Bazán","34","Formosa"
"Localidad simple",-24.708135606,-60.591376883,"34035","Patiño","INDEC","340133","Las Lomitas","34035100","34035100","Las Lomitas","Las Lomitas","34","Formosa"
"Localidad simple",-24.895553545,-60.319184515,"34035","Patiño","INDEC","340140","Pozo del Tigre","34035120","34035120","Pozo del Tigre","Pozo del Tigre","34","Formosa"
"Localidad simple",-24.53246612,-59.902120592,"34035","Patiño","INDEC","340147","San Martín Dos","34035130","34035130","San Martín I","San Martín I","34","Formosa"
"Localidad simple",-25.535408824,-60.018824327,"34035","Patiño","INDEC","345049","Subteniente Perín","34035150","34035150","Subteniente Perín","Subteniente Perín","34","Formosa"
"Localidad simple",-24.57851406,-61.534954814,"22063","General Güemes","INDEC","220168","El Sauzalito","22063020","22063020","El Sauzal","El Sauzal","22","Chaco"
"Localidad simple",-24.933074618,-61.483145173,"22063","General Güemes","INDEC","220196","Misión Nueva Pompeya","22063080","22063080","Nueva Pompeya","Nueva Pompeya","22","Chaco"
"Localidad simple",-24.690329442,-61.426130338,"22063","General Güemes","INDEC","220168","El Sauzalito","22063110","22063110","Wichi","Wichi","22","Chaco"
"Localidad simple",-28.667411838,-61.528016638,"82077","9 de Julio","INDEC","823330","San Bernardo","82077065","82077065","San Bernardo","San Bernardo","82","Santa Fe"
"Localidad simple",-28.227452799,-61.527816018,"82077","9 de Julio","INDEC","823295","Gregoria Pérez de Denis","82077030","82077030","Gregoria Pérez de Denis","Gregoria Pérez de Denis","82","Santa Fe"
"Localidad simple",-28.622961222,-61.626763494,"82077","9 de Julio","INDEC","823344","Villa Minetti","82077090","82077090","Villa Minetti","Villa Minetti","82","Santa Fe"
"Localidad simple",-28.313823651,-61.548754328,"82077","9 de Julio","INDEC","823337","Santa Margarita","82077070","82077070","Santa Margarita","Santa Margarita","82","Santa Fe"
"Localidad simple",-28.938083722,-61.704872956,"82077","9 de Julio","INDEC","823323","Pozo Borrado","82077060","82077060","Pozo Borrado","Pozo Borrado","82","Santa Fe"
"Localidad simple",-29.232729704,-61.771207863,"82077","9 de Julio","INDEC","820175","Tostado","82077080","82077080","Tostado","Tostado","82","Santa Fe"
"Localidad simple",-26.675407254,-61.815044365,"86014","Alberdi","INDEC","866014","Sachajoj","86014040","86014040","Sachayoj","Sachayoj","86","Santiago del Estero"
"Localidad simple",-26.230182279,-61.836474121,"86056","Copo","INDEC","860070","Pampa de los Guanacos","86056070","86056070","Pampa de los Guanacos","Pampa de los Guanacos","86","Santiago del Estero"
"Localidad simple",-28.452299668,-61.838315907,"86077","General Taboada","INDEC","866459","La Nena - La Simona","86077040","86077040","La Nena","La Nena","86","Santiago del Estero"
"Localidad simple",-28.228376871,-61.802075566,"86098","Juan Felipe Ibarra","INDEC","866497","El Cuadrado","86098020","86098020","El Cuadrado","El Cuadrado","86","Santiago del Estero"
"Localidad simple",-31.86728984,-58.448308582,"30008","Colón","INDEC","302007","Arroyo Barú","30008010","30008010","Arroyo Barú","Arroyo Barú","30","Entre Ríos"
"Localidad simple",-32.225050079,-58.142269502,"30008","Colón","INDEC","300007","Colón","30008020","30008020","Colón","Colón","30","Entre Ríos"
"Localidad simple",-32.295698692,-58.233708068,"30008","Colón","INDEC","300007","Colón","30008030","30008030","Colonia Hugues","Colonia Hugues","30","Entre Ríos"
"Localidad simple",-31.963630618,-58.507729763,"30008","Colón","INDEC","309010","Hambis","30008040","30008040","Hambis","Hambis","30","Entre Ríos"
"Localidad simple",-31.975752234,-58.392431333,"30008","Colón","INDEC","","","30008060","30008060","La Clarita","La Clarita","30","Entre Ríos"
"Localidad simple",-32.003149586,-58.490794269,"30008","Colón","INDEC","302042","Pueblo Cazes","30008070","30008070","Pueblo Cazes","Pueblo Cazes","30","Entre Ríos"
"Localidad simple",-32.154190205,-58.192078892,"30008","Colón","INDEC","300011","Pueblo Liebig","30008080","30008080","Pueblo Liebig","Pueblo Liebig's","30","Entre Ríos"
"Localidad simple",-32.207718833,-58.218798941,"30008","Colón","INDEC","300014","San José","30008090","30008090","San José","San José","30","Entre Ríos"
"Localidad simple",-31.795177823,-58.315065321,"30008","Colón","INDEC","300021","Ubajay","30008100","30008100","Ubajay","Ubajay","30","Entre Ríos"
"Localidad simple",-32.163218743,-58.400531576,"30008","Colón","INDEC","300028","Villa Elisa","30008110","30008110","Villa Elisa","Villa Elisa","30","Entre Ríos"
"Localidad simple",-31.507003424,-58.133046985,"30015","Concordia","INDEC","300049","Estancia Grande","30015010","30015010","Calabacilla","Calabacilla","30","Entre Ríos"
"Localidad simple",-31.576667693,-58.180333915,"30015","Concordia","INDEC","309035","Clodomiro Ledesma","30015020","30015020","Clodomiro Ledesma","Clodomiro Ledesma","30","Entre Ríos"
"Localidad simple",-31.35085093,-58.085076783,"30015","Concordia","INDEC","302077","General Roca","30015040","30015040","General Roca","Colonia General Roca","30","Entre Ríos"
"Localidad simple",-31.391964817,-58.017007785,"30015","Concordia","INDEC","300042","Concordia","30015060","30015060","Concordia","Concordia","30","Entre Ríos"
"Localidad simple",-31.471106729,-58.26332981,"30015","Concordia","INDEC","309050","Estación Yeruá","30015080","30015080","Estación Yeruá","Estación Yeruá","30","Entre Ríos"
"Localidad simple",-31.398216857,-58.162435867,"30015","Concordia","INDEC","309055","Estación Yuquerí","30015083","30015083","Estación Yuquerí","Estación Yuquerí","30","Entre Ríos"
"Localidad simple",-31.439167054,-58.119570245,"30015","Concordia","INDEC","300049","Estancia Grande","30015087","30015087","Estancia Grande","Estancia Grande","30","Entre Ríos"
"Localidad simple",-31.269113391,-58.108827732,"30015","Concordia","INDEC","300056","La Criolla","30015090","30015090","La Criolla","La Criolla","30","Entre Ríos"
"Localidad simple",-31.649616532,-58.016335683,"30015","Concordia","INDEC","302084","Nueva Escocia","30015110","30015110","Nueva Escocia","Nueva Escocia","30","Entre Ríos"
"Localidad simple",-31.313102939,-58.059322469,"30015","Concordia","INDEC","300042","Concordia","30015120","30015120","Osvaldo Magnasco","Osvaldo Magnasco","30","Entre Ríos"
"Localidad simple",-31.671973069,-58.230581357,"30015","Concordia","INDEC","302091","Pedernal","30015130","30015130","Pedernal","Pedernal","30","Entre Ríos"
"Localidad simple",-31.531358498,-58.015182705,"30015","Concordia","INDEC","300070","Puerto Yeruá","30015140","30015140","Puerto Yeruá","Puerto Yeruá","30","Entre Ríos"
"Localidad simple",-31.523376199,-58.405804539,"30088","San Salvador","INDEC","300378","General Campos","30088010","30088010","General Campos","General Campos","30","Entre Ríos"
"Localidad simple",-31.624960879,-58.505032006,"30088","San Salvador","INDEC","300385","San Salvador","30088020","30088020","San Salvador","San Salvador","30","Entre Ríos"
"Localidad simple",-32.255373171,-58.422600193,"30098","Uruguay","INDEC","300437","1° de Mayo","30098090","30098090","1° de Mayo","1º de Mayo","30","Entre Ríos"
"Localidad simple",-32.346007062,-58.444177912,"30098","Uruguay","INDEC","300441","Pronunciamiento","30098100","30098100","Pronunciamiento","Pronunciamiento","30","Entre Ríos"
"Localidad simple",-31.731207659,-58.635717569,"30113","Villaguay","INDEC","303280","Jubileo","30113030","30113030","Jubileo","Jubileo","30","Entre Ríos"
"Localidad simple",-34.252524213,-58.959743539,"06126","Campana","INDEC","060126","Campana","06126020","06126020","Barrio Los Pioneros (Barrio Tavella)","Barrio Los Pioneros (Barrio Tavella)","06","Buenos Aires"
"Localidad simple",-34.16325402,-58.95920775,"06126","Campana","INDEC","060126","Campana","06126030","06126030","Campana","Campana","06","Buenos Aires"
"Componente de localidad compuesta",-34.346045734,-58.794415465,"06252","Escobar","INDEC","060252","Escobar","06252010","06252010","Escobar","Escobar","06","Buenos Aires"
"Localidad simple",-31.836114355,-68.358515746,"70126","25 de Mayo","INDEC","700126","25 de Mayo","70126020","70126020","Tupelí","Tupelí","70","San Juan"
"Localidad simple",-34.294140042,-59.099270981,"06266","Exaltación de la Cruz","INDEC","060266","Exaltación de la Cruz","06266020","06266020","Capilla del Señor","Capilla del Señor","06","Buenos Aires"
"Localidad simple",-34.286760259,-59.222105908,"06266","Exaltación de la Cruz","INDEC","060266","Exaltación de la Cruz","06266030","06266030","Diego Gaynor","Diego Gaynor","06","Buenos Aires"
"Componente de localidad compuesta",-34.33075431,-58.987062904,"06266","Exaltación de la Cruz","INDEC","060266","Exaltación de la Cruz","06266040","06266040","Los Cardales","Los Cardales","06","Buenos Aires"
"Localidad simple",-34.375087489,-59.123203922,"06266","Exaltación de la Cruz","INDEC","060266","Exaltación de la Cruz","06266060","06266060","Pavón - Barrio El Remanso - Barrio Los Pinos","Parada Robles - Pavón","06","Buenos Aires"
"Localidad simple",-34.782849218,-59.109652356,"06329","General Las Heras","INDEC","060329","General Las Heras","06329030","06329030","La Choza","La Choza","06","Buenos Aires"
"Localidad simple",-34.794571503,-59.03116095,"06329","General Las Heras","INDEC","060329","General Las Heras","06329050","06329050","Plomer","Plomer","06","Buenos Aires"
"Componente de localidad compuesta",-34.606431069,-58.952160636,"06364","General Rodríguez","INDEC","060364","General Rodríguez","06364030","06364030","General Rodríguez","General Rodríguez","06","Buenos Aires"
"Componente de localidad compuesta",-34.577910096,-58.538656474,"06371","General San Martín","INDEC","060371","General San Martín","06371010","06371010","General San Martín","General San Martín","06","Buenos Aires"
"Componente de localidad compuesta",-34.589871884,-58.637441026,"06408","Hurlingham","INDEC","060408","Hurlingham","06408010","06408010","Hurlingham","Hurlingham","06","Buenos Aires"
"Componente de localidad compuesta",-34.660388494,-58.666167513,"06410","Ituzaingó","INDEC","060410","Ituzaingó","06410010","06410010","Ituzaingó","Ituzaingó","06","Buenos Aires"
"Componente de localidad compuesta",-34.523193843,-58.751943503,"06412","José C. Paz","INDEC","060412","José C. Paz","06412010","06412010","José C. Paz","José C. Paz","06","Buenos Aires"
"Componente de localidad compuesta",-34.67760672,-58.561008241,"06427","La Matanza","INDEC","060427","La Matanza","06427010","06427010","La Matanza","La Matanza","06","Buenos Aires"
"Localidad simple",-34.486751826,-59.219546215,"06497","Luján","INDEC","060497","Luján","06497020","06497020","Carlos Keen","Carlos Keen","06","Buenos Aires"
"Localidad simple",-34.570187875,-59.025260651,"06497","Luján","INDEC","060497","Luján","06497025","06497025","Club de Campo Los Puentes","Club de Campo Los Puentes","06","Buenos Aires"
"Localidad simple",-34.56335741,-59.121118319,"06497","Luján","INDEC","060497","Luján","06497060","06497060","Luján","Luján","06","Buenos Aires"
"Localidad simple",-34.627893595,-59.255199726,"06497","Luján","INDEC","060497","Luján","06497070","06497070","Olivera","Olivera","06","Buenos Aires"
"Localidad simple",-34.43099166,-59.127864237,"06497","Luján","INDEC","060497","Luján","06497090","06497090","Torres","Torres","06","Buenos Aires"
"Componente de localidad compuesta",-34.498795201,-58.701087604,"06515","Malvinas Argentinas","INDEC","060515","Malvinas Argentinas","06515010","06515010","Malvinas Argentinas","Malvinas Argentinas","06","Buenos Aires"
"Localidad simple",-34.601990271,-59.287448719,"06532","Mercedes","INDEC","060532","Mercedes","06532005","06532005","Goldney","Goldney","06","Buenos Aires"
"Localidad simple",-34.697676984,-59.318525783,"06532","Mercedes","INDEC","060532","Mercedes","06532030","06532030","Jorge Born","Jorge Born","06","Buenos Aires"
"Componente de localidad compuesta",-34.664983228,-58.727948114,"06539","Merlo","INDEC","060539","Merlo","06539010","06539010","Merlo","Merlo","06","Buenos Aires"
"Componente de localidad compuesta",-34.651292328,-58.790001915,"06560","Moreno","INDEC","060560","Moreno","06560010","06560010","Moreno","Moreno","06","Buenos Aires"
"Componente de localidad compuesta",-34.651057923,-58.621854098,"06568","Morón","INDEC","060568","Morón","06568010","06568010","Morón","Morón","06","Buenos Aires"
"Componente de localidad compuesta",-34.458696526,-58.913967912,"06638","Pilar","INDEC","060638","Pilar","06638040","06638040","Pilar","Pilar","06","Buenos Aires"
"Localidad simple",-34.298040883,-59.323681617,"06728","San Andrés de Giles","INDEC","060728","San Andrés de Giles","06728050","06728050","Solís","Solís","06","Buenos Aires"
"Localidad simple",-34.43167821,-59.261552139,"06728","San Andrés de Giles","INDEC","060728","San Andrés de Giles","06728070","06728070","Villa Ruiz","Villa Ruiz","06","Buenos Aires"
"Componente de localidad compuesta",-34.440604481,-58.558148942,"06749","San Fernando","INDEC","060749","San Fernando","06749010","06749010","San Fernando","San Fernando","06","Buenos Aires"
"Componente de localidad compuesta",-34.466428522,-58.509689813,"06756","San Isidro","INDEC","060756","San Isidro","06756010","06756010","San Isidro","San Isidro","06","Buenos Aires"
"Componente de localidad compuesta",-34.543041602,-58.711968988,"06760","San Miguel","INDEC","060760","San Miguel","06760010","06760010","San Miguel","San Miguel","06","Buenos Aires"
"Componente de localidad compuesta",-34.42264926,-58.580875289,"06805","Tigre","INDEC","060805","Tigre","06805010","06805010","Tigre","Tigre","06","Buenos Aires"
"Componente de localidad compuesta",-34.603529173,-58.563192266,"06840","Tres de Febrero","INDEC","060840","Tres de Febrero","06840010","06840010","Tres de Febrero","Tres de Febrero","06","Buenos Aires"
"Componente de localidad compuesta",-34.508944163,-58.486154865,"06861","Vicente López","INDEC","060861","Vicente López","06861010","06861010","Vicente López","Vicente López","06","Buenos Aires"
"Localidad simple",-45.774964785,-67.674774138,"26021","Escalante","INDEC","260049","Comodoro Rivadavia","26021040","26021040","Diadema Argentina","Diadema Argentina","26","Chubut"
"Localidad simple",-44.798454874,-65.710332751,"26028","Florentino Ameghino","INDEC","260063","Camarones","26028010","26028010","Camarones","Camarones","26","Chubut"
"Localidad simple",-44.686845009,-66.620939954,"26028","Florentino Ameghino","INDEC","","","26028020","26028020","Garayalde","Garayalde","26","Chubut"
"Localidad simple",-44.687639351,-70.85291291,"26084","Río Senguer","INDEC","268140","Aldea Apeleg","26084010","26084010","Aldea Apeleg","Aldea Apeleg","26","Chubut"
"Localidad simple",-45.55326821,-71.522636668,"26084","Río Senguer","INDEC","268091","Aldea Beleiro","26084020","26084020","Aldea Beleiro","Aldea Beleiro","26","Chubut"
"Localidad simple",-45.041882273,-70.823383603,"26084","Río Senguer","INDEC","260126","Alto Río Senguer","26084030","26084030","Alto Río Senguer","Alto Río Senguer","26","Chubut"
"Localidad simple",-45.575664061,-71.035053015,"26084","Río Senguer","INDEC","268098","Doctor Ricardo Rojas","26084040","26084040","Doctor Ricardo Rojas","Doctor Ricardo Rojas","26","Chubut"
"Localidad simple",-45.308642884,-69.974862491,"26084","Río Senguer","INDEC","268105","Facundo","26084050","26084050","Facundo","Facundo","26","Chubut"
"Localidad simple",-45.936983544,-71.268242948,"26084","Río Senguer","INDEC","268112","Lago Blanco","26084060","26084060","Lago Blanco","Lago Blanco","26","Chubut"
"Localidad simple",-45.686176998,-70.256637958,"26084","Río Senguer","INDEC","260133","Río Mayo","26084070","26084070","Río Mayo","Río Mayo","26","Chubut"
"Localidad simple",-45.07613335,-69.458898569,"26091","Sarmiento","INDEC","268119","Buen Pasto","26091010","26091010","Buen Pasto","Buen Pasto","26","Chubut"
"Localidad simple",-26.686558145,-64.948144355,"90007","Burruyacú","INDEC","908056","La Ramada y La Cruz","90007050","90007050","La Ramada","La Ramada","90","Tucumán"
"Localidad simple",-26.676850829,-65.045695722,"90007","Burruyacú","INDEC","908021","El Naranjo y El Sunchal","90007010","90007010","Barrio San Jorge","Barrio San Jorge","90","Tucumán"
"Componente de localidad compuesta",-26.885424244,-65.099833398,"90014","Cruz Alta","INDEC","908077","Colombres","90014040","90014040","Colombres","Colombres","90","Tucumán"
"Componente de localidad compuesta",-26.839969946,-65.161859511,"90014","Cruz Alta","INDEC","900028","Banda del Río Salí","90014020","90014020","Banda del Río Salí","Banda del Río Salí","90","Tucumán"
"Componente de localidad compuesta",-26.820712729,-65.095386488,"90014","Cruz Alta","INDEC","908105","La Florida y Luisiana","90014080","90014080","La Florida","La Florida","90","Tucumán"
"Localidad simple",-26.889419859,-64.997011329,"90014","Cruz Alta","INDEC","908140","Los Ralos","90014100","90014100","Los Ralos","Los Ralos","90","Tucumán"
"Localidad simple",-26.99216892,-65.181904372,"90014","Cruz Alta","INDEC","908091","El Bracho y El Cevilar","90014070","90014070","El Bracho","El Bracho","90","Tucumán"
"Localidad simple",-26.888178723,-65.193552033,"90014","Cruz Alta","INDEC","908154","San Andrés","90014130","90014130","San Andrés","San Andrés","90","Tucumán"
"Localidad simple",-26.957214925,-65.044492672,"90014","Cruz Alta","INDEC","908147","Ranchillos y San Miguel","90014120","90014120","Ranchillos","Ranchillos","90","Tucumán"
"Componente de localidad compuesta",-26.820225872,-65.143321212,"90014","Cruz Alta","INDEC","900021","Alderetes","90014010","90014010","Alderetes","Alderetes","90","Tucumán"
"Localidad simple",-26.833753553,-64.988184668,"90014","Cruz Alta","INDEC","908133","Los Pérez","90014050","90014050","Colonia Mayo - Barrio La Milagrosa","Colonia Mayo - Barrio La Milagrosa","90","Tucumán"
"Componente de localidad compuesta",-26.84424367,-65.093192456,"90014","Cruz Alta","INDEC","908084","Delfín Gallo","90014060","90014060","Delfín Gallo","Delfín Gallo","90","Tucumán"
"Localidad simple",-26.899242427,-65.14962568,"90014","Cruz Alta","INDEC","900028","Banda del Río Salí","90014110","90014110","Pacará","Pacará","90","Tucumán"
"Localidad simple",-27.054515777,-65.401890752,"90028","Famaillá","INDEC","900042","Famaillá","90028030","90028030","Famaillá","Famaillá","90","Tucumán"
"Localidad simple",-27.026397413,-65.345625814,"90028","Famaillá","INDEC","900042","Famaillá","90028020","90028020","Campo de Herrera","Campo de Herrera","90","Tucumán"
"Localidad simple",-27.03092713,-65.460392413,"90028","Famaillá","INDEC","900042","Famaillá","90028040","90028040","Ingenio Fronterita","Ingenio Fronterita","90","Tucumán"
"Localidad simple",-27.148605721,-65.356950305,"90056","Leales","INDEC","908336","Río Colorado","90056060","90056060","Río Colorado","Río Colorado","90","Tucumán"
"Localidad simple",-27.281836654,-65.019438333,"90056","Leales","INDEC","908315","Los Puestos","90056030","90056030","Los Puestos","Los Puestos","90","Tucumán"
"Localidad simple",-27.137714015,-65.260868828,"90056","Leales","INDEC","908343","Santa Rosa de Leales y Laguna Blanca","90056070","90056070","Santa Rosa de Leales","Santa Rosa de Leales","90","Tucumán"
"Localidad simple",-27.032791929,-65.307089863,"90056","Leales","INDEC","900070","Bella Vista","90056010","90056010","Bella Vista","Bella Vista","90","Tucumán"
"Localidad simple",-27.055148564,-64.9212945,"90056","Leales","INDEC","908294","Estación Aráoz y Tacanas","90056020","90056020","Estación Aráoz","Estación Aráoz","90","Tucumán"
"Localidad simple",-27.193830737,-65.310242514,"90056","Leales","INDEC","908350","Villa de Leales","90056090","90056090","Villa de Leales","Villa de Leales","90","Tucumán"
"Localidad simple",-27.06774724,-65.235448752,"90056","Leales","INDEC","908329","Quilmes y Los Sueldos","90056080","90056080","Villa Fiad - Ingenio Leales","Villa Fiad - Ingenio Leales","90","Tucumán"
"Localidad simple",-26.955703391,-65.272073063,"90056","Leales","INDEC","908322","Manuel García Fernández","90056040","90056040","Manuel García Fernández","Manuel García Fernández","90","Tucumán"
"Localidad simple",-26.922184268,-65.337715824,"90063","Lules","INDEC","900077","San Isidro de Lules","90063050","90063050","San Isidro de Lules","Lules","90","Tucumán"
"Localidad simple",-26.869992213,-65.310892532,"90063","Lules","INDEC","908371","San Pablo y Villa Nougués","90063030","90063030","San Pablo","Ingenio San Pablo","90","Tucumán"
"Componente de localidad compuesta",-26.872104997,-65.232453531,"90063","Lules","INDEC","900014","San Miguel de Tucumán","90063010","90063010","Barrio San Felipe","Barrio San Felipe","90","Tucumán"
"Localidad simple",-26.957602742,-65.350550652,"90063","Lules","INDEC","900077","San Isidro de Lules","90063040","90063040","La Reducción","La Reducción","90","Tucumán"
"Componente de localidad compuesta",-26.848052942,-65.281860743,"90063","Lules","INDEC","908357","El Manantial","90063020","90063020","El Manantial","El Manantial","90","Tucumán"
"Localidad simple",-27.120720505,-65.470564718,"90070","Monteros","INDEC","908378","Acheral","90070010","90070010","Acheral","Acheral","90","Tucumán"
"Componente de localidad compuesta",-26.830388762,-65.203779703,"90084","Capital","INDEC","900014","San Miguel de Tucumán","90084010","90084010","San Miguel de Tucumán","San Miguel de Tucumán","90","Tucumán"
"Componente de localidad compuesta",-26.775828017,-65.209092441,"90105","Tafí Viejo","INDEC","900112","Las Talitas","90105100","90105100","Las Talitas","Villa Mariano Moreno - El Colmenar","90","Tucumán"
"Componente de localidad compuesta",-26.816041685,-65.292538306,"90119","Yerba Buena","INDEC","900133","Yerba Buena","90119030","90119030","Yerba Buena","Yerba Buena - Marcos Paz","90","Tucumán"
"Localidad simple",-26.877358909,-66.047409811,"10091","Santa María","INDEC","100203","San José","10091010","10091010","Andalhualá","Andalhualá","10","Catamarca"
"Localidad simple",-26.721940949,-66.066941137,"10091","Santa María","INDEC","100210","Santa María","10091030","10091030","Chañar Punco","Chañar Punco","10","Catamarca"
"Localidad simple",-26.883232729,-66.101663459,"10091","Santa María","INDEC","100203","San José","10091050","10091050","El Desmonte","El Desmonte","10","Catamarca"
"Localidad simple",-26.677248296,-66.04058805,"10091","Santa María","INDEC","100210","Santa María","10091060","10091060","El Puesto","El Puesto","10","Catamarca"
"Localidad simple",-26.768363372,-66.082603147,"10091","Santa María","INDEC","100203","San José","10091070","10091070","Famatanca","Famatanca","10","Catamarca"
"Localidad simple",-26.695690849,-66.066651978,"10091","Santa María","INDEC","100210","Santa María","10091110","10091110","Las Mojarras","Las Mojarras","10","Catamarca"
"Localidad simple",-26.953387115,-66.136231793,"10091","Santa María","INDEC","100203","San José","10091130","10091130","Punta de Balasto","Punta de Balasto","10","Catamarca"
"Localidad simple",-26.80124478,-66.069733311,"10091","Santa María","INDEC","100203","San José","10091140","10091140","San José","San José","10","Catamarca"
"Localidad simple",-26.694525092,-66.047966934,"10091","Santa María","INDEC","100210","Santa María","10091150","10091150","Santa María","Santa María","10","Catamarca"
"Localidad simple",-26.834037549,-66.033601546,"10091","Santa María","INDEC","100203","San José","10091160","10091160","Yapes","Yapes","10","Catamarca"
"Localidad simple",-27.05033755,-65.487702719,"90070","Monteros","INDEC","908448","Teniente Berdina","90070090","90070090","Teniente Berdina","Teniente Berdina","90","Tucumán"
"Localidad simple",-27.219521104,-65.52732927,"90070","Monteros","INDEC","908406","León Rouges y Santa Rosa","90070040","90070040","Pueblo Independencia","Pueblo Independencia","90","Tucumán"
"Localidad simple",-27.190069926,-65.604732387,"90070","Monteros","INDEC","908392","Capitán Cáceres","90070020","90070020","Capitán Cáceres","Capitán Cáceres","90","Tucumán"
"Localidad simple",-27.144104076,-65.565435782,"90070","Monteros","INDEC","908441","Soldado Maldonado","90070080","90070080","Soldado Maldonado","Soldado Maldonado","90","Tucumán"
"Localidad simple",-27.228154384,-65.660016711,"90070","Monteros","INDEC","908434","Sargento Moya","90070070","90070070","Sargento Moya","Sargento Moya","90","Tucumán"
"Componente de localidad compuesta",-27.26840118,-65.557353955,"90070","Monteros","INDEC","908420","Río Seco","90070050","90070050","Río Seco","Río Seco","90","Tucumán"
"Componente de localidad compuesta",-27.252889145,-65.54920352,"90070","Monteros","INDEC","908455","Villa Quinteros","90070100","90070100","Villa Quinteros","Villa Quinteros","90","Tucumán"
"Localidad simple",-27.092774371,-65.532518397,"90070","Monteros","INDEC","908427","Santa Lucía","90070060","90070060","Santa Lucía","Santa Lucía","90","Tucumán"
"Localidad simple",-27.16528714,-65.497218288,"90070","Monteros","INDEC","900084","Monteros","90070030","90070030","Monteros","Monteros","90","Tucumán"
"Localidad simple",-26.851944894,-65.710690161,"90098","Tafí del Valle","INDEC","900105","Tafí del Valle","90098040","90098040","Tafí del Valle","Tafí del Valle","90","Tucumán"
"Localidad simple",-26.939796158,-65.709194971,"90098","Tafí del Valle","INDEC","908581","El Mollar","90098030","90098030","El Mollar","El Mollar","90","Tucumán"
"Localidad simple",-28.106287028,-65.31925669,"10098","Santa Rosa","INDEC","100217","Santa Rosa","10098020","10098020","Bañado de Ovanta","Bañado de Ovanta","10","Catamarca"
"Localidad simple",-28.204722358,-65.214386235,"10098","Santa Rosa","INDEC","100217","Santa Rosa","10098030","10098030","Las Cañas","Las Cañas","10","Catamarca"
"Componente de localidad compuesta",-28.195029894,-65.114334947,"10098","Santa Rosa","INDEC","100217","Santa Rosa","10098040","10098040","Lavalle","Lavalle","10","Catamarca"
"Componente de localidad compuesta",-27.956622281,-65.171175039,"10098","Santa Rosa","INDEC","100217","Santa Rosa","10098070","10098070","San Pedro","San Pedro","10","Catamarca"
"Componente de localidad compuesta",-28.194511097,-65.10766565,"86084","Guasayán","INDEC","866147","Lavalle","86084010","86084010","Lavalle","Lavalle","86","Santiago del Estero"
"Componente de localidad compuesta",-27.95589693,-65.168496153,"86084","Guasayán","INDEC","","","86084020","86084020","San Pedro","San Pedro","86","Santiago del Estero"
"Localidad simple",-27.458402318,-64.907771753,"86147","Río Hondo","INDEC","","","86147090","86147090","Mansupa","Mansupa","86","Santiago del Estero"
"Localidad simple",-27.414801325,-64.94077123,"86147","Río Hondo","INDEC","866574","Colonia Tinco","86147030","86147030","Colonia Tinco","Colonia Tinco","86","Santiago del Estero"
"Localidad simple",-27.44217907,-64.946108823,"86147","Río Hondo","INDEC","","","86147060","86147060","La Nueva Donosa","La Nueva Donosa","86","Santiago del Estero"
"Localidad simple",-27.514297064,-64.906949647,"86147","Río Hondo","INDEC","","","86147160","86147160","Villa Turística del Embalse","Villa Turística del Embalse de Rio Hondo","86","Santiago del Estero"
"Localidad simple",-27.835068384,-65.19460177,"90035","Graneros","INDEC","908210","Taco Ralo","90035030","90035030","Taco Ralo","Taco Ralo","90","Tucumán"
"Localidad simple",-27.645065055,-65.246850324,"90035","Graneros","INDEC","908203","Lamadrid","90035020","90035020","Lamadrid","Lamadrid","90","Tucumán"
"Localidad simple",-27.434081537,-65.16424076,"90091","Simoca","INDEC","908553","Villa Chicligasta","90091060","90091060","Villa Chicligasta","Villa Chicligasta","90","Tucumán"
"Localidad simple",-27.510776782,-65.27732954,"90091","Simoca","INDEC","908518","Monteagudo","90091020","90091020","Monteagudo","Monteagudo","90","Tucumán"
"Localidad simple",-27.416867355,-65.286681154,"90091","Simoca","INDEC","908490","Atahona","90091010","90091010","Atahona","Atahona","90","Tucumán"
"Localidad simple",-34.044794887,-59.196149154,"06882","Zárate","INDEC","060882","Zárate","06882040","06882040","Lima","Lima","06","Buenos Aires"
"Localidad simple",-34.09580509,-59.024323231,"06882","Zárate","INDEC","060882","Zárate","06882050","06882050","Zárate","Zárate","06","Buenos Aires"
"Localidad simple",-32.82470911,-59.239118153,"30049","Gualeguay","INDEC","302383","Aldea Asunción","30049010","30049010","Aldea Asunción","Aldea Asunción","30","Entre Ríos"
"Localidad simple",-32.87081324,-59.422330369,"30049","Gualeguay","INDEC","","","30049020","30049020","Estación Lazo","Estación Lazo","30","Entre Ríos"
"Localidad simple",-32.720484663,-59.39570656,"30049","Gualeguay","INDEC","300168","General Galarza","30049030","30049030","General Galarza","General Galarza","30","Entre Ríos"
"Localidad simple",-33.15043008,-59.310575586,"30049","Gualeguay","INDEC","300175","Gualeguay","30049040","30049040","Gualeguay","Gualeguay","30","Entre Ríos"
"Localidad simple",-33.221824173,-59.36546489,"30049","Gualeguay","INDEC","300175","Gualeguay","30049050","30049050","Puerto Ruiz","Puerto Ruiz","30","Entre Ríos"
"Localidad simple",-32.625174726,-58.70442364,"30056","Gualeguaychú","INDEC","300182","Aldea San Antonio","30056010","30056010","Aldea San Antonio","Aldea San Antonio","30","Entre Ríos"
"Localidad simple",-32.695958313,-58.771751966,"30056","Gualeguaychú","INDEC","302453","Aldea San Juan","30056020","30056020","Aldea San Juan","Aldea San Juan","30","Entre Ríos"
"Localidad simple",-33.145461072,-59.208055823,"30056","Gualeguaychú","INDEC","300184","Enrique Carbó","30056030","30056030","Enrique Carbó","Enrique Carbó","30","Entre Ríos"
"Localidad simple",-32.592130204,-58.905928284,"30056","Gualeguaychú","INDEC","309355","Estación Escriña","30056035","30056035","Estación Escriña","Estación Escriña","30","Entre Ríos"
"Localidad simple",-32.804430236,-58.882633679,"30056","Gualeguaychú","INDEC","302512","Estación Parera","30056040","30056040","Faustino M. Parera","Faustino M. Parera","30","Entre Ríos"
"Localidad simple",-32.83738899,-58.802648974,"30056","Gualeguaychú","INDEC","309365","General Almada","30056050","30056050","General Almada","General Almada","30","Entre Ríos"
"Localidad simple",-32.535832166,-58.934009989,"30056","Gualeguaychú","INDEC","300185","Gilbert","30056060","30056060","Gilbert","Gilbert","30","Entre Ríos"
"Componente de localidad compuesta",-33.007797697,-58.510770086,"30056","Gualeguaychú","INDEC","300189","Gualeguaychú","30056070","30056070","Gualeguaychú","Gualeguaychú","30","Entre Ríos"
"Localidad simple",-32.92586532,-58.949648514,"30056","Gualeguaychú","INDEC","302526","Irazusta","30056080","30056080","Irazusta","Irazusta","30","Entre Ríos"
"Localidad simple",-33.036521531,-58.999086203,"30056","Gualeguaychú","INDEC","300196","Larroque","30056090","30056090","Larroque","Larroque","30","Entre Ríos"
"Localidad simple",-32.770237103,-58.906294384,"30056","Gualeguaychú","INDEC","302512","Estación Parera","30056095","30056095","Pastor Britos","Pastor Britos","30","Entre Ríos"
"Componente de localidad compuesta",-33.01737328,-58.475033211,"30056","Gualeguaychú","INDEC","300199","Pueblo General Belgrano","30056100","30056100","Pueblo General Belgrano","Pueblo General Belgrano","30","Entre Ríos"
"Localidad simple",-32.691046099,-58.888420076,"30056","Gualeguaychú","INDEC","300203","Urdinarrain","30056110","30056110","Urdinarrain","Urdinarrain","30","Entre Ríos"
"Localidad simple",-33.499414342,-58.800355262,"30063","Islas del Ibicuy","INDEC","300210","Ceibas","30063020","30063020","Ceibas","Ceibas","30","Entre Ríos"
"Localidad simple",-33.742476857,-59.157590208,"30063","Islas del Ibicuy","INDEC","300217","Ibicuy","30063030","30063030","Ibicuy","Ibicuy","30","Entre Ríos"
"Localidad simple",-33.435774048,-59.068857296,"30063","Islas del Ibicuy","INDEC","309405","Médanos","30063040","30063040","Médanos","Médanos","30","Entre Ríos"
"Localidad simple",-33.715603477,-58.6652645,"30063","Islas del Ibicuy","INDEC","300224","Villa Paranacito","30063060","30063060","Villa Paranacito","Villa Paranacito","30","Entre Ríos"
"Localidad simple",-32.635031039,-59.401503424,"30091","Tala","INDEC","309795","Arroyo Clé","30091030","30091030","Arroyo Clé","Estación Arroyo Clé","30","Entre Ríos"
"Localidad simple",-32.545435872,-59.356618806,"30091","Tala","INDEC","300392","Gobernador Mansilla","30091050","30091050","Gobernador Mansilla","Gobernador Mansilla","30","Entre Ríos"
"Localidad simple",-32.462118892,-58.479321323,"30098","Uruguay","INDEC","300420","Caseros","30098020","30098020","Caseros","Caseros","30","Entre Ríos"
"Localidad simple",-32.670403334,-58.325351359,"30098","Uruguay","INDEC","300423","Colonia Elía","30098030","30098030","Colonia Elía","Colonia Elía","30","Entre Ríos"
"Localidad simple",-32.484661266,-58.232120779,"30098","Uruguay","INDEC","300427","Concepción del Uruguay","30098040","30098040","Concepción del Uruguay","Concepción del Uruguay","30","Entre Ríos"
"Localidad simple",-32.433784475,-58.634653236,"30098","Uruguay","INDEC","300434","Herrera","30098060","30098060","Herrera","Herrera","30","Entre Ríos"
"Localidad simple",-32.445604455,-58.435429769,"30098","Uruguay","INDEC","300448","San Justo","30098140","30098140","San Justo","Villa San Justo","30","Entre Ríos"
"Localidad simple",-24.148753512,-60.689961406,"34007","Bermejo","INDEC","340133","Las Lomitas","34007003","34007003","Fortín Soledad","Fortín Soledad","34","Formosa"
"Localidad simple",-23.672947932,-61.163607603,"34007","Bermejo","INDEC","340007","Laguna Yema","34007005","34007005","Guadalcazar","Guadalcazar","34","Formosa"
"Localidad simple",-24.255524629,-61.241985111,"34007","Bermejo","INDEC","340007","Laguna Yema","34007010","34007010","Laguna Yema","Laguna Yema","34","Formosa"
"Localidad simple",-23.896946974,-60.754546867,"34007","Bermejo","INDEC","340133","Las Lomitas","34007015","34007015","Lamadrid","Lamadrid","34","Formosa"
"Localidad simple",-24.098814349,-61.461974295,"34007","Bermejo","INDEC","345007","Los Chiriguanos","34007020","34007020","Los Chiriguanos","Los Chiriguanos","34","Formosa"
"Localidad simple",-24.407167571,-61.026207823,"34007","Bermejo","INDEC","340007","Laguna Yema","34007040","34007040","Pozo del Mortero","Pozo del Mortero","34","Formosa"
"Localidad simple",-24.286422629,-59.8276786,"34035","Patiño","INDEC","345042","Fortín Lugones","34035060","34035060","Fortín Cabo 1º Lugones","Fortín Cabo 1º Lugones","34","Formosa"
"Localidad simple",-24.210788936,-60.197262428,"34035","Patiño","INDEC","345042","Fortín Lugones","34035110","34035110","Posta Cambio Zalazar","Posta Cambio Zalazar","34","Formosa"
"Localidad simple",-24.433734103,-59.654904791,"34035","Patiño","INDEC","340147","San Martín Dos","34035140","34035140","San Martín Dos","San Martín II","34","Formosa"
"Localidad simple",-30.641007569,-66.242631721,"46063","General Belgrano","INDEC","460063","General Belgrano","46063030","46063030","Loma Blanca","Loma Blanca","46","La Rioja"
"Localidad simple",-30.541440759,-65.956064208,"46063","General Belgrano","INDEC","460063","General Belgrano","46063020","46063020","Chañar","Chañar","46","La Rioja"
"Localidad simple",-30.630676407,-66.267251085,"46063","General Belgrano","INDEC","460063","General Belgrano","46063040","46063040","Olta","Olta","46","La Rioja"
"Localidad simple",-30.836906371,-66.701802673,"46070","General Juan Facundo Quiroga","INDEC","460070","General Juan Facundo Quiroga","46070030","46070030","Portezuelo","Portezuelo","46","La Rioja"
"Localidad simple",-30.804670547,-66.604234252,"46070","General Juan Facundo Quiroga","INDEC","460070","General Juan Facundo Quiroga","46070010","46070010","Malanzán","Malanzán","46","La Rioja"
"Localidad simple",-30.85290735,-66.424951296,"46070","General Juan Facundo Quiroga","INDEC","460070","General Juan Facundo Quiroga","46070020","46070020","Nácate","Nácate","46","La Rioja"
"Localidad simple",-31.085345617,-66.731592082,"46070","General Juan Facundo Quiroga","INDEC","460070","General Juan Facundo Quiroga","46070040","46070040","San Antonio","San Antonio","46","La Rioja"
"Localidad simple",-31.005816576,-65.992395166,"46084","General Ortiz de Ocampo","INDEC","460084","General Ortiz de Ocampo","46084030","46084030","Milagro","Milagro","46","La Rioja"
"Localidad simple",-31.129579112,-66.343920837,"46084","General Ortiz de Ocampo","INDEC","460084","General Ortiz de Ocampo","46084010","46084010","Ambil","Ambil","46","La Rioja"
"Localidad simple",-30.962785081,-66.17669303,"46084","General Ortiz de Ocampo","INDEC","460084","General Ortiz de Ocampo","46084020","46084020","Colonia Ortiz de Ocampo","Colonia Ortiz de Ocampo","46","La Rioja"
"Localidad simple",-30.806183145,-66.243957452,"46084","General Ortiz de Ocampo","INDEC","460084","General Ortiz de Ocampo","46084040","46084040","Olpas","Olpas","46","La Rioja"
"Localidad simple",-30.954712505,-66.220689325,"46084","General Ortiz de Ocampo","INDEC","460084","General Ortiz de Ocampo","46084050","46084050","Santa Rita de Catuna","Santa Rita de Catuna","46","La Rioja"
"Localidad simple",-31.57274656,-66.237533257,"46091","General San Martín","INDEC","460091","General San Martín","46091010","46091010","Ulapes","Ulapes","46","La Rioja"
"Localidad simple",-31.340973587,-66.591923156,"46112","Rosario Vera Peñaloza","INDEC","460112","Rosario Vera Peñaloza","46112010","46112010","Chepes","Chepes","46","La Rioja"
"Localidad simple",-31.212496849,-66.31443074,"46112","Rosario Vera Peñaloza","INDEC","460112","Rosario Vera Peñaloza","46112020","46112020","Desiderio Tello","Desiderio Tello","46","La Rioja"
"Localidad simple",-32.061268221,-65.824815266,"74007","Ayacucho","INDEC","740007","Candelaria","74007010","74007010","Candelaria","Candelaria","74","San Luis"
"Localidad simple",-31.448212463,-68.541203009,"70007","Albardón","INDEC","700007","Albardón","70007010","70007010","El Rincón","El Rincón","70","San Juan"
"Localidad simple",-31.439784762,-68.520386679,"70007","Albardón","INDEC","700007","Albardón","70007020","70007020","Villa General San Martín - Campo Afuera","Villa General San Martín - Campo Afuera","70","San Juan"
"Componente de localidad compuesta",-31.453269651,-68.40376008,"70014","Angaco","INDEC","700014","Angaco","70014020","70014020","Villa El Salvador - Villa Sefair","Villa El Salvador - Villa Sefair","70","San Juan"
"Localidad simple",-31.410387096,-68.399309845,"70014","Angaco","INDEC","700014","Angaco","70014010","70014010","Las Tapias","Las Tapias","70","San Juan"
"Componente de localidad compuesta",-31.537259036,-68.525017206,"70028","Capital","INDEC","700028","San Juan","70028010","70028010","San Juan","San Juan","70","San Juan"
"Localidad simple",-31.588505209,-67.656992499,"70035","Caucete","INDEC","700035","Caucete","70035010","70035010","Bermejo","Bermejo","70","San Juan"
"Localidad simple",-31.651480611,-68.281978511,"70035","Caucete","INDEC","700035","Caucete","70035020","70035020","Caucete","Caucete","70","San Juan"
"Localidad simple",-31.596786098,-68.275178788,"70035","Caucete","INDEC","700035","Caucete","70035040","70035040","Las Talas - Los Médanos","Las Talas - Los Médanos","70","San Juan"
"Localidad simple",-31.661265178,-68.219700178,"70035","Caucete","INDEC","700035","Caucete","70035060","70035060","Pie de Palo","Pie de Palo","70","San Juan"
"Localidad simple",-31.734640519,-67.982870671,"70035","Caucete","INDEC","700035","Caucete","70035070","70035070","Vallecito","Vallecito","70","San Juan"
"Localidad simple",-31.624583019,-68.313925469,"70035","Caucete","INDEC","700035","Caucete","70035080","70035080","Villa Independencia","Villa Independencia","70","San Juan"
"Localidad simple",-31.463440255,-67.351506831,"70035","Caucete","INDEC","700035","Caucete","70035050","70035050","Marayes","Marayes","70","San Juan"
"Localidad simple",-31.670130607,-68.317305806,"70035","Caucete","INDEC","700035","Caucete","70035030","70035030","El Rincón","El Rincón","70","San Juan"
"Componente de localidad compuesta",-31.493266302,-68.53256519,"70042","Chimbas","INDEC","700042","Chimbas","70042010","70042010","Chimbas","Chimbas","70","San Juan"
"Localidad simple",-30.695384637,-68.360307617,"70056","Jáchal","INDEC","700056","Jáchal","70056040","70056040","Mogna","Mogna","70","San Juan"
"Componente de localidad compuesta",-31.538932967,-68.413921101,"70063","9 de Julio","INDEC","700063","9 de Julio","70063010","70063010","Alto de Sierra","Alto de Sierra","70","San Juan"
"Localidad simple",-31.594193519,-68.400512529,"70063","9 de Julio","INDEC","700063","9 de Julio","70063030","70063030","Las Chacritas","Las Chacritas","70","San Juan"
"Localidad simple",-31.669750518,-68.39004171,"70063","9 de Julio","INDEC","700063","9 de Julio","70063040","70063040","9 de Julio","9 de Julio","70","San Juan"
"Localidad simple",-31.695055263,-68.573253973,"70070","Pocito","INDEC","700070","Pocito","70070060","70070060","Villa Centenario","Villa Centenario","70","San Juan"
"Localidad simple",-31.859042298,-68.536945449,"70070","Pocito","INDEC","700070","Pocito","70070010","70070010","Barrio Ruta 40","Barrio Ruta 40","70","San Juan"
"Localidad simple",-31.65804257,-68.579413431,"70070","Pocito","INDEC","700070","Pocito","70070040","70070040","Villa Aberastain - La Rinconada","Villa Aberastain - La Rinconada","70","San Juan"
"Localidad simple",-31.819219879,-68.541344785,"70070","Pocito","INDEC","700070","Pocito","70070020","70070020","Carpintería","Carpintería","70","San Juan"
"Componente de localidad compuesta",-31.596436238,-68.542632758,"70070","Pocito","INDEC","700070","Pocito","70070050","70070050","Villa Barboza - Villa Nacusi","Villa Barboza - Villa Nacusi","70","San Juan"
"Localidad simple",-31.613321526,-68.601203106,"70070","Pocito","INDEC","700070","Pocito","70070030","70070030","Quinto Cuartel","Quinto Cuartel","70","San Juan"
"Localidad simple",-31.752800799,-68.553127262,"70070","Pocito","INDEC","700070","Pocito","70070005","70070005","Barrio Municipal","Barrio Municipal","70","San Juan"
"Componente de localidad compuesta",-31.581887286,-68.542113859,"70077","Rawson","INDEC","700077","Rawson","70077010","70077010","Rawson","Rawson","70","San Juan"
"Localidad simple",-31.628935674,-68.480377306,"70077","Rawson","INDEC","700077","Rawson","70077020","70077020","Villa Bolaños","Villa Bolaños (Médano de Oro)","70","San Juan"
"Componente de localidad compuesta",-31.53244252,-68.597140608,"70084","Rivadavia","INDEC","700084","Rivadavia","70084010","70084010","Rivadavia","Rivadavia","70","San Juan"
"Localidad simple",-31.494856547,-68.416819206,"70091","San Martín","INDEC","700091","San Martín","70091020","70091020","Dos Acequias","Dos Acequias","70","San Juan"
"Localidad simple",-31.553816095,-68.338975493,"70091","San Martín","INDEC","700091","San Martín","70091060","70091060","Villa Don Bosco","Villa Don Bosco","70","San Juan"
"Localidad simple",-31.559162298,-68.30050206,"70091","San Martín","INDEC","700091","San Martín","70091050","70091050","Villa Dominguito","Villa Dominguito","70","San Juan"
"Localidad simple",-31.516685032,-68.350119443,"70091","San Martín","INDEC","700091","San Martín","70091070","70091070","Villa San Martín","Villa San Martín","70","San Juan"
"Localidad simple",-31.53421478,-68.398474265,"70091","San Martín","INDEC","700091","San Martín","70091010","70091010","Barrio SADOP - Bella Vista","Barrio Sadop - Bella Vista","70","San Juan"
"Componente de localidad compuesta",-31.465280777,-68.411157688,"70091","San Martín","INDEC","700091","San Martín","70091040","70091040","Villa del Salvador","Villa del Salvador","70","San Juan"
"Localidad simple",-31.487148616,-68.324786527,"70091","San Martín","INDEC","700091","San Martín","70091030","70091030","San Isidro","San Isidro","70","San Juan"
"Componente de localidad compuesta",-31.540541852,-68.49786893,"70098","Santa Lucía","INDEC","700098","Santa Lucía","70098010","70098010","Santa Lucía","Santa Lucía","70","San Juan"
"Localidad simple",-31.952830718,-68.654147469,"70105","Sarmiento","INDEC","700105","Sarmiento","70105070","70105070","Los Berros","Los Berros","70","San Juan"
"Localidad simple",-31.985127177,-68.548663309,"70105","Sarmiento","INDEC","700105","Sarmiento","70105010","70105010","Cañada Honda","Cañada Honda","70","San Juan"
"Localidad simple",-32.077161085,-68.693531008,"70105","Sarmiento","INDEC","700105","Sarmiento","70105020","70105020","Cienaguita","Cienaguita","70","San Juan"
"Localidad simple",-31.902206559,-68.470713211,"70105","Sarmiento","INDEC","700105","Sarmiento","70105030","70105030","Colonia Fiscal","Colonia Fiscal","70","San Juan"
"Localidad simple",-31.894183386,-68.418761032,"70105","Sarmiento","INDEC","700105","Sarmiento","70105090","70105090","Punta del Médano","Punta del Médano","70","San Juan"
"Localidad simple",-31.981446827,-68.426672744,"70105","Sarmiento","INDEC","700105","Sarmiento","70105100","70105100","Villa Media Agua","Villa Media Agua","70","San Juan"
"Localidad simple",-31.996410287,-68.763950032,"70105","Sarmiento","INDEC","700105","Sarmiento","70105080","70105080","Pedernal","Pedernal","70","San Juan"
"Localidad simple",-32.007271723,-68.693871725,"70105","Sarmiento","INDEC","700105","Sarmiento","70105040","70105040","Divisadero","Divisadero","70","San Juan"
"Localidad simple",-32.044149347,-68.367960456,"70105","Sarmiento","INDEC","700105","Sarmiento","70105060","70105060","Las Lagunas","Las Lagunas","70","San Juan"
"Localidad simple",-31.465692425,-68.734714267,"70112","Ullum","INDEC","700112","Ullum","70112010","70112010","Villa Ibáñez","Villa Ibáñez","70","San Juan"
"Localidad simple",-31.069416137,-67.282111243,"70119","Valle Fértil","INDEC","700119","Valle Fértil","70119030","70119030","Chucuma","Chucuma","70","San Juan"
"Localidad simple",-30.634640561,-67.467821288,"70119","Valle Fértil","INDEC","700119","Valle Fértil","70119060","70119060","Villa San Agustín","Villa San Agustín","70","San Juan"
"Localidad simple",-30.955056193,-67.304474781,"70119","Valle Fértil","INDEC","700119","Valle Fértil","70119010","70119010","Astica","Astica","70","San Juan"
"Localidad simple",-32.217057209,-67.795767069,"70126","25 de Mayo","INDEC","700126","25 de Mayo","70126010","70126010","El Encón","El Encón","70","San Juan"
"Localidad simple",-31.810153688,-68.3284492,"70126","25 de Mayo","INDEC","700126","25 de Mayo","70126030","70126030","Villa Borjas - La Chimbera","Villa Borjas - La Chimbera","70","San Juan"
"Localidad simple",-31.744817771,-68.31429108,"70126","25 de Mayo","INDEC","700126","25 de Mayo","70126050","70126050","Villa Santa Rosa","Villa Santa Rosa","70","San Juan"
"Localidad simple",-31.749256303,-68.23608654,"70126","25 de Mayo","INDEC","700126","25 de Mayo","70126040","70126040","Villa El Tango","Villa El Tango","70","San Juan"
"Localidad simple",-31.550210096,-68.731328594,"70133","Zonda","INDEC","700133","Zonda","70133010","70133010","Villa Basilio Nievas","Villa Basilio Nievas","70","San Juan"
"Localidad simple",-39.238469802,-70.915952619,"58007","Aluminé","INDEC","580007","Aluminé","58007010","58007010","Aluminé","Aluminé","58","Neuquén"
"Localidad simple",-38.942119232,-71.329011951,"58007","Aluminé","INDEC","580252","Villa Pehuenia","58007015","58007015","Moquehue","Moquehue","58","Neuquén"
"Localidad simple",-38.882063027,-71.173153212,"58007","Aluminé","INDEC","580252","Villa Pehuenia","58007020","58007020","Villa Pehuenia","Villa Pehuenia","58","Neuquén"
"Localidad simple",-39.556406849,-70.594152662,"58021","Catán Lil","INDEC","580028","Las Coloradas","58021010","58021010","Las Coloradas","Las Coloradas","58","Neuquén"
"Localidad simple",-40.048479475,-70.075016026,"58028","Collón Curá","INDEC","580035","Piedra del Águila","58028010","58028010","Piedra del Águila","Piedra del Águila","58","Neuquén"
"Localidad simple",-39.820743846,-70.100517315,"58028","Collón Curá","INDEC","585035","Santo Tomás","58028020","58028020","Santo Tomás","Santo Tomás","58","Neuquén"
"Localidad simple",-39.950884943,-71.07086358,"58049","Huiliches","INDEC","580112","Junín de los Andes","58049010","58049010","Junín de los Andes","Junín de los Andes","58","Neuquén"
"Localidad simple",-40.156937939,-71.352714326,"58056","Lácar","INDEC","580119","San Martín de los Andes","58056010","58056010","San Martín de los Andes","San Martín de los Andes","58","Neuquén"
"Localidad simple",-40.383250927,-71.253397816,"58056","Lácar","INDEC","","","58056020","58056020","Villa Lago Meliquina","Villa Lago Meliquina","58","Neuquén"
"Localidad simple",-37.936840956,-70.100367124,"58063","Loncopué","INDEC","585063","Chorriaca","58063010","58063010","Chorriaca","Chorriaca","58","Neuquén"
"Localidad simple",-38.073089622,-70.61444659,"58063","Loncopué","INDEC","580126","Loncopué","58063020","58063020","Loncopué","Loncopué","58","Neuquén"
"Localidad simple",-40.654358109,-71.400039168,"58070","Los Lagos","INDEC","585070","Villa Traful","58070020","58070020","Villa Traful","Villa Traful","58","Neuquén"
"Localidad simple",-37.871079702,-71.055058253,"58084","Ñorquín","INDEC","580168","Caviahue - Copahue","58084010","58084010","Caviahue","Caviahue","58","Neuquén"
"Localidad simple",-37.8188588,-71.098778599,"58084","Ñorquín","INDEC","580168","Caviahue - Copahue","58084020","58084020","Copahue","Copahue","58","Neuquén"
"Localidad simple",-37.644907696,-70.581024799,"58084","Ñorquín","INDEC","580182","El Huecú","58084040","58084040","El Huecú","El Huecú","58","Neuquén"
"Localidad simple",-39.338783703,-69.843596696,"58098","Picún Leufú","INDEC","585119","Paso Aguerre","58098010","58098010","Paso Aguerre","Paso Aguerre","58","Neuquén"
"Localidad simple",-38.40743814,-70.033105591,"58105","Picunches","INDEC","580224","Bajada del Agrio","58105010","58105010","Bajada del Agrio","Bajada del Agrio","58","Neuquén"
"Localidad simple",-38.552230388,-70.369430961,"58105","Picunches","INDEC","580231","Las Lajas","58105020","58105020","La Buitrera","La Buitrera","58","Neuquén"
"Localidad simple",-38.523414946,-70.361640644,"58105","Picunches","INDEC","580231","Las Lajas","58105030","58105030","Las Lajas","Las Lajas","58","Neuquén"
"Localidad simple",-38.326149936,-69.813541099,"58105","Picunches","INDEC","585126","Quili Malal","58105040","58105040","Quili Malal","Quili Malal","58","Neuquén"
"Localidad simple",-38.83735609,-70.198417632,"58112","Zapala","INDEC","585140","Los Catutos","58112010","58112010","Los Catutos","Los Catutos","58","Neuquén"
"Localidad simple",-38.761336255,-70.036359662,"58112","Zapala","INDEC","580238","Mariano Moreno","58112020","58112020","Mariano Moreno","Mariano Moreno","58","Neuquén"
"Localidad simple",-38.902934355,-70.064211217,"58112","Zapala","INDEC","580245","Zapala","58112040","58112040","Zapala","Zapala","58","Neuquén"
"Localidad simple",-40.423641317,-69.614527411,"62035","El Cuy","INDEC","625070","Mencué","62035050","62035050","Mencué","Mencué","62","Río Negro"
"Localidad simple",-39.830224744,-69.509124071,"62035","El Cuy","INDEC","625098","Naupa Huen","62035060","62035060","Naupa Huen","Naupa Huen","62","Río Negro"
"Localidad simple",-39.98185576,-68.873867888,"62035","El Cuy","INDEC","625077","Aguada Guzmán","62035010","62035010","Aguada Guzmán","Aguada Guzmán","62","Río Negro"
"Localidad simple",-36.230195151,-66.938973642,"42049","Chalileo","INDEC","420329","Santa Isabel","42049010","42049010","Santa Isabel","Santa Isabel","42","La Pampa"
"Localidad simple",-36.34903888,-68.013520726,"42063","Chical Co","INDEC","420196","La Humada","42063020","42063020","La Humada","La Humada","42","La Pampa"
"Localidad simple",-37.551184545,-66.227108865,"42091","Limay Mahuida","INDEC","425077","La Reforma","42091010","42091010","La Reforma","La Reforma","42","La Pampa"
"Localidad simple",-35.468373998,-69.584707553,"50077","Malargüe","INDEC","500077","Malargüe","50077040","50077040","Malargüe","Malargüe","50","Mendoza"
"Localidad simple",-35.147610614,-70.082130749,"50077","Malargüe","INDEC","500077","Malargüe","50077030","50077030","Las Leñas","Las Leñas","50","Mendoza"
"Localidad simple",-34.910291579,-67.820477321,"50105","San Rafael","INDEC","500105","San Rafael","50105110","50105110","Jaime Prats","Jaime Prats","50","Mendoza"
"Localidad simple",-35.527636001,-68.078559731,"50105","San Rafael","INDEC","500105","San Rafael","50105170","50105170","Punta del Agua","Punta del Agua","50","Mendoza"
"Localidad simple",-37.374827881,-70.276331075,"58042","Chos Malal","INDEC","580098","Chos Malal","58042010","58042010","Chos Malal","Chos Malal","58","Neuquén"
"Localidad simple",-37.044736731,-70.32482026,"58042","Chos Malal","INDEC","580105","Tricao Malal","58042020","58042020","Tricao Malal","Tricao Malal","58","Neuquén"
"Localidad simple",-37.131143383,-70.397733822,"58042","Chos Malal","INDEC","585056","Villa Curi Leuvú","58042030","58042030","Los Menucos","Villa del Curi Leuvú","58","Neuquén"
"Localidad simple",-37.179745045,-70.669959796,"58077","Minas","INDEC","580140","Andacollo","58077010","58077010","Andacollo","Andacollo","58","Neuquén"
"Localidad simple",-36.988972916,-70.749520791,"58077","Minas","INDEC","580154","Las Ovejas","58077030","58077030","Las Ovejas","Las Ovejas","58","Neuquén"
"Localidad simple",-37.205444005,-70.819223195,"58077","Minas","INDEC","580161","Los Miches","58077040","58077040","Los Miches","Los Miches","58","Neuquén"
"Localidad simple",-36.753091528,-70.763213858,"58077","Minas","INDEC","585084","Manzano Amargo","58077050","58077050","Manzano Amargo","Manzano Amargo","58","Neuquén"
"Localidad simple",-37.120280497,-70.770019635,"58077","Minas","INDEC","585098","Villa del Nahueve","58077070","58077070","Los Carrizos","Villa del Nahueve","58","Neuquén"
"Localidad simple",-37.16073741,-70.624091503,"58077","Minas","INDEC","580147","Huinganco","58077020","58077020","Huinganco","Huinganco","58","Neuquén"
"Localidad simple",-36.854788152,-70.678151974,"58077","Minas","INDEC","585091","Varvarco - Invernada Vieja","58077060","58077060","Varvarco","Varvarco","58","Neuquén"
"Localidad simple",-37.441481036,-70.64544559,"58084","Ñorquín","INDEC","580175","El Cholar","58084030","58084030","El Cholar","El Cholar","58","Neuquén"
"Localidad simple",-37.517446618,-70.248757275,"58084","Ñorquín","INDEC","580189","Taquimilán","58084050","58084050","Taquimilán","Taquimilán","58","Neuquén"
"Localidad simple",-36.821283998,-69.915284287,"58091","Pehuenches","INDEC","580196","Barrancas","58091010","58091010","Barrancas","Barrancas","58","Neuquén"
"Localidad simple",-37.0516079,-69.877794918,"58091","Pehuenches","INDEC","580203","Buta Ranquil","58091020","58091020","Buta Ranquil","Buta Ranquil","58","Neuquén"
"Localidad simple",-35.712453031,-66.353856587,"74042","Gobernador Dupuy","INDEC","","","74042100","74042100","Martín de Loyola","Martín de Loyola","74","San Luis"
"Localidad simple",-35.877477917,-66.453175847,"74042","Gobernador Dupuy","INDEC","","","74042090","74042090","Los Overos","Los Overos","74","San Luis"
"Localidad simple",-35.213922352,-66.329486114,"74042","Gobernador Dupuy","INDEC","","","74042080","74042080","La Maroma","La Maroma","74","San Luis"
"Localidad simple",-27.095675651,-54.893417614,"54014","Cainguás","INDEC","540035","Aristóbulo del Valle","54014010","54014010","Aristóbulo del Valle","Aristóbulo del Valle","54","Misiones"
"Localidad simple",-27.207959476,-54.9797024,"54014","Cainguás","INDEC","540042","Campo Grande","54014020","54014020","Campo Grande","Campo Grande","54","Misiones"
"Localidad simple",-27.013338352,-54.608156134,"54014","Cainguás","INDEC","540049","Dos de Mayo","54014050","54014050","Barrio Bernardino Rivadavia","Dos de Mayo Nucleo III (Bº Bernardino Rivadavia)","54","Misiones"
"Localidad simple",-27.167990846,-55.029062705,"54014","Cainguás","INDEC","540042","Campo Grande","54014060","54014060","1° de Mayo","1º de Mayo","54","Misiones"
"Localidad simple",-27.152577496,-54.560736192,"54014","Cainguás","INDEC","540049","Dos de Mayo","54014070","54014070","Pueblo Illia","Pueblo Illia","54","Misiones"
"Localidad simple",-27.087322576,-54.833367327,"54014","Cainguás","INDEC","540053","Salto Encantado","54014080","54014080","Salto Encantado","Salto Encantado","54","Misiones"
"Localidad simple",-27.315740141,-54.90272589,"54014","Cainguás","INDEC","540042","Campo Grande","54014055","54014055","Kilómetro 17","Kilómetro 17","54","Misiones"
"Localidad simple",-27.019936773,-54.684530968,"54014","Cainguás","INDEC","540049","Dos de Mayo","54014030","54014030","Dos de Mayo","Dos de Mayo","54","Misiones"
"Localidad simple",-27.297511036,-54.197545618,"54056","Guaraní","INDEC","540196","El Soberbio","54056010","54056010","El Soberbio","El Soberbio","54","Misiones"
"Localidad simple",-26.743431869,-54.297453716,"54056","Guaraní","INDEC","540203","San Vicente","54056020","54056020","Fracrán","Fracrán","54","Misiones"
"Localidad simple",-26.993297387,-54.486618972,"54056","Guaraní","INDEC","540203","San Vicente","54056030","54056030","San Vicente","San Vicente","54","Misiones"
"Localidad simple",-26.928315109,-55.057298119,"54077","Libertador General San Martín","INDEC","540294","Capioví","54077010","54077010","Capioví","Capioví","54","Misiones"
"Localidad simple",-26.713647149,-54.814047833,"54077","Libertador General San Martín","INDEC","540301","El Alcázar","54077020","54077020","El Alcázar","El Alcázar","54","Misiones"
"Localidad simple",-26.82112566,-54.957745426,"54077","Libertador General San Martín","INDEC","540308","Garuhapé","54077030","54077030","Garuhapé","Garuhapé","54","Misiones"
"Localidad simple",-26.863850723,-55.045161981,"54077","Libertador General San Martín","INDEC","540322","Puerto Rico","54077040","54077040","Mbopicuá","Mbopicuá","54","Misiones"
"Localidad simple",-26.808591683,-55.022126841,"54077","Libertador General San Martín","INDEC","540322","Puerto Rico","54077060","54077060","Puerto Rico","Puerto Rico","54","Misiones"
"Localidad simple",-26.970432634,-55.052222493,"54077","Libertador General San Martín","INDEC","540329","Ruiz de Montoya","54077070","54077070","Ruiz de Montoya","Ruiz de Montoya","54","Misiones"
"Localidad simple",-26.8082371,-54.989473162,"54077","Libertador General San Martín","INDEC","540322","Puerto Rico","54077080","54077080","San Alberto","San Alberto","54","Misiones"
"Localidad simple",-26.853657763,-54.888792406,"54077","Libertador General San Martín","INDEC","540308","Garuhapé","54077100","54077100","San Miguel","San Miguel","54","Misiones"
"Localidad simple",-27.482900344,-54.964832653,"54091","Oberá","INDEC","540357","Campo Ramón","54091120","54091120","Villa Bonita","Villa Bonita","54","Misiones"
"Localidad simple",-26.943328445,-55.095519014,"54077","Libertador General San Martín","INDEC","540294","Capioví","54077110","54077110","Villa Akerman","Villa Akerman","54","Misiones"
"Localidad simple",-26.836892679,-54.753063052,"54077","Libertador General San Martín","INDEC","540301","El Alcázar","54077120","54077120","Villa Urrutia","Villa Urrutia","54","Misiones"
"Localidad simple",-26.989846797,-55.165880966,"54077","Libertador General San Martín","INDEC","540315","Puerto Leoni","54077050","54077050","Puerto Leoni","Puerto Leoni","54","Misiones"
"Localidad simple",-26.923731746,-55.123754287,"54077","Libertador General San Martín","INDEC","540294","Capioví","54077090","54077090","San Gotardo","San Gotardo","54","Misiones"
"Localidad simple",-26.891713188,-55.072239959,"54077","Libertador General San Martín","INDEC","540294","Capioví","54077015","54077015","Capioviciño","Capioviciño","54","Misiones"
"Localidad simple",-26.71743571,-54.720061426,"54084","Montecarlo","INDEC","540336","Caraguatay","54084060","54084060","Tarumá","Tarumá","54","Misiones"
"Localidad simple",-26.657281001,-54.739179523,"54084","Montecarlo","INDEC","540336","Caraguatay","54084010","54084010","Caraguatay","Caraguatay","54","Misiones"
"Componente de localidad compuesta",-27.470355482,-55.080588446,"54091","Oberá","INDEC","540357","Campo Ramón","54091017","54091017","Barrio Escuela 633","Barrio Escuela 633","54","Misiones"
"Localidad simple",-27.454268759,-55.02294777,"54091","Oberá","INDEC","540357","Campo Ramón","54091020","54091020","Campo Ramón","Campo Ramón","54","Misiones"
"Localidad simple",-27.330971609,-55.054252029,"54091","Oberá","INDEC","540364","Campo Viera","54091030","54091030","Campo Viera","Campo Viera","54","Misiones"
"Localidad simple",-27.426346833,-55.169603448,"54091","Oberá","INDEC","540378","General Alvear","54091050","54091050","General Alvear","General Alvear","54","Misiones"
"Localidad simple",-27.557663325,-55.076263385,"54091","Oberá","INDEC","540392","Los Helechos","54091070","54091070","Los Helechos","Los Helechos","54","Misiones"
"Componente de localidad compuesta",-27.486790956,-55.120056983,"54091","Oberá","INDEC","540399","Oberá","54091080","54091080","Oberá","Oberá","54","Misiones"
"Localidad simple",-27.722028043,-54.91482578,"54091","Oberá","INDEC","540406","Panambí","54091090","54091090","Panambí","Panambí","54","Misiones"
"Localidad simple",-27.668501221,-54.98267866,"54091","Oberá","INDEC","540406","Panambí","54091100","54091100","Panambí Kilómetro 8","Panambí Kilómetro 8","54","Misiones"
"Localidad simple",-27.709150325,-54.967449514,"54091","Oberá","INDEC","540406","Panambí","54091105","54091105","Panambí Kilómetro 15","Panambi Kilómetro 15","54","Misiones"
"Localidad simple",-27.624459224,-55.039467996,"54091","Oberá","INDEC","540406","Panambí","54091013","54091013","Barrio Escuela 461","Barrio Escuela 461","54","Misiones"
"Localidad simple",-26.981993392,-55.318225555,"54098","San Ignacio","INDEC","540420","Colonia Polana","54098010","54098010","Colonia Polana","Colonia Polana","54","Misiones"
"Localidad simple",-27.12946852,-55.510831451,"54098","San Ignacio","INDEC","540427","Corpus Christi","54098020","54098020","Corpus Christi","Corpus","54","Misiones"
"Localidad simple",-27.107866319,-55.376616132,"54098","San Ignacio","INDEC","540434","General Urquiza","54098040","54098040","General Urquiza","General Urquiza","54","Misiones"
"Localidad simple",-27.190061162,-55.469319313,"54098","San Ignacio","INDEC","540441","Gobernador Roca","54098050","54098050","Gobernador Roca","Gobernador Roca","54","Misiones"
"Localidad simple",-27.109734297,-55.344458449,"54098","San Ignacio","INDEC","540448","Hipólito Yrigoyen","54098060","54098060","Helvecia","Helvecia","54","Misiones"
"Localidad simple",-27.085711125,-55.287419647,"54098","San Ignacio","INDEC","540448","Hipólito Yrigoyen","54098070","54098070","Hipólito Yrigoyen","Hipólito Yrigoyen","54","Misiones"
"Localidad simple",-26.971725847,-55.249723491,"54098","San Ignacio","INDEC","540455","Jardín América","54098090","54098090","Oasis","Oasis","54","Misiones"
"Localidad simple",-27.214245842,-55.420017265,"54098","San Ignacio","INDEC","540441","Gobernador Roca","54098100","54098100","Roca Chica","Roca Chica","54","Misiones"
"Localidad simple",-27.25861333,-55.538974794,"54098","San Ignacio","INDEC","540462","San Ignacio","54098110","54098110","San Ignacio","San Ignacio","54","Misiones"
"Localidad simple",-27.04315879,-55.227018022,"54098","San Ignacio","INDEC","540455","Jardín América","54098080","54098080","Jardín América","Jardín América","54","Misiones"
"Localidad simple",-27.140123992,-55.408509286,"54098","San Ignacio","INDEC","540469","Santo Pipó","54098120","54098120","Santo Pipó","Santo Pipó","54","Misiones"
"Localidad simple",-27.114815163,-55.383870621,"54098","San Ignacio","INDEC","540469","Santo Pipó","54098005","54098005","Barrio Tungoil","Barrio Tungoil","54","Misiones"
"Localidad simple",-27.633616944,-55.085526088,"54105","San Javier","INDEC","540476","Florentino Ameghino","54105010","54105010","Florentino Ameghino","Florentino Ameghino","54","Misiones"
"Localidad simple",-27.712041381,-55.157433976,"54105","San Javier","INDEC","540490","Mojón Grande","54105030","54105030","Mojón Grande","Mojón Grande","54","Misiones"
"Localidad simple",-26.687072887,-54.203073206,"54112","San Pedro","INDEC","540504","San Pedro","54112020","54112020","Paraíso","Paraíso","54","Misiones"
"Localidad simple",-27.568951129,-54.683040628,"54119","25 de Mayo","INDEC","540511","Alba Posse","54119010","54119010","Alba Posse","Alba Posse","54","Misiones"
"Localidad simple",-27.439400874,-54.353709309,"54119","25 de Mayo","INDEC","540518","Colonia Aurora","54119025","54119025","Alicia Baja","Alicia Baja","54","Misiones"
"Localidad simple",-27.473724594,-54.524108784,"54119","25 de Mayo","INDEC","540518","Colonia Aurora","54119030","54119030","Colonia Aurora","Colonia Aurora","54","Misiones"
"Localidad simple",-27.462654524,-54.745318069,"54119","25 de Mayo","INDEC","540511","Alba Posse","54119040","54119040","San Francisco de Asís","San Francisco de Asís","54","Misiones"
"Localidad simple",-27.520323789,-54.727907695,"54119","25 de Mayo","INDEC","540511","Alba Posse","54119050","54119050","Santa Rita","Santa Rita","54","Misiones"
"Localidad simple",-27.378178704,-54.744877516,"54119","25 de Mayo","INDEC","540525","25 de Mayo","54119060","54119060","25 de Mayo","25 de Mayo","54","Misiones"
"Localidad simple",-27.377818217,-54.35209801,"54119","25 de Mayo","INDEC","540518","Colonia Aurora","54119020","54119020","Alicia Alta","Alicia Alta","54","Misiones"
"Localidad simple",-33.005845686,-68.796625647,"50070","Maipú","INDEC","500070","Maipú","50070080","50070080","Russell","Russell","50","Mendoza"
"Localidad simple",-32.822516195,-68.604881164,"50056","Lavalle","INDEC","500056","Lavalle","50056140","50056140","Las Violetas","Las Violetas","50","Mendoza"
"Componente de localidad compuesta",-32.889732553,-68.844444231,"50007","Capital","INDEC","500007","Mendoza","50007010","50007010","Mendoza","Mendoza","50","Mendoza"
"Localidad simple",-32.680470537,-68.639226937,"50056","Lavalle","INDEC","500056","Lavalle","50056150","50056150","3 de Mayo","3 de Mayo","50","Mendoza"
"Componente de localidad compuesta",-32.92533457,-68.844281463,"50021","Godoy Cruz","INDEC","500021","Godoy Cruz","50021010","50021010","Godoy Cruz","Godoy Cruz","50","Mendoza"
"Localidad simple",-32.847600925,-68.714112383,"50028","Guaymallén","INDEC","500028","Guaymallén","50028010","50028010","Colonia Segovia","Colonia Segovia","50","Mendoza"
"Componente de localidad compuesta",-32.900052082,-68.787677631,"50028","Guaymallén","INDEC","500028","Guaymallén","50028020","50028020","Guaymallén","Guaymallén","50","Mendoza"
"Localidad simple",-32.922136956,-68.671097878,"50028","Guaymallén","INDEC","500028","Guaymallén","50028030","50028030","La Primavera","La Primavera","50","Mendoza"
"Localidad simple",-32.901068352,-68.697581867,"50028","Guaymallén","INDEC","500028","Guaymallén","50028040","50028040","Los Corralitos","Los Corralitos","50","Mendoza"
"Localidad simple",-32.867475517,-68.675808681,"50028","Guaymallén","INDEC","500028","Guaymallén","50028050","50028050","Puente de Hierro","Puente de Hierro","50","Mendoza"
"Localidad simple",-33.127825029,-68.412388526,"50035","Junín","INDEC","500035","Junín","50035010","50035010","Ingeniero Giagnoni","Ingeniero Giagnoni","50","Mendoza"
"Localidad simple",-33.14653115,-68.487269074,"50035","Junín","INDEC","500035","Junín","50035020","50035020","Junín","Junín","50","Mendoza"
"Componente de localidad compuesta",-33.098941369,-68.480499524,"50035","Junín","INDEC","500035","Junín","50035030","50035030","La Colonia","La Colonia","50","Mendoza"
"Componente de localidad compuesta",-33.176773295,-68.615165408,"50035","Junín","INDEC","500035","Junín","50035050","50035050","Medrano","Medrano","50","Mendoza"
"Localidad simple",-33.200980765,-68.377492855,"50035","Junín","INDEC","500035","Junín","50035060","50035060","Phillips","Phillips","50","Mendoza"
"Localidad simple",-33.120442619,-68.595162564,"50035","Junín","INDEC","500035","Junín","50035070","50035070","Rodríguez Peña","Rodríguez Peña","50","Mendoza"
"Localidad simple",-33.099679353,-68.568805968,"50035","Junín","INDEC","500035","Junín","50035040","50035040","Los Barriales","Los Barriales","50","Mendoza"
"Localidad simple",-32.669650548,-68.580001232,"50056","Lavalle","INDEC","500056","Lavalle","50056010","50056010","Barrio Alto del Olvido","Barrio Alto del Olvido","50","Mendoza"
"Localidad simple",-32.656666235,-68.658949134,"50056","Lavalle","INDEC","500056","Lavalle","50056020","50056020","Barrio Jocolí II","Barrio Jocolí II","50","Mendoza"
"Localidad simple",-32.808016056,-68.669546791,"50056","Lavalle","INDEC","500056","Lavalle","50056040","50056040","Barrio La Pega","Barrio La Pega","50","Mendoza"
"Localidad simple",-32.716304541,-68.652106137,"50056","Lavalle","INDEC","500056","Lavalle","50056060","50056060","Barrio Los Jarilleros","Barrio Los Jarilleros","50","Mendoza"
"Localidad simple",-32.679323003,-68.331868782,"50056","Lavalle","INDEC","500056","Lavalle","50056070","50056070","Barrio Los Olivos","Barrio Los Olivos","50","Mendoza"
"Localidad simple",-32.701821351,-68.314515343,"50056","Lavalle","INDEC","500056","Lavalle","50056075","50056075","Barrio Virgen del Rosario","Barrio Virgen del Rosario","50","Mendoza"
"Localidad simple",-32.679459669,-68.317058465,"50056","Lavalle","INDEC","500056","Lavalle","50056110","50056110","Ingeniero Gustavo André","Ingeniero Gustavo André","50","Mendoza"
"Localidad simple",-32.721449195,-68.595775724,"50056","Lavalle","INDEC","500056","Lavalle","50056160","50056160","Villa Tulumaya","Villa Tulumaya","50","Mendoza"
"Localidad simple",-32.757640309,-68.408271872,"50056","Lavalle","INDEC","500056","Lavalle","50056080","50056080","Costa de Araujo","Costa de Araujo","50","Mendoza"
"Localidad simple",-33.076682897,-68.913798513,"50063","Luján de Cuyo","INDEC","500063","Luján de Cuyo","50063020","50063020","Barrio Perdriel IV","Barrio Perdriel IV","50","Mendoza"
"Localidad simple",-33.058226667,-68.931871203,"50063","Luján de Cuyo","INDEC","500063","Luján de Cuyo","50063040","50063040","Costa Flores","Costa Flores","50","Mendoza"
"Componente de localidad compuesta",-33.039170875,-68.879552317,"50063","Luján de Cuyo","INDEC","500063","Luján de Cuyo","50063090","50063090","Luján de Cuyo","Luján de Cuyo","50","Mendoza"
"Localidad simple",-33.074903187,-68.888395288,"50063","Luján de Cuyo","INDEC","500063","Luján de Cuyo","50063100","50063100","Perdriel","Perdriel","50","Mendoza"
"Localidad simple",-33.212070153,-68.891350898,"50063","Luján de Cuyo","INDEC","500063","Luján de Cuyo","50063120","50063120","Ugarteche","Ugarteche","50","Mendoza"
"Localidad simple",-33.081832868,-68.727615194,"50070","Maipú","INDEC","500070","Maipú","50070010","50070010","Barrancas","Barrancas","50","Mendoza"
"Localidad simple",-32.99486843,-68.685965956,"50070","Maipú","INDEC","500070","Maipú","50070070","50070070","Rodeo del Medio","Rodeo del Medio","50","Mendoza"
"Localidad simple",-33.033240792,-68.586123145,"50070","Maipú","INDEC","500070","Maipú","50070090","50070090","San Roque","San Roque","50","Mendoza"
"Localidad simple",-33.17267675,-68.502346509,"50084","Rivadavia","INDEC","500084","Rivadavia","50084010","50084010","Andrade","Andrade","50","Mendoza"
"Localidad simple",-33.272992595,-68.413460094,"50084","Rivadavia","INDEC","500084","Rivadavia","50084020","50084020","Barrio Cooperativa Los Campamentos","Barrio Cooperativa Los Campamentos","50","Mendoza"
"Localidad simple",-33.275493232,-68.392579526,"50084","Rivadavia","INDEC","500084","Rivadavia","50084100","50084100","Los Campamentos","Los Campamentos","50","Mendoza"
"Localidad simple",-33.221613921,-68.557484136,"50084","Rivadavia","INDEC","500084","Rivadavia","50084130","50084130","Reducción de Abajo","Reducción de Abajo","50","Mendoza"
"Localidad simple",-33.195765472,-68.465922877,"50084","Rivadavia","INDEC","500084","Rivadavia","50084140","50084140","Rivadavia","Rivadavia","50","Mendoza"
"Localidad simple",-33.205893119,-68.428880477,"50084","Rivadavia","INDEC","500084","Rivadavia","50084150","50084150","Santa María de Oro","Santa María de Oro","50","Mendoza"
"Componente de localidad compuesta",-33.181046519,-68.614983212,"50084","Rivadavia","INDEC","500084","Rivadavia","50084110","50084110","Medrano","Medrano","50","Mendoza"
"Localidad simple",-33.119570855,-68.40675127,"50098","San Martín","INDEC","500098","San Martín","50098020","50098020","Alto Verde","Alto Verde","50","Mendoza"
"Localidad simple",-33.831106735,-69.048859084,"50091","San Carlos","INDEC","500091","San Carlos","50091005","50091005","Barrio Carrasco","Barrio Carrasco","50","Mendoza"
"Localidad simple",-33.835269192,-69.123648533,"50091","San Carlos","INDEC","500091","San Carlos","50091010","50091010","Barrio El Cepillo","Barrio El Cepillo","50","Mendoza"
"Localidad simple",-33.733847173,-69.11988526,"50091","San Carlos","INDEC","500091","San Carlos","50091040","50091040","La Consulta","La Consulta","50","Mendoza"
"Localidad simple",-33.942549724,-69.078545051,"50091","San Carlos","INDEC","500091","San Carlos","50091050","50091050","Pareditas","Pareditas","50","Mendoza"
"Localidad simple",-33.891472758,-69.071192964,"50091","San Carlos","INDEC","500091","San Carlos","50091020","50091020","Chilecito","Chilecito","50","Mendoza"
"Localidad simple",-33.772066617,-69.040391528,"50091","San Carlos","INDEC","500091","San Carlos","50091060","50091060","San Carlos","San Carlos","50","Mendoza"
"Localidad simple",-33.041958998,-68.352706877,"50098","San Martín","INDEC","500098","San Martín","50098030","50098030","Barrio Chivilcoy","Barrio Chivilcoy","50","Mendoza"
"Localidad simple",-32.996193092,-68.27822845,"50098","San Martín","INDEC","500098","San Martín","50098050","50098050","Barrio Los Charabones","Barrio Los Charabones","50","Mendoza"
"Localidad simple",-33.125358285,-68.347895174,"50098","San Martín","INDEC","500098","San Martín","50098055","50098055","Barrio Nuestra Señora de Fátima","Barrio Ntra. Sra. De Fátima","50","Mendoza"
"Localidad simple",-33.042664592,-68.447913373,"50098","San Martín","INDEC","500098","San Martín","50098070","50098070","Chivilcoy","Chivilcoy","50","Mendoza"
"Localidad simple",-33.157351615,-68.295543909,"50098","San Martín","INDEC","500098","San Martín","50098077","50098077","El Ramblón","El Ramblón","50","Mendoza"
"Componente de localidad compuesta",-33.087714239,-68.475807203,"50098","San Martín","INDEC","500098","San Martín","50098100","50098100","San Martín","San Martín","50","Mendoza"
"Localidad simple",-32.984714674,-68.464391657,"50098","San Martín","INDEC","500098","San Martín","50098060","50098060","Chapanay","Chapanay","50","Mendoza"
"Localidad simple",-33.013730491,-68.389824174,"50098","San Martín","INDEC","500098","San Martín","50098080","50098080","Montecaseros","Montecaseros","50","Mendoza"
"Localidad simple",-32.842994127,-68.393256888,"50098","San Martín","INDEC","500098","San Martín","50098040","50098040","Barrio Emanuel","Barrio Emanuel","50","Mendoza"
"Localidad simple",-33.109047545,-68.1875185,"50112","Santa Rosa","INDEC","500112","Santa Rosa","50112030","50112030","Barrio Molina Cabrera","Barrio Molina Cabrera","50","Mendoza"
"Localidad simple",-33.346716903,-67.917131761,"50112","Santa Rosa","INDEC","500112","Santa Rosa","50112040","50112040","La Dormida","La Dormida","50","Mendoza"
"Localidad simple",-33.293842558,-68.048518175,"50112","Santa Rosa","INDEC","500112","Santa Rosa","50112050","50112050","Las Catitas","Las Catitas","50","Mendoza"
"Localidad simple",-33.254073839,-68.150662041,"50112","Santa Rosa","INDEC","500112","Santa Rosa","50112060","50112060","Santa Rosa","Santa Rosa","50","Mendoza"
"Localidad simple",-33.197042044,-68.255138754,"50112","Santa Rosa","INDEC","500112","Santa Rosa","50112010","50112010","Barrio 12 de Octubre","Barrio 12 de Octubre","50","Mendoza"
"Localidad simple",-33.633474286,-69.179707874,"50119","Tunuyán","INDEC","500119","Tunuyán","50119010","50119010","Barrio San Cayetano","Barrio San Cayetano","50","Mendoza"
"Localidad simple",-33.700321936,-69.176495017,"50119","Tunuyán","INDEC","500119","Tunuyán","50119020","50119020","Campo Los Andes","Campo Los Andes","50","Mendoza"
"Localidad simple",-33.60563864,-69.10442623,"50119","Tunuyán","INDEC","500119","Tunuyán","50119030","50119030","Colonia Las Rosas","Colonia Las Rosas","50","Mendoza"
"Localidad simple",-33.586141185,-69.327106583,"50119","Tunuyán","INDEC","500119","Tunuyán","50119040","50119040","El Manzano","El Manzano","50","Mendoza"
"Localidad simple",-33.581253156,-69.01536856,"50119","Tunuyán","INDEC","500119","Tunuyán","50119060","50119060","Tunuyán","Tunuyán","50","Mendoza"
"Localidad simple",-33.650875752,-69.155760396,"50119","Tunuyán","INDEC","500119","Tunuyán","50119070","50119070","Vista Flores","Vista Flores","50","Mendoza"
"Localidad simple",-33.594464192,-69.175498049,"50119","Tunuyán","INDEC","500119","Tunuyán","50119050","50119050","Los Sauces","Los Sauces","50","Mendoza"
"Localidad simple",-33.330785669,-69.126164083,"50126","Tupungato","INDEC","500126","Tupungato","50126010","50126010","Barrio Belgrano Norte","Barrio Belgrano Norte","50","Mendoza"
"Localidad simple",-33.399066647,-69.105739787,"50126","Tupungato","INDEC","500126","Tupungato","50126035","50126035","El Zampal","El Zampal","50","Mendoza"
"Localidad simple",-33.308282525,-69.152898885,"50126","Tupungato","INDEC","500126","Tupungato","50126050","50126050","San José","San José","50","Mendoza"
"Localidad simple",-34.788136852,-67.979997621,"50105","San Rafael","INDEC","500105","San Rafael","50105020","50105020","Barrio El Nevado","Barrio El Nevado","50","Mendoza"
"Localidad simple",-34.555744851,-68.301833046,"50105","San Rafael","INDEC","500105","San Rafael","50105030","50105030","Barrio Empleados de Comercio","Barrio Empleados de Comercio","50","Mendoza"
"Localidad simple",-34.646869102,-68.264991204,"50105","San Rafael","INDEC","500105","San Rafael","50105040","50105040","Barrio Intendencia","Barrio Intendencia","50","Mendoza"
"Localidad simple",-34.582308203,-68.457600144,"50105","San Rafael","INDEC","500105","San Rafael","50105050","50105050","Capitán Montoya","Capitán Montoya","50","Mendoza"
"Localidad simple",-35.02729288,-68.672812313,"50105","San Rafael","INDEC","500105","San Rafael","50105070","50105070","El Nihuil","El Nihuil","50","Mendoza"
"Localidad simple",-35.080985276,-69.582519437,"50105","San Rafael","INDEC","500105","San Rafael","50105080","50105080","El Sosneado","El Sosneado","50","Mendoza"
"Localidad simple",-34.683908435,-68.2778978,"50105","San Rafael","INDEC","500105","San Rafael","50105090","50105090","El Tropezón","El Tropezón","50","Mendoza"
"Localidad simple",-34.639138114,-68.009905858,"50105","San Rafael","INDEC","500105","San Rafael","50105120","50105120","La Llave Nueva","La Llave Nueva","50","Mendoza"
"Localidad simple",-34.835097763,-68.248632233,"50105","San Rafael","INDEC","500105","San Rafael","50105130","50105130","Las Malvinas","Las Malvinas","50","Mendoza"
"Localidad simple",-34.592370149,-67.868953493,"50105","San Rafael","INDEC","500105","San Rafael","50105150","50105150","Monte Comán","Monte Comán","50","Mendoza"
"Localidad simple",-34.66464622,-68.356936799,"50105","San Rafael","INDEC","500105","San Rafael","50105160","50105160","Pobre Diablo","Pobre Diablo","50","Mendoza"
"Localidad simple",-34.70139955,-68.368683165,"50105","San Rafael","INDEC","500105","San Rafael","50105180","50105180","Rama Caída","Rama Caída","50","Mendoza"
"Localidad simple",-34.72546158,-68.231253982,"50105","San Rafael","INDEC","500105","San Rafael","50105200","50105200","Salto de las Rosas","Salto de las Rosas","50","Mendoza"
"Localidad simple",-34.612861378,-68.330416984,"50105","San Rafael","INDEC","500105","San Rafael","50105210","50105210","San Rafael","San Rafael","50","Mendoza"
"Localidad simple",-34.582558146,-68.536875913,"50105","San Rafael","INDEC","500105","San Rafael","50105220","50105220","25 de Mayo","25 de Mayo","50","Mendoza"
"Localidad simple",-34.832060147,-67.923509349,"50105","San Rafael","INDEC","500105","San Rafael","50105230","50105230","Villa Atuel","Villa Atuel","50","Mendoza"
"Localidad simple",-34.754756786,-68.031017382,"50105","San Rafael","INDEC","500105","San Rafael","50105240","50105240","Villa Atuel Norte","Villa Atuel Norte","50","Mendoza"
"Localidad simple",-34.680029834,-68.131737314,"50105","San Rafael","INDEC","500105","San Rafael","50105100","50105100","Goudge","Goudge","50","Mendoza"
"Localidad simple",-34.638561005,-68.466630043,"50105","San Rafael","INDEC","500105","San Rafael","50105060","50105060","Cuadro Benegas","Cuadro Benegas","50","Mendoza"
"Localidad simple",-29.982380482,-58.304240284,"18035","Curuzú Cuatiá","INDEC","180059","Cazadores Correntinos","18035010","18035010","Cazadores Correntinos","Cazadores Correntinos","18","Corrientes"
"Localidad simple",-29.791451212,-58.049858806,"18035","Curuzú Cuatiá","INDEC","180063","Curuzú Cuatiá","18035020","18035020","Curuzú Cuatiá","Curuzú Cuatiá","18","Corrientes"
"Localidad simple",-29.3768721,-58.192234556,"18105","Mercedes","INDEC","180238","Mariano I. Loza","18105020","18105020","Mariano Indalecio Loza (Estación Justino Solari)","Mariano I. Loza","18","Corrientes"
"Localidad simple",-30.043303396,-57.821708317,"18112","Monte Caseros","INDEC","180252","Colonia Libertad","18112010","18112010","Colonia Libertad","Colonia Libertad","18","Corrientes"
"Localidad simple",-30.013295461,-57.859334504,"18112","Monte Caseros","INDEC","180252","Colonia Libertad","18112020","18112020","Estación Libertad","Estación Libertad","18","Corrientes"
"Localidad simple",-30.419321744,-57.855892569,"18112","Monte Caseros","INDEC","180259","Juan Pujol","18112030","18112030","Juan Pujol","Juan Pujol","18","Corrientes"
"Localidad simple",-30.616677162,-57.975362574,"18112","Monte Caseros","INDEC","180266","Mocoretá","18112040","18112040","Mocoretá","Mocoretá","18","Corrientes"
"Localidad simple",-30.24942296,-57.629481767,"18112","Monte Caseros","INDEC","180273","Monte Caseros","18112050","18112050","Monte Caseros","Monte Caseros","18","Corrientes"
"Localidad simple",-29.908841571,-57.958865554,"18112","Monte Caseros","INDEC","180252","Colonia Libertad","18112060","18112060","Parada Acuña","Parada Acuña","18","Corrientes"
"Localidad simple",-30.319012997,-57.729687544,"18112","Monte Caseros","INDEC","180273","Monte Caseros","18112070","18112070","Parada Labougle","Parada Labougle","18","Corrientes"
"Localidad simple",-29.817471535,-57.427832539,"18119","Paso de los Libres","INDEC","180280","Bonpland","18119010","18119010","Bonpland","Bonpland","18","Corrientes"
"Localidad simple",-29.906039279,-57.574168835,"18119","Paso de los Libres","INDEC","180287","Parada Pucheta","18119020","18119020","Parada Pucheta","Parada Pucheta","18","Corrientes"
"Localidad simple",-29.713714811,-57.085405399,"18119","Paso de los Libres","INDEC","180294","Paso de los Libres","18119030","18119030","Paso de los Libres","Paso de los Libres","18","Corrientes"
"Localidad simple",-29.506822084,-56.974850403,"18119","Paso de los Libres","INDEC","180301","Tapebicuá","18119040","18119040","Tapebicuá","Tapebicuá","18","Corrientes"
"Localidad simple",-31.207720071,-58.03124415,"30015","Concordia","INDEC","300035","Colonia Ayuí","30015030","30015030","Colonia Ayuí","Colonia Ayuí","30","Entre Ríos"
"Localidad simple",-31.169430052,-58.185540501,"30015","Concordia","INDEC","300063","Los Charrúas","30015100","30015100","Los Charrúas","Los Charrúas","30","Entre Ríos"
"Localidad simple",-30.754724203,-57.981789368,"30028","Federación","INDEC","300105","Chajarí","30028010","30028010","Chajarí","Chajarí","30","Entre Ríos"
"Localidad simple",-30.903595069,-57.99989434,"30028","Federación","INDEC","309135","Colonia Alemana","30028020","30028020","Colonia Alemana","Colonia Alemana","30","Entre Ríos"
"Localidad simple",-31.074077023,-58.026021653,"30028","Federación","INDEC","309140","Colonia La Argentina","30028040","30028040","Colonia La Argentina","Colonia La Argentina","30","Entre Ríos"
"Localidad simple",-30.990262735,-57.917762324,"30028","Federación","INDEC","300112","Federación","30028070","30028070","Federación","Federación","30","Entre Ríos"
"Localidad simple",-30.591337145,-58.466235709,"30028","Federación","INDEC","300115","Los Conquistadores","30028080","30028080","Los Conquistadores","Los Conquistadores","30","Entre Ríos"
"Localidad simple",-30.340340136,-58.306929158,"30028","Federación","INDEC","300119","San Jaime de la Frontera","30028090","30028090","San Jaime de la Frontera","San Jaime de la Frontera","30","Entre Ríos"
"Localidad simple",-30.758195778,-58.081590008,"30028","Federación","INDEC","309175","San Pedro","30028100","30028100","San Pedro","San Pedro","30","Entre Ríos"
"Localidad simple",-30.818815647,-58.249794767,"30028","Federación","INDEC","309180","San Ramón","30028105","30028105","San Ramón","San Ramón","30","Entre Ríos"
"Localidad simple",-30.899370024,-57.93107825,"30028","Federación","INDEC","300126","Santa Ana","30028110","30028110","Santa Ana","Santa Ana","30","Entre Ríos"
"Localidad simple",-30.795738501,-57.91455271,"30028","Federación","INDEC","300133","Villa del Rosario","30028120","30028120","Villa del Rosario","Villa del Rosario","30","Entre Ríos"
"Localidad simple",-30.968514032,-58.612749344,"30035","Federal","INDEC","","","30035040","30035040","Nueva Vizcaya","Nueva Vizcaya","30","Entre Ríos"
"Localidad simple",-30.525237488,-62.112434416,"14140","San Justo","INDEC","","","14140070","14140070","Colonia 10 de Julio","Colonia 10 de Julio","14","Córdoba"
"Localidad simple",-29.772421746,-61.489981972,"82077","9 de Julio","INDEC","823281","Esteban Rams","82077010","82077010","Esteban Rams","Esteban Rams","82","Santa Fe"
"Localidad simple",-29.503755545,-61.696147335,"82077","9 de Julio","INDEC","823309","Logroño","82077040","82077040","Logroño","Logroño","82","Santa Fe"
"Localidad simple",-29.668695214,-61.866895004,"82077","9 de Julio","INDEC","823316","Montefiore","82077050","82077050","Montefiore","Montefiore","82","Santa Fe"
"Localidad simple",-30.534423803,-61.961005427,"82091","San Cristóbal","INDEC","820235","Suardi","82091260","82091260","Suardi","Suardi","82","Santa Fe"
"Localidad simple",-30.459709764,-61.271153065,"82091","San Cristóbal","INDEC","823498","Capivara","82091050","82091050","Capivara","Capivara","82","Santa Fe"
"Localidad simple",-29.896417379,-61.288067306,"82091","San Cristóbal","INDEC","823589","Las Avispas","82091160","82091160","Las Avispas","Las Avispas","82","Santa Fe"
"Localidad simple",-30.21610844,-61.877092089,"82091","San Cristóbal","INDEC","823680","Villa Trinidad","82091280","82091280","Villa Trinidad","Villa Trinidad","82","Santa Fe"
"Localidad simple",-30.300382718,-61.983818103,"82091","San Cristóbal","INDEC","823519","Colonia Rosa","82091090","82091090","Colonia Rosa","Colonia Rosa","82","Santa Fe"
"Localidad simple",-30.011993903,-61.218465247,"82091","San Cristóbal","INDEC","823554","Huanqueros","82091130","82091130","Huanqueros","Huanqueros","82","Santa Fe"
"Localidad simple",-30.086801201,-61.178333962,"82091","San Cristóbal","INDEC","823561","La Cabral","82091140","82091140","La Cabral","La Cabral","82","Santa Fe"
"Localidad simple",-30.488367625,-61.634231121,"82091","San Cristóbal","INDEC","823610","Monigotes","82091190","82091190","Monigotes","Monigotes","82","Santa Fe"
"Localidad simple",-30.6635181,-61.319733818,"82091","San Cristóbal","INDEC","823526","Constanza","82091100","82091100","Constanza","Constanza","82","Santa Fe"
"Localidad simple",-29.88189414,-61.945093712,"82091","San Cristóbal","INDEC","820224","Ceres","82091060","82091060","Ceres","Ceres","82","Santa Fe"
"Localidad simple",-30.015241633,-61.576022958,"82091","San Cristóbal","INDEC","823484","Ambrosetti","82091020","82091020","Ambrosetti","Ambrosetti","82","Santa Fe"
"Localidad simple",-30.667845931,-61.787743653,"82091","San Cristóbal","INDEC","823512","Colonia Bossi","82091080","82091080","Colonia Bossi","Colonia Bossi","82","Santa Fe"
"Localidad simple",-30.116102371,-60.894260451,"82091","San Cristóbal","INDEC","823477","Aguará Grande","82091010","82091010","Aguará Grande","Aguará Grande","82","Santa Fe"
"Localidad simple",-30.630256524,-61.625822721,"82091","San Cristóbal","INDEC","823596","Las Palmeras","82091170","82091170","Las Palmeras","Las Palmeras","82","Santa Fe"
"Localidad simple",-30.110287289,-61.793504117,"82091","San Cristóbal","INDEC","823582","La Rubia","82091150","82091150","La Rubia","La Rubia","82","Santa Fe"
"Localidad simple",-29.980913069,-61.241905506,"82091","San Cristóbal","INDEC","823554","Huanqueros","82091040","82091040","Balneario La Verde","Balneario La Verde","82","Santa Fe"
"Localidad simple",-30.186567749,-61.181077267,"82091","San Cristóbal","INDEC","823652","Santurce","82091240","82091240","Santurce","Santurce","82","Santa Fe"
"Localidad simple",-30.003944549,-61.839149263,"82091","San Cristóbal","INDEC","823547","Hersilia","82091120","82091120","Hersilia","Hersilia","82","Santa Fe"
"Localidad simple",-30.358454011,-61.917319298,"82091","San Cristóbal","INDEC","820233","San Guillermo","82091230","82091230","San Guillermo","San Guillermo","82","Santa Fe"
"Localidad simple",-30.369818871,-61.13337609,"82091","San Cristóbal","INDEC","823624","Ñanducita","82091200","82091200","Ñanducita","Ñanducita","82","Santa Fe"
"Localidad simple",-30.23241747,-61.728021461,"82091","San Cristóbal","INDEC","823491","Arrufo","82091030","82091030","Arrufo","Arrufo","82","Santa Fe"
"Localidad simple",-30.396104025,-61.653130515,"82091","San Cristóbal","INDEC","823533","Curupaity","82091110","82091110","Curupaity","Curupaytí","82","Santa Fe"
"Localidad simple",-30.31168942,-61.236206252,"82091","San Cristóbal","INDEC","820231","San Cristóbal","82091220","82091220","San Cristóbal","San Cristóbal","82","Santa Fe"
"Localidad simple",-30.143748705,-61.913692551,"82091","San Cristóbal","INDEC","823505","Colonia Ana","82091070","82091070","Colonia Ana","Colonia Ana","82","Santa Fe"
"Localidad simple",-29.534710697,-62.267139678,"86007","Aguirre","INDEC","866308","Argentina","86007010","86007010","Argentina","Argentina","86","Santiago del Estero"
"Localidad simple",-28.988338542,-62.126599523,"86042","Belgrano","INDEC","866084","Guardia Escolta","86042040","86042040","Guardia Escolta","Guardia Escolta","86","Santiago del Estero"
"Localidad simple",-28.864274659,-61.857592655,"86042","Belgrano","INDEC","","","86042020","86042020","Cuatro Bocas","Cuatro Bocas","86","Santiago del Estero"
"Localidad simple",-28.888091734,-62.269025271,"86042","Belgrano","INDEC","860049","Bandera","86042010","86042010","Bandera","Bandera","86","Santiago del Estero"
"Localidad simple",-29.127471389,-61.934476265,"86042","Belgrano","INDEC","866077","Fortín Inca","86042030","86042030","Fortín Inca","Fortín Inca","86","Santiago del Estero"
"Localidad simple",-28.462926434,-62.110240174,"86077","General Taboada","INDEC","860091","Los Juríes","86077050","86077050","Los Juríes","Los Juríes","86","Santiago del Estero"
"Localidad simple",-28.600540693,-62.182674913,"86077","General Taboada","INDEC","866140","Tomás Young","86077060","86077060","Tomás Young","Tomás Young","86","Santiago del Estero"
"Localidad simple",-29.768247953,-62.047532444,"86154","Rivadavia","INDEC","860168","Selva","86154030","86154030","Selva","Selva","86","Santiago del Estero"
"Localidad simple",-30.060097197,-62.103391679,"86154","Rivadavia","INDEC","866231","Colonia Alpina","86154010","86154010","Colonia Alpina","Colonia Alpina","86","Santiago del Estero"
"Localidad simple",-29.675072184,-62.13562305,"86154","Rivadavia","INDEC","866238","Palo Negro","86154020","86154020","Palo Negro","Palo Negro","86","Santiago del Estero"
"Localidad simple",-26.407570614,-66.253831532,"10091","Santa María","INDEC","100210","Santa María","10091040","10091040","El Cajón","El Cajón","10","Catamarca"
"Localidad simple",-26.626838816,-66.04848594,"10091","Santa María","INDEC","100210","Santa María","10091080","10091080","Fuerte Quemado","Fuerte Quemado","10","Catamarca"
"Localidad simple",-26.543618555,-66.362164827,"10091","Santa María","INDEC","100203","San José","10091090","10091090","La Hoyada","La Hoyada","10","Catamarca"
"Localidad simple",-26.073043967,-65.975983382,"66021","Cafayate","INDEC","660056","Cafayate","66021010","66021010","Cafayate","Cafayate","66","Salta"
"Localidad simple",-26.182713901,-65.939814335,"66021","Cafayate","INDEC","660056","Cafayate","66021020","66021020","Tolombón","Tolombón","66","Salta"
"Localidad simple",-25.893166648,-65.92905764,"66154","San Carlos","INDEC","660392","San Carlos","66154040","66154040","San Carlos","San Carlos","66","Salta"
"Localidad simple",-25.969483643,-65.94899523,"66154","San Carlos","INDEC","660385","Animaná","66154020","66154020","Animaná","Animaná","66","Salta"
"Localidad simple",-25.690948763,-66.167020141,"66154","San Carlos","INDEC","660378","Angastaco","66154010","66154010","Angastaco","Angastaco","66","Salta"
"Localidad simple",-26.363107315,-65.95706754,"90098","Tafí del Valle","INDEC","908574","Colalao del Valle","90098020","90098020","Colalao del Valle","Colalao del Valle","90","Tucumán"
"Localidad simple",-26.59366052,-65.920085166,"90098","Tafí del Valle","INDEC","908567","Amaicha del Valle","90098010","90098010","Amaicha del Valle","Amaicha del Valle","90","Tucumán"
"Localidad simple",-27.273290681,-63.51318191,"86070","Figueroa","INDEC","866126","Bandera Bajada","86070010","86070010","Bandera Bajada","Bandera Bajada","86","Santiago del Estero"
"Localidad simple",-27.709508899,-63.772554212,"86070","Figueroa","INDEC","866133","La Cañada","86070060","86070060","La Cañada","La Cañada","86","Santiago del Estero"
"Localidad simple",-27.57418431,-63.329035718,"86070","Figueroa","INDEC","","","86070040","86070040","El Cruce","El Crucero","86","Santiago del Estero"
"Localidad simple",-27.617907614,-63.300576778,"86070","Figueroa","INDEC","866427","Colonia San Juan","86070030","86070030","Colonia San Juan","Colonia San Juan","86","Santiago del Estero"
"Localidad simple",-27.463694211,-63.472420567,"86070","Figueroa","INDEC","","","86070090","86070090","Vaca Huañuna","Vaca Huañuna","86","Santiago del Estero"
"Localidad simple",-27.533035028,-63.38325403,"86070","Figueroa","INDEC","","","86070080","86070080","Minerva","Minerva","86","Santiago del Estero"
"Localidad simple",-27.388416955,-63.546922948,"86070","Figueroa","INDEC","866424","Caspi Corral","86070020","86070020","Caspi Corral","Caspi Corral","86","Santiago del Estero"
"Localidad simple",-27.932845714,-63.430152203,"86098","Juan Felipe Ibarra","INDEC","860112","Suncho Corral","86098040","86098040","Suncho Corral","Suncho Corral","86","Santiago del Estero"
"Localidad simple",-27.780853905,-62.975263834,"86098","Juan Felipe Ibarra","INDEC","866183","Yuchán","86098060","86098060","Yuchán","Yuchán","86","Santiago del Estero"
"Localidad simple",-28.110413913,-63.195071251,"86098","Juan Felipe Ibarra","INDEC","866175","Matará","86098030","86098030","Villa Matará","Matará","86","Santiago del Estero"
"Localidad simple",-26.93878072,-62.957269556,"86119","Moreno","INDEC","","","86119070","86119070","Lilo Viejo","Lilo Viejo","86","Santiago del Estero"
"Localidad simple",-26.840003666,-62.930519636,"86119","Moreno","INDEC","866525","Lilo Viejo - Patay","86119080","86119080","Patay","Patay","86","Santiago del Estero"
"Localidad simple",-27.465716652,-62.917965662,"86119","Moreno","INDEC","866511","Las Tinajas","86119050","86119050","Las Tinajas","Las Tinajas","86","Santiago del Estero"
"Localidad simple",-27.084892882,-63.070884075,"86119","Moreno","INDEC","866515","Libertad","86119060","86119060","Libertad","Libertad","86","Santiago del Estero"
"Localidad simple",-29.098839351,-56.55343584,"18056","General Alvear","INDEC","180098","Alvear","18056010","18056010","Alvear","Alvear","18","Corrientes"
"Localidad simple",-28.824361326,-56.469217051,"18056","General Alvear","INDEC","180105","Estación Torrent","18056020","18056020","Estación Torrent","Estación Torrent","18","Corrientes"
"Componente de localidad compuesta",-27.913358189,-55.824239182,"18084","Ituzaingó","INDEC","180161","Colonia Liebig","18084010","18084010","Colonia Liebig","Colonia Liebig's","18","Corrientes"
"Localidad simple",-27.585100079,-56.68704524,"18084","Ituzaingó","INDEC","180168","Ituzaingó","18084020","18084020","Ituzaingó","Ituzaingó","18","Corrientes"
"Localidad simple",-27.508228835,-56.745235507,"18084","Ituzaingó","INDEC","180175","San Antonio Isla Apipé Grande","18084030","18084030","San Antonio de Apipé Grande","San Antonio","18","Corrientes"
"Localidad simple",-27.743622392,-55.898431681,"18084","Ituzaingó","INDEC","180182","San Carlos","18084040","18084040","San Carlos","San Carlos","18","Corrientes"
"Localidad simple",-27.633100432,-56.906305445,"18084","Ituzaingó","INDEC","180186","Villa Olivari","18084050","18084050","Villa Olivari","Villa Olivari","18","Corrientes"
"Localidad simple",-28.537235688,-57.171350089,"18147","San Martín","INDEC","180357","Carlos Pellegrini","18147010","18147010","Colonia Carlos Pellegrini","Colonia Carlos Pellegrini","18","Corrientes"
"Localidad simple",-27.768426802,-57.275251811,"18154","San Miguel","INDEC","180385","Loreto","18154010","18154010","Loreto","Loreto","18","Corrientes"
"Localidad simple",-28.230318628,-55.784409994,"18168","Santo Tomé","INDEC","180441","Garaví","18168010","18168010","Garaví","José Rafael Gómez","18","Corrientes"
"Localidad simple",-28.173741022,-55.650644328,"18168","Santo Tomé","INDEC","180427","Garruchos","18168020","18168020","Garruchos","Garruchos","18","Corrientes"
"Localidad simple",-28.046807983,-56.009632486,"18168","Santo Tomé","INDEC","180434","Gobernador Ingeniero Valentín Virasoro","18168030","18168030","Gobernador Ingeniero Valentín Virasoro","Gobernador Igr. Valentín Virasoro","18","Corrientes"
"Localidad simple",-28.549815807,-56.034811077,"18168","Santo Tomé","INDEC","180448","Santo Tomé","18168040","18168040","Santo Tomé","Santo Tomé","18","Corrientes"
"Localidad simple",-28.06070793,-55.677070904,"54007","Apóstoles","INDEC","540014","Azara","54007020","54007020","Azara","Azara","54","Misiones"
"Localidad simple",-27.881124999,-55.78727577,"54007","Apóstoles","INDEC","540007","Apóstoles","54007025","54007025","Barrio Rural","Barrio Rural","54","Misiones"
"Componente de localidad compuesta",-27.911529116,-55.809218641,"54007","Apóstoles","INDEC","540007","Apóstoles","54007030","54007030","Estación Apóstoles","Estación Apóstoles","54","Misiones"
"Localidad simple",-27.749423151,-55.794778959,"54007","Apóstoles","INDEC","540021","San José","54007040","54007040","Pindapoy","Pindapoy","54","Misiones"
"Localidad simple",-28.113618892,-55.62953241,"54007","Apóstoles","INDEC","540014","Azara","54007050","54007050","Rincón de Azara","Rincón de Azara","54","Misiones"
"Localidad simple",-27.769994402,-55.78030371,"54007","Apóstoles","INDEC","540021","San José","54007060","54007060","San José","San José","54","Misiones"
"Localidad simple",-28.004253111,-55.609404149,"54007","Apóstoles","INDEC","540028","Tres Capones","54007070","54007070","Tres Capones","Tres Capones","54","Misiones"
"Localidad simple",-27.914135934,-55.754857841,"54007","Apóstoles","INDEC","540007","Apóstoles","54007010","54007010","Apóstoles","Apóstoles","54","Misiones"
"Localidad simple",-27.485403777,-55.480094608,"54021","Candelaria","INDEC","540056","Bonpland","54021010","54021010","Bonpland","Bonpland","54","Misiones"
"Localidad simple",-27.461217918,-55.743963235,"54021","Candelaria","INDEC","540063","Candelaria","54021020","54021020","Candelaria","Candelaria","54","Misiones"
"Localidad simple",-27.511917191,-55.6096055,"54021","Candelaria","INDEC","540070","Cerro Corá","54021030","54021030","Cerro Corá","Cerro Corá","54","Misiones"
"Localidad simple",-27.423131947,-55.377295144,"54021","Candelaria","INDEC","540084","Mártires","54021050","54021050","Mártires","Mártires","54","Misiones"
"Localidad simple",-27.561719382,-55.704565397,"54021","Candelaria","INDEC","540091","Profundidad","54021060","54021060","Profundidad","Profundidad","54","Misiones"
"Localidad simple",-27.335647449,-55.583127152,"54021","Candelaria","INDEC","540098","Santa Ana","54021070","54021070","Puerto Santa Ana","Puerto Santa Ana","54","Misiones"
"Localidad simple",-27.332945176,-55.522249458,"54021","Candelaria","INDEC","540077","Loreto","54021040","54021040","Loreto","Loreto","54","Misiones"
"Localidad simple",-27.369213784,-55.5817097,"54021","Candelaria","INDEC","540098","Santa Ana","54021080","54021080","Santa Ana","Santa Ana","54","Misiones"
"Localidad simple",-27.466521823,-55.798992971,"54021","Candelaria","INDEC","540063","Candelaria","54021005","54021005","Barrio del Lago","Barrio del Lago","54","Misiones"
"Componente de localidad compuesta",-27.483777107,-55.829701655,"54028","Capital","INDEC","540112","Garupá","54028010","54028010","Garupá","Garupá","54","Misiones"
"Localidad simple",-27.3564761,-56.017222676,"54028","Capital","INDEC","540119","Posadas","54028020","54028020","Nemesio Parma","Nemesio Parma","54","Misiones"
"Componente de localidad compuesta",-27.452433675,-55.852711487,"54028","Capital","INDEC","540112","Garupá","54028040","54028040","Posadas (Expansión)","Posadas (Extensión)","54","Misiones"
"Componente de localidad compuesta",-27.36642598,-55.893980275,"54028","Capital","INDEC","540119","Posadas","54028030","54028030","Posadas","Posadas","54","Misiones"
"Localidad simple",-28.116698228,-55.581515994,"54035","Concepción","INDEC","540126","Concepción de la Sierra","54035010","54035010","Barra Concepción","Barra Concepción","54","Misiones"
"Localidad simple",-27.98057839,-55.521588222,"54035","Concepción","INDEC","540126","Concepción de la Sierra","54035020","54035020","Concepción de la Sierra","Concepción de la Sierra","54","Misiones"
"Localidad simple",-27.892533777,-55.355554884,"54035","Concepción","INDEC","540133","Santa María","54035030","54035030","La Corita","La Corita","54","Misiones"
"Localidad simple",-27.934514129,-55.407334404,"54035","Concepción","INDEC","540133","Santa María","54035040","54035040","Santa María","Santa María","54","Misiones"
"Localidad simple",-27.508117891,-55.403523665,"54070","Leandro N. Alem","INDEC","540238","Almafuerte","54070010","54070010","Almafuerte","Almafuerte","54","Misiones"
"Localidad simple",-27.484875306,-55.298960962,"54070","Leandro N. Alem","INDEC","540252","Caá Yarí","54070030","54070030","Caá Yarí","Caá - Yarí","54","Misiones"
"Localidad simple",-27.633575241,-55.497415991,"54070","Leandro N. Alem","INDEC","540259","Cerro Azul","54070040","54070040","Cerro Azul","Cerro Azul","54","Misiones"
"Localidad simple",-27.699075224,-55.251821768,"54070","Leandro N. Alem","INDEC","540266","Dos Arroyos","54070050","54070050","Dos Arroyos","Dos Arroyos","54","Misiones"
"Localidad simple",-27.666356574,-55.213470975,"54070","Leandro N. Alem","INDEC","540273","Gobernador López","54070060","54070060","Gobernador López","Gobernador López","54","Misiones"
"Localidad simple",-27.603731651,-55.323619338,"54070","Leandro N. Alem","INDEC","540280","Leandro N. Alem","54070070","54070070","Leandro N. Alem","Leandro N. Alem","54","Misiones"
"Localidad simple",-27.567586745,-55.502279967,"54070","Leandro N. Alem","INDEC","540287","Olegario V. Andrade","54070080","54070080","Olegario V. Andrade","Olegario V. Andrade","54","Misiones"
"Componente de localidad compuesta",-27.565435167,-55.320198096,"54070","Leandro N. Alem","INDEC","540280","Leandro N. Alem","54070090","54070090","Villa Libertad","Villa Libertad","54","Misiones"
"Localidad simple",-27.698256629,-55.404864102,"54070","Leandro N. Alem","INDEC","540245","Arroyo del Medio","54070020","54070020","Arroyo del Medio","Arroyo del Medio","54","Misiones"
"Localidad simple",-27.360031099,-55.231326503,"54091","Oberá","INDEC","540371","Colonia Alberdi","54091010","54091010","Colonia Alberdi","Colonia Alberdi","54","Misiones"
"Localidad simple",-27.523176503,-55.157646129,"54091","Oberá","INDEC","540385","Guaraní","54091060","54091060","Guaraní","Guaraní","54","Misiones"
"Localidad simple",-27.46604416,-55.275544957,"54091","Oberá","INDEC","540413","San Martín","54091110","54091110","San Martín","San Martín","54","Misiones"
"Localidad simple",-27.495194914,-55.198727955,"54091","Oberá","INDEC","540399","Oberá","54091040","54091040","El Salto","El Salto","54","Misiones"
"Localidad simple",-27.355431242,-55.338470349,"54098","San Ignacio","INDEC","540462","San Ignacio","54098030","54098030","Domingo Savio","Domingo Savio","54","Misiones"
"Localidad simple",-27.871400567,-55.262214015,"54105","San Javier","INDEC","540483","Itacaruaré","54105020","54105020","Itacaruaré","Itacaruaré","54","Misiones"
"Localidad simple",-27.869480117,-55.138715236,"54105","San Javier","INDEC","540497","San Javier","54105040","54105040","San Javier","San Javier","54","Misiones"
"Localidad simple",-26.059266635,-67.406551712,"10028","Antofagasta de la Sierra","INDEC","100056","Antofagasta de la Sierra","10028010","10028010","Antofagasta de la Sierra","Antofagasta de la Sierra","10","Catamarca"
"Localidad simple",-26.4754473,-67.265208334,"10028","Antofagasta de la Sierra","INDEC","100056","Antofagasta de la Sierra","10028030","10028030","El Peñón","El Peñón","10","Catamarca"
"Localidad simple",-25.824638181,-67.371792918,"10028","Antofagasta de la Sierra","INDEC","100056","Antofagasta de la Sierra","10028040","10028040","Los Nacimientos","Los Nacimientos","10","Catamarca"
"Localidad simple",-24.589400771,-67.395204744,"66105","Los Andes","INDEC","660252","Tolar Grande","66105040","66105040","Tolar Grande","Tolar Grande","66","Salta"
"Localidad simple",-22.153600412,-62.808645039,"66133","Rivadavia","INDEC","660343","Santa Victoria Este","66133080","66133080","Santa María","Santa María","66","Salta"
"Localidad simple",-23.470477961,-62.887905868,"66133","Rivadavia","INDEC","660329","Rivadavia Banda Norte","66133030","66133030","Coronel Juan Solá","Coronel Juan Solá","66","Salta"
"Localidad simple",-23.37124165,-63.096722764,"66133","Rivadavia","INDEC","660329","Rivadavia Banda Norte","66133060","66133060","Pluma de Pato","Pluma de Pato","66","Salta"
"Localidad simple",-22.272730366,-62.71257788,"66133","Rivadavia","INDEC","660343","Santa Victoria Este","66133100","66133100","Santa Victoria Este","Santa Victoria Este","66","Salta"
"Localidad simple",-21.999710968,-62.82373828,"66133","Rivadavia","INDEC","660343","Santa Victoria Este","66133035","66133035","Hito 1","Hito 1","66","Salta"
"Localidad simple",-25.61503513,-63.264857547,"22007","Almirante Brown","INDEC","220028","Taco Pozo","22007050","22007050","Taco Pozo","Taco Pozo","22","Chaco"
"Localidad simple",-25.100544491,-64.221570608,"66007","Anta","INDEC","660028","Joaquín V. González","66007050","66007050","Coronel Olleros","Coronel Olleros","66","Salta"
"Localidad simple",-25.331998582,-64.017649374,"66007","Anta","INDEC","660014","El Quebrachal","66007060","66007060","El Quebrachal","El Quebrachal","66","Salta"
"Localidad simple",-25.241490819,-64.037217666,"66007","Anta","INDEC","660014","El Quebrachal","66007070","66007070","Gaona","Gaona","66","Salta"
"Localidad simple",-25.117391395,-64.124773236,"66007","Anta","INDEC","660028","Joaquín V. González","66007090","66007090","Joaquín V. González","Joaquín V. González","66","Salta"
"Localidad simple",-25.458991483,-63.779757916,"66007","Anta","INDEC","660014","El Quebrachal","66007130","66007130","Nuestra Señora de Talavera","Nuestra Señora de Talavera","66","Salta"
"Localidad simple",-24.674798417,-64.201349993,"66007","Anta","INDEC","660035","Las Lajitas","66007150","66007150","Rí­o del Valle","Río del Valle","66","Salta"
"Localidad simple",-25.110234298,-64.275199746,"66007","Anta","INDEC","660028","Joaquín V. González","66007020","66007020","Ceibalito","Ceibalito","66","Salta"
"Localidad simple",-24.957298516,-63.854644051,"66007","Anta","INDEC","660028","Joaquín V. González","66007030","66007030","Centro 25 de Junio","Centro 25 de Junio","66","Salta"
"Localidad simple",-25.525700834,-63.524319718,"66007","Anta","INDEC","660014","El Quebrachal","66007160","66007160","Tolloche","Tolloche","66","Salta"
"Localidad simple",-25.402826309,-63.9809716,"66007","Anta","INDEC","660014","El Quebrachal","66007120","66007120","Macapillo","Macapillo","66","Salta"
"Localidad simple",-25.26615673,-64.075885798,"66112","Metán","INDEC","660259","El Galpón","66112080","66112080","San José de Orquera","San José de Orquera","66","Salta"
"Localidad simple",-25.253500783,-64.397784812,"66112","Metán","INDEC","660259","El Galpón","66112020","66112020","El Tunal","El Tunal","66","Salta"
"Localidad simple",-25.380625186,-64.651619254,"66112","Metán","INDEC","660259","El Galpón","66112010","66112010","El Galpón","El Galpón","66","Salta"
"Localidad simple",-25.714277292,-63.042248469,"86056","Copo","INDEC","","","86056090","86056090","Urutaú","Urutaú","86","Santiago del Estero"
"Localidad simple",-43.305223669,-65.103695732,"26077","Rawson","INDEC","260112","Rawson","26077030","26077030","Rawson","Rawson","26","Chubut"
"Localidad simple",-41.99630436,-65.293172387,"26007","Biedma","INDEC","","","26007010","26007010","Arroyo Verde","Arroyo Verde","26","Chubut"
"Localidad simple",-42.767281496,-65.036675588,"26007","Biedma","INDEC","260007","Puerto Madryn","26007020","26007020","Puerto Madryn","Puerto Madryn","26","Chubut"
"Localidad simple",-42.572091061,-64.284162878,"26007","Biedma","INDEC","265028","Puerto Pirámides","26007030","26007030","Puerto Pirámides","Puerto Pirámides","26","Chubut"
"Localidad simple",-42.813969481,-65.039525105,"26007","Biedma","INDEC","260007","Puerto Madryn","26007040","26007040","Quintas del Mirador","Quintas El Mirador","26","Chubut"
"Localidad simple",-42.644504547,-65.040037713,"26007","Biedma","INDEC","260007","Puerto Madryn","26007050","26007050","Reserva Área Protegida El Doradillo","Reserva Area Protegida El Doradillo","26","Chubut"
"Localidad simple",-43.291616798,-65.498370867,"26042","Gaiman","INDEC","260098","Gaiman","26042030","26042030","Gaiman","Gaiman","26","Chubut"
"Localidad simple",-43.381948267,-65.045502263,"26077","Rawson","INDEC","260112","Rawson","26077010","26077010","Playa Magagna","Playa Magagna","26","Chubut"
"Localidad simple",-43.321660695,-65.047880037,"26077","Rawson","INDEC","260112","Rawson","26077020","26077020","Playa Unión","Playa Unión","26","Chubut"
"Localidad simple",-43.253186751,-65.309380589,"26077","Rawson","INDEC","260119","Trelew","26077040","26077040","Trelew","Trelew","26","Chubut"
"Localidad simple",-41.083199924,-63.932601599,"62007","Adolfo Alsina","INDEC","620014","Viedma","62007010","62007010","Bahía Creek","Bahía Creek","62","Río Negro"
"Localidad simple",-40.425718841,-63.672254516,"62007","Adolfo Alsina","INDEC","620007","Guardia Mitre","62007040","62007040","Guardia Mitre","Guardia Mitre","62","Río Negro"
"Localidad simple",-41.152726809,-63.125416155,"62007","Adolfo Alsina","INDEC","620014","Viedma","62007050","62007050","La Lobería","La Lobería","62","Río Negro"
"Localidad simple",-40.749798773,-63.26711411,"62007","Adolfo Alsina","INDEC","625014","Fuerte San Javier","62007080","62007080","Fuerte San Javier","San Javier","62","Río Negro"
"Localidad simple",-40.807406055,-63.12328095,"62007","Adolfo Alsina","INDEC","620014","Viedma","62007030","62007030","El Juncal","El Juncal","62","Río Negro"
"Localidad simple",-41.01275154,-64.162498025,"62007","Adolfo Alsina","INDEC","","","62007070","62007070","Pozo Salado","Pozo Salado","62","Río Negro"
"Localidad simple",-40.106186003,-64.453014106,"62028","Conesa","INDEC","620084","General Conesa","62028020","62028020","General Conesa","General Conesa","62","Río Negro"
"Localidad simple",-40.061929927,-64.474854427,"62028","Conesa","INDEC","","","62028030","62028030","Barrio Planta Compresora de Gas","Barrio Planta Compresora de Gas","62","Río Negro"
"Localidad simple",-40.151035948,-64.348591808,"62028","Conesa","INDEC","620084","General Conesa","62028010","62028010","Barrio Colonia Conesa","Barrio Colonia Conesa","62","Río Negro"
"Localidad simple",-41.605459945,-65.357023772,"62077","San Antonio","INDEC","620238","Sierra Grande","62077060","62077060","Sierra Grande","Sierra Grande","62","Río Negro"
"Localidad simple",-41.631137904,-65.026596572,"62077","San Antonio","INDEC","620238","Sierra Grande","62077020","62077020","Playas Doradas","Playas Doradas","62","Río Negro"
"Localidad simple",-40.711560851,-65.003725245,"62077","San Antonio","INDEC","620231","San Antonio Oeste","62077005","62077005","El Empalme","El Empalme","62","Río Negro"
"Localidad simple",-40.809087093,-65.088074006,"62077","San Antonio","INDEC","620231","San Antonio Oeste","62077010","62077010","Las Grutas","Las Grutas","62","Río Negro"
"Localidad simple",-41.69443117,-65.029147413,"62077","San Antonio","INDEC","620238","Sierra Grande","62077040","62077040","Punta Colorada","Punta Colorada","62","Río Negro"
"Localidad simple",-40.815251908,-64.757420379,"62077","San Antonio","INDEC","620231","San Antonio Oeste","62077045","62077045","Saco Viejo","Saco Viejo","62","Río Negro"
"Localidad simple",-40.730132579,-64.938971075,"62077","San Antonio","INDEC","620231","San Antonio Oeste","62077050","62077050","San Antonio Oeste","San Antonio Oeste","62","Río Negro"
"Localidad simple",-40.80434576,-64.880410586,"62077","San Antonio","INDEC","620231","San Antonio Oeste","62077030","62077030","Puerto San Antonio Este","Puerto San Antonio Este","62","Río Negro"
"Localidad simple",-41.190567914,-65.976100335,"62084","Valcheta","INDEC","625189","Sierra Pailemán","62084050","62084050","Sierra Pailemán","Sierra Pailemán","62","Río Negro"
"Localidad simple",-41.434736288,-66.101232416,"62084","Valcheta","INDEC","625147","Arroyo Los Berros","62084020","62084020","Arroyo Los Berros","Arroyo Los Berros","62","Río Negro"
"Localidad simple",-40.676351707,-66.166517029,"62084","Valcheta","INDEC","620245","Valcheta","62084060","62084060","Valcheta","Valcheta","62","Río Negro"
"Localidad simple",-41.665441347,-66.094247559,"62084","Valcheta","INDEC","625154","Arroyo Ventana","62084030","62084030","Arroyo Ventana","Arroyo Ventana","62","Río Negro"
"Localidad simple",-40.848940718,-65.842491127,"62084","Valcheta","INDEC","625168","Aguada Cecilio","62084010","62084010","Aguada Cecilio","Aguada Cecilio","62","Río Negro"
"Localidad simple",-37.998674784,-68.922908597,"58014","Añelo","INDEC","585014","Aguada San Roque","58014005","58014005","Aguada San Roque","Aguada San Roque","58","Neuquén"
"Localidad simple",-38.354255899,-68.787543077,"58014","Añelo","INDEC","580014","Añelo","58014010","58014010","Añelo","Añelo","58","Neuquén"
"Localidad simple",-38.625875533,-68.299895001,"58014","Añelo","INDEC","580021","San Patricio del Chañar","58014020","58014020","San Patricio del Chañar","San Patricio del Chañar","58","Neuquén"
"Localidad simple",-39.074437741,-68.57260718,"58035","Confluencia","INDEC","580077","Senillosa","58035010","58035010","Arroyito","Arroyito","58","Neuquén"
"Localidad simple",-38.830156536,-68.121477474,"58035","Confluencia","INDEC","580042","Centenario","58035030","58035030","Centenario","Centenario","58","Neuquén"
"Componente de localidad compuesta",-38.937911284,-69.229365812,"58035","Confluencia","INDEC","580049","Cutral Co","58035040","58035040","Cutral Co","Cutral Có","58","Neuquén"
"Componente de localidad compuesta",-38.951828821,-68.059181307,"58035","Confluencia","INDEC","580056","Neuquén","58035070","58035070","Neuquén","Neuquén","58","Neuquén"
"Componente de localidad compuesta",-38.952354872,-68.227147389,"58035","Confluencia","INDEC","580070","Plottier","58035100","58035100","Plottier","Plottier","58","Neuquén"
"Localidad simple",-39.010092919,-68.425975934,"58035","Confluencia","INDEC","580077","Senillosa","58035110","58035110","Senillosa","Senillosa","58","Neuquén"
"Localidad simple",-39.26154727,-68.778927738,"58035","Confluencia","INDEC","580084","Villa El Chocón","58035120","58035120","Villa El Chocón","Villa El Chocón","58","Neuquén"
"Localidad simple",-38.773029803,-68.135492124,"58035","Confluencia","INDEC","580091","Vista Alegre","58035140","58035140","Vista Alegre Sur","Vista Alegre Sur","58","Neuquén"
"Componente de localidad compuesta",-38.930123891,-69.207777891,"58035","Confluencia","INDEC","580063","Plaza Huincul","58035090","58035090","Plaza Huincul","Plaza Huincul","58","Neuquén"
"Localidad simple",-39.479814747,-69.531148648,"58098","Picún Leufú","INDEC","585112","El Sauce","58098005","58098005","El Sauce","El Sauce","58","Neuquén"
"Localidad simple",-39.518627865,-69.291061135,"58098","Picún Leufú","INDEC","580217","Picún Leufú","58098020","58098020","Picún Leufú","Picún Leufú","58","Neuquén"
"Localidad simple",-38.864329711,-69.744696092,"58112","Zapala","INDEC","585147","Ramón M. Castro","58112030","58112030","Ramón M. Castro","Ramón M. Castro","58","Neuquén"
"Localidad simple",-39.165407309,-66.146417036,"62014","Avellaneda","INDEC","620021","Chimpay","62014010","62014010","Barrio Unión","Barrio Unión","62","Río Negro"
"Localidad simple",-39.087718148,-66.520752012,"62014","Avellaneda","INDEC","625084","Chelforó","62014020","62014020","Chelforó","Chelforó","62","Río Negro"
"Localidad simple",-39.165398302,-66.146417017,"62014","Avellaneda","INDEC","620021","Chimpay","62014030","62014030","Chimpay","Chimpay","62","Río Negro"
"Localidad simple",-39.186766186,-65.954793623,"62014","Avellaneda","INDEC","620035","Coronel Belisle","62014050","62014050","Coronel Belisle","Coronel Belisle","62","Río Negro"
"Localidad simple",-39.20295442,-65.739755674,"62014","Avellaneda","INDEC","620042","Darwin","62014060","62014060","Darwin","Darwin","62","Río Negro"
"Localidad simple",-39.425154054,-65.702145063,"62014","Avellaneda","INDEC","620049","Lamarque","62014070","62014070","Lamarque","Lamarque","62","Río Negro"
"Localidad simple",-39.487046135,-65.610796348,"62014","Avellaneda","INDEC","620063","Pomona","62014090","62014090","Pomona","Pomona","62","Río Negro"
"Localidad simple",-39.310705923,-65.763563806,"62014","Avellaneda","INDEC","620056","Luis Beltrán","62014080","62014080","Luis Beltrán","Luis Beltrán","62","Río Negro"
"Localidad simple",-39.296355387,-65.657678676,"62014","Avellaneda","INDEC","620028","Choele Choel","62014040","62014040","Choele Choel","Choele Choel","62","Río Negro"
"Localidad simple",-39.726274502,-68.491504663,"62035","El Cuy","INDEC","625063","Cerro Policía","62035020","62035020","Cerro Policía","Cerro Policía","62","Río Negro"
"Localidad simple",-38.982252433,-68.149754749,"62035","El Cuy","INDEC","620133","Cipolletti","62035040","62035040","Las Perlas","Las Perlas","62","Río Negro"
"Localidad simple",-39.156312303,-66.787553459,"62035","El Cuy","INDEC","625112","Valle Azul","62035080","62035080","Valle Azul","Valle Azul","62","Río Negro"
"Componente de localidad compuesta",-39.113858517,-67.626634099,"62035","El Cuy","INDEC","620161","General Roca","62035070","62035070","Paso Córdova","Paso Córdova","62","Río Negro"
"Localidad simple",-39.926094258,-68.342753852,"62035","El Cuy","INDEC","625056","El Cuy","62035030","62035030","El Cuy","El Cuy","62","Río Negro"
"Localidad simple",-38.706695376,-68.17309382,"62042","General Roca","INDEC","620098","Campo Grande","62042570","62042570","Villa San Isidro","Villa San Isidro","62","Río Negro"
"Componente de localidad compuesta",-39.106782381,-67.627370212,"62042","General Roca","INDEC","620161","General Roca","62042490","62042490","Paso Córdova","Paso Córdova","62","Río Negro"
"Localidad simple",-39.078447716,-67.157451918,"62042","General Roca","INDEC","620147","General Enrique Godoy","62042430","62042430","General Enrique Godoy","General Enrique Godoy","62","Río Negro"
"Localidad simple",-39.017321119,-67.718435332,"62042","General Roca","INDEC","620091","Allen","62042160","62042160","Barrio Guerrico","Barrio Guerrico","62","Río Negro"
"Localidad simple",-38.968428451,-67.947644368,"62042","General Roca","INDEC","620154","General Fernández Oro","62042350","62042350","Barrio Unión","Barrio Unión","62","Río Negro"
"Localidad simple",-38.827560747,-68.066168133,"62042","General Roca","INDEC","620126","Cinco Saltos","62042390","62042390","Cinco Saltos","Cinco Saltos","62","Río Negro"
"Localidad simple",-39.089348457,-67.672944658,"62042","General Roca","INDEC","620161","General Roca","62042250","62042250","Barrio Mar del Plata","Barrio Mar del Plata","62","Río Negro"
"Localidad simple",-38.867395093,-68.018686216,"62042","General Roca","INDEC","620133","Cipolletti","62042280","62042280","Barrio Norte","Barrio Norte","62","Río Negro"
"Localidad simple",-39.041805795,-67.781482417,"62042","General Roca","INDEC","620091","Allen","62042215","62042215","Barrio La Herradura","Barrio La Herradura","62","Río Negro"
"Localidad simple",-38.666885675,-68.242938549,"62042","General Roca","INDEC","620098","Campo Grande","62042120","62042120","Barrio El Labrador","Barrio El Labrador","62","Río Negro"
"Localidad simple",-39.057331691,-67.47277958,"62042","General Roca","INDEC","620112","Cervantes","62042147","62042147","Barrio Fátima","Barrio Fátima","62","Río Negro"
"Localidad simple",-39.029185403,-67.810842242,"62042","General Roca","INDEC","620091","Allen","62042090","62042090","Barrio Costa Este","Barrio Costa Este","62","Río Negro"
"Localidad simple",-38.979510657,-67.828021398,"62042","General Roca","INDEC","620091","Allen","62042010","62042010","Allen","Allen","62","Río Negro"
"Localidad simple",-39.06424534,-67.30564485,"62042","General Roca","INDEC","620175","Mainqué","62042480","62042480","Mainqué","Mainqué","62","Río Negro"
"Localidad simple",-39.126374177,-67.102737658,"62042","General Roca","INDEC","620182","Villa Regina","62042340","62042340","Barrio Santa Rita","Barrio Santa Rita","62","Río Negro"
"Localidad simple",-39.13584825,-66.894796965,"62042","General Roca","INDEC","620119","Chichinales","62042265","62042265","Barrio Moño Azul","Barrio Moño Azul","62","Río Negro"
"Localidad simple",-37.693024348,-67.870281106,"62042","General Roca","INDEC","625105","Peñas Blancas","62042115","62042115","Barrio Destacamento","Barrio Destacamento","62","Río Negro"
"Localidad simple",-39.056199463,-67.34508935,"62042","General Roca","INDEC","620175","Mainqué","62042245","62042245","Barrio Luisillo","Barrio Luisillo","62","Río Negro"
"Localidad simple",-38.726458925,-68.041166618,"62042","General Roca","INDEC","","","62042020","62042020","Paraje Arroyón (Bajo San Cayetano)","Paraje Arroyón (Bajo San Cayetano)","62","Río Negro"
"Localidad simple",-39.035278069,-67.793092035,"62042","General Roca","INDEC","620091","Allen","62042040","62042040","Barrio Blanco","Barrio Blanco","62","Río Negro"
"Localidad simple",-39.049856418,-67.736804069,"62042","General Roca","INDEC","620091","Allen","62042060","62042060","Barrio Calle Ciega N° 6","Barrio Calle Ciega Nº 6","62","Río Negro"
"Localidad simple",-39.028074024,-67.840695046,"62042","General Roca","INDEC","620091","Allen","62042110","62042110","Barrio Costa Oeste","Barrio Costa Oeste","62","Río Negro"
"Localidad simple",-38.996282495,-67.761806412,"62042","General Roca","INDEC","620091","Allen","62042130","62042130","Barrio El Maruchito","Barrio El Maruchito","62","Río Negro"
"Localidad simple",-39.074272273,-67.705800123,"62042","General Roca","INDEC","620161","General Roca","62042150","62042150","Barrio Frontera","Barrio Frontera","62","Río Negro"
"Localidad simple",-39.029116556,-67.49967737,"62042","General Roca","INDEC","620112","Cervantes","62042240","62042240","Puente Cero","Puente Cero","62","Río Negro"
"Localidad simple",-38.99160831,-67.964760358,"62042","General Roca","INDEC","620133","Cipolletti","62042260","62042260","Barrio María Elvira","Barrio María Elvira","62","Río Negro"
"Localidad simple",-38.995476012,-67.917993632,"62042","General Roca","INDEC","620154","General Fernández Oro","62042170","62042170","Barrio Isla 10","Barrio Isla 10","62","Río Negro"
"Localidad simple",-39.033518341,-67.298695655,"62042","General Roca","INDEC","620175","Mainqué","62042335","62042335","Barrio Santa Lucía","Barrio Santa Lucia","62","Río Negro"
"Componente de localidad compuesta",-38.938784771,-67.99550268,"62042","General Roca","INDEC","620133","Cipolletti","62042400","62042400","Cipolletti","Cipolletti","62","Río Negro"
"Localidad simple",-38.954121067,-67.929226268,"62042","General Roca","INDEC","620154","General Fernández Oro","62042440","62042440","General Fernández Oro","General Fernández Oro","62","Río Negro"
"Localidad simple",-39.026819847,-67.574836493,"62042","General Roca","INDEC","620161","General Roca","62042450","62042450","General Roca","General Roca","62","Río Negro"
"Localidad simple",-39.073240015,-67.238683819,"62042","General Roca","INDEC","620168","Ingeniero Huergo","62042460","62042460","Ingeniero Luis A. Huergo","Ingeniero Luis A. Huergo","62","Río Negro"
"Localidad simple",-39.12861962,-67.046772204,"62042","General Roca","INDEC","620182","Villa Regina","62042530","62042530","Villa Alberdi","Villa Alberdi","62","Río Negro"
"Localidad simple",-38.680616389,-68.216022959,"62042","General Roca","INDEC","620098","Campo Grande","62042550","62042550","Villa Manzano","Villa Manzano","62","Río Negro"
"Localidad simple",-39.068851013,-67.638549461,"62042","General Roca","INDEC","620161","General Roca","62042070","62042070","Barrio Canale","Barrio Canale","62","Río Negro"
"Localidad simple",-39.051502734,-67.635734204,"62042","General Roca","INDEC","620161","General Roca","62042080","62042080","Barrio Chacra Monte","Barrio Chacra Monte","62","Río Negro"
"Localidad simple",-39.022279673,-67.80341785,"62042","General Roca","INDEC","620091","Allen","62042050","62042050","Barrio Calle Ciega N° 10","Barrio Calle Ciega Nº 10","62","Río Negro"
"Localidad simple",-39.062379018,-67.511576003,"62042","General Roca","INDEC","620161","General Roca","62042140","62042140","Barrio El Petróleo","Barrio El Petróleo","62","Río Negro"
"Localidad simple",-39.001285533,-67.848819168,"62042","General Roca","INDEC","620091","Allen","62042143","62042143","Barrio Emergente","Barrio Emergente","62","Río Negro"
"Localidad simple",-39.092286421,-67.203356712,"62042","General Roca","INDEC","620168","Ingeniero Huergo","62042200","62042200","Barrio La Costa","Barrio La Costa","62","Río Negro"
"Localidad simple",-39.031124491,-67.387295988,"62042","General Roca","INDEC","620112","Cervantes","62042210","62042210","Barrio La Defensa","Barrio La Defensa","62","Río Negro"
"Localidad simple",-39.050801345,-67.217461405,"62042","General Roca","INDEC","620168","Ingeniero Huergo","62042180","62042180","Barrio La Barda","Barrio La Barda","62","Río Negro"
"Localidad simple",-39.044555911,-67.456947311,"62042","General Roca","INDEC","620112","Cervantes","62042310","62042310","Barrio Porvenir","Barrio Porvenir","62","Río Negro"
"Localidad simple",-39.05396132,-67.394156969,"62042","General Roca","INDEC","620112","Cervantes","62042370","62042370","Cervantes","Cervantes","62","Río Negro"
"Localidad simple",-39.114748466,-66.942250191,"62042","General Roca","INDEC","620119","Chichinales","62042380","62042380","Chichinales","Chichinales","62","Río Negro"
"Localidad simple",-38.757741745,-68.099668307,"62042","General Roca","INDEC","620140","Contralmirante Cordero","62042410","62042410","Contralmirante Cordero","Contralmirante Cordero","62","Río Negro"
"Localidad simple",-38.887942832,-68.007524756,"62042","General Roca","INDEC","620133","Cipolletti","62042420","62042420","Ferri","Ferri","62","Río Negro"
"Localidad simple",-39.107235286,-66.998116718,"62042","General Roca","INDEC","620119","Chichinales","62042470","62042470","Ingeniero Otto Krause","Ingeniero Otto Krause","62","Río Negro"
"Localidad simple",-38.686374123,-68.158614304,"62042","General Roca","INDEC","620098","Campo Grande","62042520","62042520","Sargento Vidal","Sargento Vidal","62","Río Negro"
"Localidad simple",-39.094557598,-67.082395443,"62042","General Roca","INDEC","620182","Villa Regina","62042560","62042560","Villa Regina","Villa Regina","62","Río Negro"
"Localidad simple",-39.126138217,-66.997458349,"62042","General Roca","INDEC","620119","Chichinales","62042540","62042540","Villa del Parque","Villa del Parque","62","Río Negro"
"Localidad simple",-27.921750699,-65.838608336,"10007","Ambato","INDEC","100028","Los Varela","10007010","10007010","Chuchucaruana","Chuchucaruana","10","Catamarca"
"Localidad simple",-28.065491919,-65.812634343,"10007","Ambato","INDEC","100014","La Puerta","10007020","10007020","Colpes","Colpes","10","Catamarca"
"Localidad simple",-27.903904224,-65.88105266,"10007","Ambato","INDEC","100028","Los Varela","10007030","10007030","El Bolsón","El Bolsón","10","Catamarca"
"Localidad simple",-28.212696761,-65.876487369,"10007","Ambato","INDEC","100007","El Rodeo","10007040","10007040","El Rodeo","El Rodeo","10","Catamarca"
"Localidad simple",-28.119351367,-65.798462431,"10007","Ambato","INDEC","100014","La Puerta","10007050","10007050","Huaycama","Huaycama","10","Catamarca"
"Localidad simple",-28.156345287,-65.79386763,"10007","Ambato","INDEC","100014","La Puerta","10007060","10007060","La Puerta","La Puerta","10","Catamarca"
"Localidad simple",-27.688171836,-65.923748204,"10007","Ambato","INDEC","100028","Los Varela","10007070","10007070","Las Chacritas","Las Chacritas","10","Catamarca"
"Localidad simple",-28.098311288,-65.899236797,"10007","Ambato","INDEC","100021","Las Juntas","10007080","10007080","Las Juntas","Las Juntas","10","Catamarca"
"Localidad simple",-27.959829804,-65.81280441,"10007","Ambato","INDEC","100028","Los Varela","10007090","10007090","Los Castillos","Los Castillos","10","Catamarca"
"Localidad simple",-27.94153055,-65.868048514,"10007","Ambato","INDEC","100028","Los Varela","10007100","10007100","Los Talas","Los Talas","10","Catamarca"
"Localidad simple",-27.931468298,-65.872020639,"10007","Ambato","INDEC","100028","Los Varela","10007110","10007110","Los Varela","Los Varela","10","Catamarca"
"Localidad simple",-27.804307993,-65.871198254,"10007","Ambato","INDEC","100028","Los Varela","10007120","10007120","Singuil","Singuil","10","Catamarca"
"Localidad simple",-27.489888458,-66.020865975,"10021","Andalgalá","INDEC","100042","Aconquija","10021050","10021050","El Alamito","El Alamito","10","Catamarca"
"Localidad simple",-27.466633812,-66.010752017,"10021","Andalgalá","INDEC","100042","Aconquija","10021060","10021060","El Lindero","El Lindero","10","Catamarca"
"Localidad simple",-28.262572132,-65.637347195,"10077","Paclín","INDEC","100182","Paclín","10077010","10077010","Amadores","Amadores","10","Catamarca"
"Localidad simple",-27.939660137,-65.697663598,"10077","Paclín","INDEC","100182","Paclín","10077040","10077040","La Higuera","La Higuera","10","Catamarca"
"Localidad simple",-28.15440774,-65.659438546,"10077","Paclín","INDEC","100182","Paclín","10077050","10077050","La Merced","La Merced","10","Catamarca"
"Localidad simple",-28.039283781,-65.596836076,"10077","Paclín","INDEC","100182","Paclín","10077060","10077060","La Viña","La Viña","10","Catamarca"
"Localidad simple",-27.838159189,-65.729465357,"10077","Paclín","INDEC","100182","Paclín","10077070","10077070","Las Lajas","Las Lajas","10","Catamarca"
"Localidad simple",-28.179022699,-65.662754196,"10077","Paclín","INDEC","100182","Paclín","10077080","10077080","Monte Potrero","Monte Potrero","10","Catamarca"
"Localidad simple",-28.008461427,-65.71045785,"10077","Paclín","INDEC","100182","Paclín","10077100","10077100","San Antonio","San Antonio","10","Catamarca"
"Localidad simple",-27.882611761,-65.72781895,"10077","Paclín","INDEC","100182","Paclín","10077110","10077110","Villa de Balcozna","Villa de Balcozna","10","Catamarca"
"Localidad simple",-28.179392472,-65.495387948,"10098","Santa Rosa","INDEC","100213","Los Altos","10098010","10098010","Alijilán","Alijilán","10","Catamarca"
"Localidad simple",-28.045007041,-65.497636216,"10098","Santa Rosa","INDEC","100213","Los Altos","10098050","10098050","Los Altos","Los Altos","10","Catamarca"
"Localidad simple",-28.143205244,-65.496786858,"10098","Santa Rosa","INDEC","100213","Los Altos","10098060","10098060","Manantiales","Manantiales","10","Catamarca"
"Localidad simple",-27.335776235,-65.654431732,"90021","Chicligasta","INDEC","900035","Concepción","90021060","90021060","Iltico","Iltico","90","Tucumán"
"Localidad simple",-27.305917553,-65.576849289,"90021","Chicligasta","INDEC","908175","Arcadia","90021030","90021030","Arcadia","Arcadia","90","Tucumán"
"Localidad simple",-27.33578983,-65.757345372,"90021","Chicligasta","INDEC","908161","Alpachiri y El Molino","90021010","90021010","Alpachiri","Alpachiri","90","Tucumán"
"Componente de localidad compuesta",-27.414285567,-65.516775095,"90021","Chicligasta","INDEC","908189","La Trinidad","90021070","90021070","La Trinidad","La Trinidad","90","Tucumán"
"Localidad simple",-27.377626509,-65.608121658,"90021","Chicligasta","INDEC","908168","Alto Verde y Los Guchea","90021020","90021020","Alto Verde","Alto Verde","90","Tucumán"
"Componente de localidad compuesta",-27.345920439,-65.592748303,"90021","Chicligasta","INDEC","900035","Concepción","90021050","90021050","Concepción","Concepción","90","Tucumán"
"Componente de localidad compuesta",-27.421898265,-65.532877069,"90021","Chicligasta","INDEC","908196","Medina","90021080","90021080","Medina","Medina","90","Tucumán"
"Localidad simple",-27.649492167,-65.43942849,"90035","Graneros","INDEC","900049","Graneros","90035010","90035010","Graneros","Graneros","90","Tucumán"
"Localidad simple",-27.530929795,-65.615804249,"90042","Juan Bautista Alberdi","INDEC","908224","Villa Belgrano","90042020","90042020","Villa Belgrano","Villa Belgrano","90","Tucumán"
"Localidad simple",-27.585872921,-65.617296719,"90042","Juan Bautista Alberdi","INDEC","900056","Juan Bautista Alberdi","90042010","90042010","Juan Bautista Alberdi","Juan Bautista Alberdi","90","Tucumán"
"Localidad simple",-27.770010327,-65.588441347,"90049","La Cocha","INDEC","900063","La Cocha","90049010","90049010","La Cocha","La Cocha","90","Tucumán"
"Localidad simple",-27.731220481,-65.583683815,"90049","La Cocha","INDEC","908259","San José de la Cocha","90049020","90049020","San José de la Cocha","San José de La Cocha","90","Tucumán"
"Localidad simple",-27.414789854,-65.693197073,"90077","Río Chico","INDEC","908469","Los Sarmiento y La Tipa","90077020","90077020","Los Sarmiento","Los Sarmientos","90","Tucumán"
"Localidad simple",-27.480045124,-65.625135434,"90077","Río Chico","INDEC","908483","Santa Ana","90077030","90077030","Río Chico","Río Chico","90","Tucumán"
"Localidad simple",-27.474000553,-65.659146384,"90077","Río Chico","INDEC","908483","Santa Ana","90077050","90077050","Villa Clodomiro Hileret","Villa Clodomiro Hileret","90","Tucumán"
"Localidad simple",-27.473624634,-65.685385286,"90077","Río Chico","INDEC","908483","Santa Ana","90077040","90077040","Santa Ana","Santa Ana","90","Tucumán"
"Localidad simple",-27.431628005,-65.614537995,"90077","Río Chico","INDEC","900091","Aguilares","90077010","90077010","Aguilares","Aguilares","90","Tucumán"
"Localidad simple",-27.389447167,-65.45807384,"90091","Simoca","INDEC","908546","Santa Cruz y La Tuna","90091040","90091040","Santa Cruz","Santa Cruz","90","Tucumán"
"Localidad simple",-27.484511336,-65.491250933,"90091","Simoca","INDEC","908532","Río Chico y Nueva Trinidad","90091030","90091030","Nueva Trinidad","Nueva Trinidad","90","Tucumán"
"Localidad simple",-27.583018935,-66.315432685,"10021","Andalgalá","INDEC","100049","Andalgalá","10021020","10021020","Andalgalá","Andalgalá","10","Catamarca"
"Localidad simple",-27.5478659,-66.326871612,"10021","Andalgalá","INDEC","100049","Andalgalá","10021030","10021030","Chaquiago","Chaquiago","10","Catamarca"
"Localidad simple",-27.521049284,-66.383842563,"10021","Andalgalá","INDEC","100049","Andalgalá","10021040","10021040","Choya","Choya","10","Catamarca"
"Localidad simple",-27.510158579,-66.328629961,"10021","Andalgalá","INDEC","100049","Andalgalá","10021070","10021070","El Potrero","El Potrero","10","Catamarca"
"Localidad simple",-28.058637613,-66.197660571,"10084","Pomán","INDEC","100196","Saujil","10084030","10084030","Colpes","Colpes","10","Catamarca"
"Localidad simple",-28.221344385,-66.143342205,"10084","Pomán","INDEC","100196","Saujil","10084080","10084080","Rincón","Rincón","10","Catamarca"
"Localidad simple",-28.140094861,-66.20255363,"10084","Pomán","INDEC","100196","Saujil","10084090","10084090","San Miguel","San Miguel","10","Catamarca"
"Localidad simple",-28.174706235,-66.216045042,"10084","Pomán","INDEC","100196","Saujil","10084100","10084100","Saujil","Saujil","10","Catamarca"
"Localidad simple",-28.261493219,-66.224278498,"10084","Pomán","INDEC","100196","Saujil","10084110","10084110","Siján","Siján","10","Catamarca"
"Localidad simple",-33.897126397,-61.099416362,"06175","Colón","INDEC","060175","Colón","06175010","06175010","Colón","Colón","06","Buenos Aires"
"Localidad simple",-34.048093911,-61.201724347,"06175","Colón","INDEC","060175","Colón","06175040","06175040","Sarasa","Sarasa","06","Buenos Aires"
"Localidad simple",-34.208391907,-61.355242095,"06294","General Arenales","INDEC","060294","General Arenales","06294010","06294010","Arribeños","Arribeños","06","Buenos Aires"
"Localidad simple",-34.230952262,-61.103220978,"06294","General Arenales","INDEC","060294","General Arenales","06294020","06294020","Ascensión","Ascensión","06","Buenos Aires"
"Localidad simple",-34.270885126,-61.293621674,"06294","General Arenales","INDEC","060294","General Arenales","06294030","06294030","Estación Arenales","Estación Arenales","06","Buenos Aires"
"Localidad simple",-34.122576493,-61.133385635,"06294","General Arenales","INDEC","060294","General Arenales","06294040","06294040","Ferré - La Trinidad","Ferré","06","Buenos Aires"
"Localidad simple",-34.303324003,-61.307033889,"06294","General Arenales","INDEC","060294","General Arenales","06294050","06294050","General Arenales","General Arenales","06","Buenos Aires"
"Localidad simple",-34.416282596,-61.92923459,"06351","General Pinto","INDEC","060351","General Pinto","06351010","06351010","Iriarte","Colonia San Ricardo","06","Buenos Aires"
"Localidad simple",-34.577042936,-62.047837206,"06351","General Pinto","INDEC","060351","General Pinto","06351030","06351030","Germania","Germania","06","Buenos Aires"
"Localidad simple",-34.592959918,-61.918892557,"06351","General Pinto","INDEC","060351","General Pinto","06351035","06351035","Günther","Gunther","06","Buenos Aires"
"Localidad simple",-34.579584819,-62.171337418,"06351","General Pinto","INDEC","060351","General Pinto","06351050","06351050","Villa Roth","Villa Roth","06","Buenos Aires"
"Localidad simple",-34.34453606,-61.128501182,"06413","Junín","INDEC","060413","Junín","06413040","06413040","Fortín Tiburcio","Fortín Tiburcio","06","Buenos Aires"
"Localidad simple",-34.572827866,-61.074208604,"06413","Junín","INDEC","060413","Junín","06413080","06413080","Saforcada","Saforcada","06","Buenos Aires"
"Localidad simple",-34.439712754,-61.846574156,"06462","Leandro N. Alem","INDEC","060462","Leandro N. Alem","06462010","06462010","Alberdi Viejo","Alberdi Viejo","06","Buenos Aires"
"Localidad simple",-34.342348395,-61.51518017,"06462","Leandro N. Alem","INDEC","060462","Leandro N. Alem","06462030","06462030","Fortín Acha","Fortín Acha","06","Buenos Aires"
"Localidad simple",-34.438516331,-61.812090154,"06462","Leandro N. Alem","INDEC","060462","Leandro N. Alem","06462040","06462040","Juan Bautista Alberdi","Juan Bautista Alberdi","06","Buenos Aires"
"Localidad simple",-34.519573745,-61.391222423,"06462","Leandro N. Alem","INDEC","060462","Leandro N. Alem","06462050","06462050","Leandro N. Alem","Leandro N. Alem","06","Buenos Aires"
"Localidad simple",-34.497907178,-61.542310597,"06462","Leandro N. Alem","INDEC","060462","Leandro N. Alem","06462060","06462060","Vedia","Vedia","06","Buenos Aires"
"Localidad simple",-34.694623722,-61.328685069,"06469","Lincoln","INDEC","060469","Lincoln","06469030","06469030","Bermúdez","Bermúdez","06","Buenos Aires"
"Localidad simple",-34.378854979,-64.497127781,"14035","General Roca","INDEC","140217","Del Campillo","14035010","14035010","Del Campillo","Del Campillo","14","Córdoba"
"Localidad simple",-34.49608963,-64.810684472,"14035","General Roca","INDEC","","","14035020","14035020","Estación Lecueder","Estación Lecueder","14","Córdoba"
"Localidad simple",-34.723874431,-63.507264674,"14035","General Roca","INDEC","140210","Buchardo","14035030","14035030","Buchardo","Hipólito Bouchard","14","Córdoba"
"Localidad simple",-34.841318209,-64.374674242,"14035","General Roca","INDEC","140224","Huinca Renancó","14035040","14035040","Huinca Renancó","Huinca Renancó","14","Córdoba"
"Localidad simple",-34.790806122,-63.780357387,"14035","General Roca","INDEC","140231","Italó","14035050","14035050","Italó","Italó","14","Córdoba"
"Localidad simple",-34.481256593,-64.170696376,"14035","General Roca","INDEC","140245","Mattaldi","14035060","14035060","Mattaldi","Mattaldi","14","Córdoba"
"Localidad simple",-34.440420236,-64.341641314,"14035","General Roca","INDEC","142224","Nicolás Bruzzone","14035070","14035070","Nicolás Bruzzone","Nicolás Bruzzone","14","Córdoba"
"Localidad simple",-34.772630654,-63.672154527,"14035","General Roca","INDEC","142231","Onagoity","14035080","14035080","Onagoity","Onagoity","14","Córdoba"
"Localidad simple",-34.838183615,-63.916563045,"14035","General Roca","INDEC","142238","Pincén","14035090","14035090","Pincén","Pincén","14","Córdoba"
"Localidad simple",-34.842658642,-64.100317162,"14035","General Roca","INDEC","142245","Ranqueles","14035100","14035100","Ranqueles","Ranqueles","14","Córdoba"
"Localidad simple",-34.518814618,-63.944039472,"14035","General Roca","INDEC","140238","Jovita","14035110","14035110","Jovita","Santa Magdalena","14","Córdoba"
"Localidad simple",-34.840520614,-64.587100025,"14035","General Roca","INDEC","140252","Villa Huidobro","14035120","14035120","Villa Huidobro","Villa Huidobro","14","Córdoba"
"Localidad simple",-34.122853836,-64.725179356,"14035","General Roca","INDEC","142252","Villa Sarmiento","14035130","14035130","Villa Sarmiento","Villa Sarmiento","14","Córdoba"
"Localidad simple",-34.341445816,-64.920814402,"14035","General Roca","INDEC","140259","Villa Valeria","14035140","14035140","Villa Valeria","Villa Valeria","14","Córdoba"
"Localidad simple",-33.60539202,-62.625880988,"14063","Marcos Juárez","INDEC","140476","Alejo Ledesma","14063010","14063010","Alejo Ledesma","Alejo Ledesma","14","Córdoba"
"Localidad simple",-33.642072923,-62.404119466,"14063","Marcos Juárez","INDEC","140483","Arias","14063020","14063020","Arias","Arias","14","Córdoba"
"Localidad simple",-34.007074795,-63.923476502,"14084","Presidente Roque Sáenz Peña","INDEC","140616","General Levalle","14084010","14084010","General Levalle","General Levalle","14","Córdoba"
"Localidad simple",-33.953648091,-62.977302954,"14084","Presidente Roque Sáenz Peña","INDEC","140623","La Cesira","14084020","14084020","La Cesira","La Cesira","14","Córdoba"
"Localidad simple",-34.128632235,-63.390701706,"14084","Presidente Roque Sáenz Peña","INDEC","140630","Laboulaye","14084030","14084030","Laboulaye","Laboulaye","14","Córdoba"
"Localidad simple",-34.204180124,-62.975847182,"14084","Presidente Roque Sáenz Peña","INDEC","142448","Leguizamón","14084040","14084040","Leguizamón","Leguizamón","14","Córdoba"
"Localidad simple",-34.34867548,-63.445150575,"14084","Presidente Roque Sáenz Peña","INDEC","140637","Melo","14084050","14084050","Melo","Melo","14","Córdoba"
"Localidad simple",-34.051372043,-63.733065523,"14084","Presidente Roque Sáenz Peña","INDEC","142455","Río Bamba","14084060","14084060","Río Bamba","Río Bamba","14","Córdoba"
"Localidad simple",-34.171775958,-63.154026448,"14084","Presidente Roque Sáenz Peña","INDEC","140644","Rosales","14084070","14084070","Rosales","Rosales","14","Córdoba"
"Localidad simple",-34.511729721,-63.708841822,"14084","Presidente Roque Sáenz Peña","INDEC","142462","San Joaquín","14084080","14084080","San Joaquín","San Joaquín","14","Córdoba"
"Localidad simple",-34.470674327,-63.540286092,"14084","Presidente Roque Sáenz Peña","INDEC","140651","Serrano","14084090","14084090","Serrano","Serrano","14","Córdoba"
"Localidad simple",-34.297936597,-63.268538983,"14084","Presidente Roque Sáenz Peña","INDEC","140658","Villa Rossi","14084100","14084100","Villa Rossi","Villa Rossi","14","Córdoba"
"Localidad simple",-33.632030388,-64.021678009,"14098","Río Cuarto","INDEC","140763","Adelia María","14098020","14098020","Adelia María","Adelia María","14","Córdoba"
"Localidad simple",-33.622728521,-64.59704814,"14098","Río Cuarto","INDEC","140812","Coronel Moldes","14098100","14098100","Coronel Moldes","Coronel Moldes","14","Córdoba"
"Localidad simple",-33.979644967,-64.083456245,"14098","Río Cuarto","INDEC","140826","La Cautiva","14098130","14098130","La Cautiva","La Cautiva","14","Córdoba"
"Localidad simple",-33.639086418,-63.88967283,"14098","Río Cuarto","INDEC","140854","Monte de los Gauchos","14098210","14098210","Monte de los Gauchos","Monte de los Gauchos","14","Córdoba"
"Localidad simple",-33.819683625,-64.457670074,"14098","Río Cuarto","INDEC","140889","Tosquita","14098280","14098280","Tosquita","Tosquitas","14","Córdoba"
"Localidad simple",-33.915641665,-64.389854557,"14098","Río Cuarto","INDEC","140896","Vicuña Mackenna","14098290","14098290","Vicuña Mackenna","Vicuña Mackenna","14","Córdoba"
"Localidad simple",-33.87373761,-64.689594004,"14098","Río Cuarto","INDEC","142602","Washington","14098320","14098320","Washington","Washington","14","Córdoba"
"Localidad simple",-33.699219434,-62.914657822,"14182","Unión","INDEC","143225","Aldea Santa María","14182010","14182010","Aldea Santa María","Aldea Santa María","14","Córdoba"
"Localidad simple",-33.58746497,-62.728134879,"14182","Unión","INDEC","141617","Benjamín Gould","14182070","14182070","Benjamín Gould","Benjamín Gould","14","Córdoba"
"Localidad simple",-33.562172634,-62.885085615,"14182","Unión","INDEC","141624","Canals","14182080","14182080","Canals","Canals","14","Córdoba"
"Localidad simple",-33.882410685,-62.840501662,"14182","Unión","INDEC","141715","Pueblo Italiano","14182220","14182220","Pueblo Italiano","Pueblo Italiano","14","Córdoba"
"Localidad simple",-33.746051752,-63.097281627,"14182","Unión","INDEC","141736","Viamonte","14182270","14182270","Viamonte","Viamonte","14","Córdoba"
"Localidad simple",-35.057046862,-64.523162794,"42126","Rancul","INDEC","425119","Quetrequén","42126060","42126060","Quetrequén","Quetrequén","42","La Pampa"
"Localidad simple",-35.067769743,-64.68421613,"42126","Rancul","INDEC","420308","Rancul","42126070","42126070","Rancul","Rancul","42","La Pampa"
"Localidad simple",-35.016672651,-64.035320074,"42133","Realicó","INDEC","425007","Adolfo Van Praet","42133010","42133010","Adolfo Van Praet","Adolfo Van Praet","42","La Pampa"
"Localidad simple",-35.04142762,-64.385912335,"42133","Realicó","INDEC","425098","Maisonave","42133030","42133030","Damián Maisonave","Damián Maisonave","42","La Pampa"
"Localidad simple",-33.863374033,-65.178058414,"74035","General Pedernera","INDEC","740070","Justo Daract","74035030","74035030","Justo Daract","Justo Daract","74","San Luis"
"Localidad simple",-33.840039922,-65.213558592,"74035","General Pedernera","INDEC","740070","Justo Daract","74035090","74035090","Villa Salles","Villa Salles","74","San Luis"
"Localidad simple",-33.716280363,-61.050912152,"82028","Constitución","INDEC","822469","Juncal","82028120","82028120","Juncal","Juncal","82","Santa Fe"
"Localidad simple",-33.588495306,-62.123902237,"82042","General López","INDEC","822721","San Francisco de Santa Fe","82042240","82042240","San Francisco de Santa Fe","San Francisco de Santa Fe","82","Santa Fe"
"Localidad simple",-33.598994051,-61.603957106,"82042","General López","INDEC","822623","Chovet","82042080","82042080","Chovet","Chovet","82","Santa Fe"
"Localidad simple",-34.165463773,-62.428120909,"82042","General López","INDEC","822672","Lazzarino","82042160","82042160","Lazzarino","Lazzarino","82","Santa Fe"
"Localidad simple",-34.332785549,-62.374082125,"82042","General López","INDEC","822574","Aarón Castellanos","82042010","82042010","Aarón Castellanos","Aarón Castellanos","82","Santa Fe"
"Localidad simple",-33.800710184,-61.744313849,"82042","General López","INDEC","822616","Chapuy","82042070","82042070","Chapuy","Chapuy","82","Santa Fe"
"Localidad simple",-33.745499157,-61.968733525,"82042","General López","INDEC","820077","Venado Tuerto","82042290","82042290","Venado Tuerto","Venado Tuerto","82","Santa Fe"
"Localidad simple",-34.372650343,-62.128215946,"82042","General López","INDEC","822637","Diego de Alvear","82042100","82042100","Diego de Alvear","Diego de Alvear","82","Santa Fe"
"Localidad simple",-33.801201181,-61.336133209,"82042","General López","INDEC","822651","Hughes","82042130","82042130","Hughes","Hughes","82","Santa Fe"
"Localidad simple",-33.717646028,-61.314076468,"82042","General López","INDEC","822665","Labordeboy","82042150","82042150","Labordeboy","Labordeboy","82","Santa Fe"
"Localidad simple",-34.261872818,-62.711066603,"82042","General López","INDEC","820070","Rufino","82042220","82042220","Rufino","Rufino","82","Santa Fe"
"Localidad simple",-34.189573308,-61.526521596,"82042","General López","INDEC","822749","Teodelina","82042280","82042280","Teodelina","Teodelina","82","Santa Fe"
"Localidad simple",-33.871246213,-62.08892588,"82042","General López","INDEC","822714","San Eduardo","82042230","82042230","San Eduardo","San Eduardo","82","Santa Fe"
"Componente de localidad compuesta",-34.769791045,-58.226143186,"06091","Berazategui","INDEC","060091","Berazategui","06091010","06091010","Berazategui","Berazategui","06","Buenos Aires"
"Componente de localidad compuesta",-34.867460609,-57.888647926,"06098","Berisso","INDEC","060098","Berisso","06098010","06098010","Berisso","Berisso","06","Buenos Aires"
"Localidad simple",-35.36100184,-58.151158063,"06119","Brandsen","INDEC","060119","Brandsen","06119010","06119010","Altamirano","Altamirano","06","Buenos Aires"
"Localidad simple",-35.31453565,-58.04844448,"06119","Brandsen","INDEC","060119","Brandsen","06119015","06119015","Barrio El Mirador","Barrio El Mirador","06","Buenos Aires"
"Localidad simple",-35.001108305,-58.130547945,"06119","Brandsen","INDEC","060119","Brandsen","06119020","06119020","Barrio Las Golondrinas","Barrio Las Golondrinas","06","Buenos Aires"
"Localidad simple",-35.10377538,-58.184868665,"06119","Brandsen","INDEC","060119","Brandsen","06119030","06119030","Barrio Los Bosquecitos","Barrio Los Bosquecitos","06","Buenos Aires"
"Localidad simple",-35.116900336,-58.099268576,"06119","Brandsen","INDEC","060119","Brandsen","06119045","06119045","Campos de Roca - Posada de Los Lagos","Campos de Roca","06","Buenos Aires"
"Localidad simple",-35.167959414,-58.23733024,"06119","Brandsen","INDEC","060119","Brandsen","06119050","06119050","Brandsen","Coronel Brandsen","06","Buenos Aires"
"Localidad simple",-35.067542542,-58.166039505,"06119","Brandsen","INDEC","060119","Brandsen","06119060","06119060","Gómez","Gómez","06","Buenos Aires"
"Localidad simple",-35.277703107,-58.198144564,"06119","Brandsen","INDEC","060119","Brandsen","06119070","06119070","Jeppener","Jeppener","06","Buenos Aires"
"Localidad simple",-35.184480827,-57.949075352,"06119","Brandsen","INDEC","060119","Brandsen","06119080","06119080","Oliden","Oliden","06","Buenos Aires"
"Localidad simple",-35.584066171,-58.068194873,"06218","Chascomús","INDEC","060218","Chascomús","06218003","06218003","Barrio Lomas Altas","Barrio Lomas Altas","06","Buenos Aires"
"Localidad simple",-35.579142668,-58.013673479,"06218","Chascomús","INDEC","060218","Chascomús","06218010","06218010","Chascomús","Chascomús","06","Buenos Aires"
"Localidad simple",-35.536778157,-58.142964648,"06218","Chascomús","INDEC","060218","Chascomús","06218015","06218015","Laguna Vitel","Laguna Vitel","06","Buenos Aires"
"Localidad simple",-35.872865566,-57.896984339,"06466","Lezama","INDEC","060466","Lezama","06466020","06466020","El Destino","Manuel J. Cobo","06","Buenos Aires"
"Localidad simple",-35.626850073,-58.014629349,"06218","Chascomús","INDEC","060218","Chascomús","06218030","06218030","Villa Parque Girado","Villa Parque Girado","06","Buenos Aires"
"Componente de localidad compuesta",-34.857507091,-57.907679521,"06245","Ensenada","INDEC","060245","Ensenada","06245010","06245010","Ensenada","Ensenada","06","Buenos Aires"
"Componente de localidad compuesta",-34.921351918,-57.954502645,"06441","La Plata","INDEC","060441","La Plata","06441030","06441030","La Plata","La Plata","06","Buenos Aires"
"Localidad simple",-35.024295217,-57.535489506,"06505","Magdalena","INDEC","060505","Magdalena","06505010","06505010","Atalaya","Atalaya","06","Buenos Aires"
"Localidad simple",-35.079721721,-57.746887024,"06505","Magdalena","INDEC","060505","Magdalena","06505020","06505020","Bartolomé Bavio","General Mansilla","06","Buenos Aires"
"Localidad simple",-34.995099054,-57.70284464,"06505","Magdalena","INDEC","060505","Magdalena","06505030","06505030","Los Naranjos","Los Naranjos","06","Buenos Aires"
"Localidad simple",-35.080739356,-57.517601894,"06505","Magdalena","INDEC","060505","Magdalena","06505040","06505040","Magdalena","Magdalena","06","Buenos Aires"
"Localidad simple",-35.267464488,-57.57491978,"06505","Magdalena","INDEC","060505","Magdalena","06505060","06505060","Vieytes","Vieytes","06","Buenos Aires"
"Localidad simple",-35.321734804,-57.453964208,"06655","Punta Indio","INDEC","060655","Punta Indio","06655010","06655010","Álvarez Jonte","Alvarez Jonte","06","Buenos Aires"
"Localidad simple",-35.530197629,-57.328324293,"06655","Punta Indio","INDEC","060655","Punta Indio","06655030","06655030","Pipinas","Pipinas","06","Buenos Aires"
"Localidad simple",-35.26856278,-57.247470489,"06655","Punta Indio","INDEC","060655","Punta Indio","06655040","06655040","Punta Indio","Punta Indio","06","Buenos Aires"
"Localidad simple",-35.387409659,-57.33817161,"06655","Punta Indio","INDEC","060655","Punta Indio","06655050","06655050","Verónica","Verónica","06","Buenos Aires"
"Componente de localidad compuesta",-34.66269451,-58.365166856,"06035","Avellaneda","INDEC","060035","Avellaneda","06035010","06035010","Avellaneda","Avellaneda","06","Buenos Aires"
"Componente de localidad compuesta",-34.707555344,-58.391127728,"06434","Lanús","INDEC","060434","Lanús","06434010","06434010","Lanús","Lanús","06","Buenos Aires"
"Componente de localidad compuesta",-34.718858253,-58.26036531,"06658","Quilmes","INDEC","060658","Quilmes","06658010","06658010","Quilmes","Quilmes","06","Buenos Aires"
"Localidad simple",-35.771550096,-61.335777241,"06147","Carlos Casares","INDEC","060147","Carlos Casares","06147020","06147020","Cadret","Cadret","06","Buenos Aires"
"Localidad simple",-35.622473748,-61.365495131,"06147","Carlos Casares","INDEC","060147","Carlos Casares","06147030","06147030","Carlos Casares","Carlos Casares","06","Buenos Aires"
"Localidad simple",-35.524441328,-61.437092533,"06147","Carlos Casares","INDEC","060147","Carlos Casares","06147040","06147040","Colonia Mauricio","Colonia Mauricio","06","Buenos Aires"
"Localidad simple",-35.699360761,-61.169438495,"06147","Carlos Casares","INDEC","060147","Carlos Casares","06147060","06147060","La Sofía","La Sofía","06","Buenos Aires"
"Localidad simple",-35.581573803,-61.526835555,"06147","Carlos Casares","INDEC","060147","Carlos Casares","06147070","06147070","Mauricio Hirsch","Mauricio Hirsch","06","Buenos Aires"
"Localidad simple",-35.477946511,-61.495764916,"06147","Carlos Casares","INDEC","060147","Carlos Casares","06147080","06147080","Moctezuma","Moctezuma","06","Buenos Aires"
"Localidad simple",-35.880570478,-61.160164897,"06147","Carlos Casares","INDEC","060147","Carlos Casares","06147090","06147090","Ordoqui","Ordoqui","06","Buenos Aires"
"Localidad simple",-35.675319649,-61.510765902,"06147","Carlos Casares","INDEC","060147","Carlos Casares","06147095","06147095","Santo Tomás","Santo Tomás","06","Buenos Aires"
"Localidad simple",-35.495367517,-61.592522428,"06147","Carlos Casares","INDEC","060147","Carlos Casares","06147100","06147100","Smith","Smith","06","Buenos Aires"
"Localidad simple",-34.943255642,-61.15866087,"06385","General Viamonte","INDEC","060385","General Viamonte","06385020","06385020","La Delfina","La Delfina","06","Buenos Aires"
"Localidad simple",-34.723128738,-61.158266396,"06413","Junín","INDEC","060413","Junín","06413060","06413060","Laplacette","Laplacette","06","Buenos Aires"
"Localidad simple",-34.652861582,-61.582908488,"06462","Leandro N. Alem","INDEC","060462","Leandro N. Alem","06462020","06462020","El Dorado","El Dorado","06","Buenos Aires"
"Localidad simple",-34.86747108,-61.287290383,"06469","Lincoln","INDEC","060469","Lincoln","06469020","06469020","Bayauca","Bayauca","06","Buenos Aires"
"Localidad simple",-35.330757064,-61.614305225,"06469","Lincoln","INDEC","060469","Lincoln","06469050","06469050","Coronel Martínez de Hoz","Coronel Martínez de Hoz","06","Buenos Aires"
"Localidad simple",-35.089830038,-61.518823847,"06469","Lincoln","INDEC","060469","Lincoln","06469060","06469060","El Triunfo","El Triunfo","06","Buenos Aires"
"Localidad simple",-34.868176906,-61.529411302,"06469","Lincoln","INDEC","060469","Lincoln","06469080","06469080","Lincoln","Lincoln","06","Buenos Aires"
"Localidad simple",-34.675773723,-61.464991811,"06469","Lincoln","INDEC","060469","Lincoln","06469110","06469110","Triunvirato","Triunvirato","06","Buenos Aires"
"Localidad simple",-35.292355193,-61.405804516,"06588","9 de Julio","INDEC","060588","9 de Julio","06588010","06588010","Facundo Quiroga","Alfredo Demarchi","06","Buenos Aires"
"Localidad simple",-35.408707458,-61.207805466,"06588","9 de Julio","INDEC","060588","9 de Julio","06588050","06588050","La Niña","La Aurora","06","Buenos Aires"
"Localidad simple",-35.714918419,-61.649968964,"06609","Pehuajó","INDEC","060609","Pehuajó","06609090","06609090","Guanaco","San Bernardo","06","Buenos Aires"
"Localidad simple",-33.127586224,-62.094840853,"14063","Marcos Juárez","INDEC","140490","Camilo Aldao","14063030","14063030","Camilo Aldao","Camilo Aldao","14","Córdoba"
"Localidad simple",-33.248256579,-62.268834589,"14063","Marcos Juárez","INDEC","140497","Capitán General Bernardo O'Higgins","14063040","14063040","Capitán General Bernardo O'Higgins","Capitán General Bernardo O'Higgins","14","Córdoba"
"Localidad simple",-33.473764977,-62.338907063,"14063","Marcos Juárez","INDEC","140504","Cavanagh","14063050","14063050","Cavanagh","Cavanagh","14","Córdoba"
"Localidad simple",-33.258239392,-62.607524398,"14063","Marcos Juárez","INDEC","142336","Colonia Barge","14063060","14063060","Colonia Barge","Colonia Barge","14","Córdoba"
"Localidad simple",-33.311701758,-62.176462774,"14063","Marcos Juárez","INDEC","140511","Colonia Italiana","14063070","14063070","Colonia Italiana","Colonia Italiana","14","Córdoba"
"Localidad simple",-32.887680942,-61.951744984,"14063","Marcos Juárez","INDEC","140574","Los Surgentes","14063080","14063080","Colonia Veinticinco","Colonia Veinticinco","14","Córdoba"
"Localidad simple",-33.283092854,-62.186542917,"14063","Marcos Juárez","INDEC","140518","Corral de Bustos Ifflinger","14063090","14063090","Corral de Bustos Ifflinger","Corral de Bustos","14","Córdoba"
"Localidad simple",-33.008399729,-61.80577928,"14063","Marcos Juárez","INDEC","140525","Cruz Alta","14063100","14063100","Cruz Alta","Cruz Alta","14","Córdoba"
"Localidad simple",-33.122080592,-62.302884168,"14063","Marcos Juárez","INDEC","140532","General Baldissera","14063110","14063110","General Baldissera","General Baldissera","14","Córdoba"
"Localidad simple",-32.730877481,-61.915826671,"14063","Marcos Juárez","INDEC","140539","General Roca","14063120","14063120","General Roca","General Roca","14","Córdoba"
"Localidad simple",-33.464287945,-62.43825531,"14063","Marcos Juárez","INDEC","140546","Guatimozín","14063130","14063130","Guatimozín","Guatimozín","14","Córdoba"
"Localidad simple",-32.945647467,-62.23079086,"14063","Marcos Juárez","INDEC","140553","Inriville","14063140","14063140","Inriville","Inriville","14","Córdoba"
"Localidad simple",-33.239697567,-62.401595801,"14063","Marcos Juárez","INDEC","140560","Isla Verde","14063150","14063150","Isla Verde","Isla Verde","14","Córdoba"
"Localidad simple",-32.659355269,-62.297267576,"14063","Marcos Juárez","INDEC","140567","Leones","14063160","14063160","Leones","Leones","14","Córdoba"
"Localidad simple",-32.985269271,-62.02187431,"14063","Marcos Juárez","INDEC","140574","Los Surgentes","14063170","14063170","Los Surgentes","Los Surgentes","14","Córdoba"
"Localidad simple",-32.690636291,-62.101126519,"14063","Marcos Juárez","INDEC","140581","Marcos Juárez","14063180","14063180","Marcos Juárez","Marcos Juárez","14","Córdoba"
"Localidad simple",-32.915637438,-62.454900955,"14063","Marcos Juárez","INDEC","140588","Monte Buey","14063190","14063190","Monte Buey","Monte Buey","14","Córdoba"
"Localidad simple",-32.933871255,-62.343711879,"14063","Marcos Juárez","INDEC","142343","Saladillo","14063220","14063220","Saladillo","Saladillo","14","Córdoba"
"Localidad simple",-32.834757809,-62.295258965,"14063","Marcos Juárez","INDEC","142350","Villa Elisa","14063230","14063230","Villa Elisa","Villa Elisa","14","Córdoba"
"Localidad simple",-32.630314282,-62.688793384,"14182","Unión","INDEC","141610","Bell Ville","14182060","14182060","Bell Ville","Bell Ville","14","Córdoba"
"Localidad simple",-33.301237046,-62.712646783,"14182","Unión","INDEC","141645","Colonia Bismarck","14182110","14182110","Colonia Bismarck","Colonia Bismarck","14","Córdoba"
"Localidad simple",-33.464254898,-62.731177162,"14182","Unión","INDEC","143239","Colonia Bremen","14182120","14182120","Colonia Bremen","Colonia Bremen","14","Córdoba"
"Localidad simple",-32.883449727,-62.679613683,"14182","Unión","INDEC","141659","Justiniano Posse","14182140","14182140","Justiniano Posse","Justiniano Posse","14","Córdoba"
"Localidad simple",-32.611282942,-62.589745258,"14182","Unión","INDEC","141673","Monte Leña","14182160","14182160","Monte Leña","Monte Leña","14","Córdoba"
"Localidad simple",-33.204245117,-62.600483085,"14182","Unión","INDEC","141680","Monte Maíz","14182170","14182170","Monte Maíz","Monte Maíz","14","Córdoba"
"Localidad simple",-32.630235881,-62.484248004,"14182","Unión","INDEC","141729","San Marcos Sud","14182250","14182250","San Marcos Sud","San Marcos","14","Córdoba"
"Localidad simple",-32.766837625,-62.727135131,"14182","Unión","INDEC","143246","Villa Los Patos","14182280","14182280","Villa Los Patos","Villa Los Patos","14","Córdoba"
"Localidad simple",-32.475050872,-61.576508166,"82007","Belgrano","INDEC","820021","Las Rosas","82007040","82007040","Las Rosas","Las Rosas","82","Santa Fe"
"Localidad simple",-32.566379802,-61.768458637,"82007","Belgrano","INDEC","822014","Montes de Oca","82007050","82007050","Montes de Oca","Montes de Oca","82","Santa Fe"
"Localidad simple",-32.785289071,-61.603309914,"82007","Belgrano","INDEC","820007","Armstrong","82007010","82007010","Armstrong","Armstrong","82","Santa Fe"
"Localidad simple",-32.682949858,-61.522449016,"82007","Belgrano","INDEC","820014","Las Parejas","82007030","82007030","Las Parejas","Las Parejas","82","Santa Fe"
"Localidad simple",-32.747397014,-61.820988329,"82007","Belgrano","INDEC","822021","Tortugas","82007060","82007060","Tortugas","Tortugas","82","Santa Fe"
"Localidad simple",-33.144800394,-61.469507176,"82014","Caseros","INDEC","822028","Arequito","82014010","82014010","Arequito","Arequito","82","Santa Fe"
"Localidad simple",-33.340843122,-61.862092192,"82014","Caseros","INDEC","822042","Berabevú","82014030","82014030","Berabevú","Beravebú","82","Santa Fe"
"Localidad simple",-33.044697648,-61.16420109,"82014","Caseros","INDEC","820028","Casilda","82014050","82014050","Casilda","Casilda","82","Santa Fe"
"Localidad simple",-33.104479546,-61.325564051,"82014","Caseros","INDEC","822077","Los Molinos","82014090","82014090","Los Molinos","Los Molinos","82","Santa Fe"
"Localidad simple",-33.140134857,-61.60465399,"82014","Caseros","INDEC","822091","San José de la Esquina","82014100","82014100","Los Nogales","Los Nogales","82","Santa Fe"
"Localidad simple",-33.374859482,-61.710492009,"82014","Caseros","INDEC","822084","Los Quirquinchos","82014110","82014110","Los Quirquinchos","Los Quirquinchos","82","Santa Fe"
"Localidad simple",-33.145987902,-61.277200092,"82014","Caseros","INDEC","822098","Sanford","82014130","82014130","Sanford","Sanford","82","Santa Fe"
"Localidad simple",-33.09268166,-61.792011234,"82014","Caseros","INDEC","822035","Arteaga","82014020","82014020","Arteaga","Arteaga","82","Santa Fe"
"Localidad simple",-33.112279904,-61.702663116,"82014","Caseros","INDEC","822091","San José de la Esquina","82014120","82014120","San José de la Esquina","San José de la Esquina","82","Santa Fe"
"Localidad simple",-33.34884921,-61.446620317,"82014","Caseros","INDEC","822105","Villada","82014140","82014140","Villada","Villada","82","Santa Fe"
"Localidad simple",-33.400368608,-61.844338895,"82014","Caseros","INDEC","822070","Gödeken","82014080","82014080","Gödeken","Gödeken","82","Santa Fe"
"Localidad simple",-33.374036671,-61.184746849,"82014","Caseros","INDEC","822049","Bigand","82014040","82014040","Bigand","Bigand","82","Santa Fe"
"Localidad simple",-33.3261685,-62.035232169,"82014","Caseros","INDEC","822063","Chañar Ladeado","82014070","82014070","Chañar Ladeado","Chañar Ladeado","82","Santa Fe"
"Localidad simple",-33.245840044,-61.358851824,"82014","Caseros","INDEC","822056","Chabas","82014060","82014060","Chabas","Chabas","82","Santa Fe"
"Localidad simple",-33.538178109,-61.123927907,"82028","Constitución","INDEC","822413","Alcorta","82028010","82028010","Alcorta","Alcorta","82","Santa Fe"
"Localidad simple",-33.457974957,-61.318211541,"82028","Constitución","INDEC","822420","Bombal","82028040","82028040","Bombal","Bombal","82","Santa Fe"
"Localidad simple",-33.642297777,-61.858335922,"82042","General López","INDEC","822707","Murphy","82042210","82042210","Murphy","Murphy","82","Santa Fe"
"Localidad simple",-33.721098211,-62.246247828,"82042","General López","INDEC","822679","Maggiolo","82042170","82042170","Maggiolo","Maggiolo","82","Santa Fe"
"Localidad simple",-33.526461652,-61.465872691,"82042","General López","INDEC","822700","Miguel Torres","82042200","82042200","Miguel Torres","Miguel Torres","82","Santa Fe"
"Componente de localidad compuesta",-33.458143516,-61.486210357,"82042","General López","INDEC","820063","Firmat","82042120","82042120","Firmat","Firmat","82","Santa Fe"
"Localidad simple",-33.40946693,-61.605596606,"82042","General López","INDEC","822595","Cañada del Ucle","82042040","82042040","Cañada del Ucle","Cañada del Ucle","82","Santa Fe"
"Localidad simple",-34.133577975,-62.423387873,"82042","General López","INDEC","822581","Amenábar","82042020","82042020","Amenábar","Amenábar","82","Santa Fe"
"Localidad simple",-33.596144928,-61.310948718,"82042","General López","INDEC","822609","Carreras","82042060","82042060","Carreras","Carreras","82","Santa Fe"
"Localidad simple",-33.439537232,-62.086187733,"82042","General López","INDEC","822588","Cafferata","82042030","82042030","Cafferata","Cafferata","82","Santa Fe"
"Localidad simple",-33.544204558,-61.97406405,"82042","General López","INDEC","822658","La Chispa","82042140","82042140","La Chispa","La Chispa","82","Santa Fe"
"Localidad simple",-33.701983717,-61.61505796,"82042","General López","INDEC","822644","Elortondo","82042110","82042110","Elortondo","Elortondo","82","Santa Fe"
"Localidad simple",-33.730339413,-61.762269601,"82042","General López","INDEC","822602","Carmen","82042050","82042050","Carmen","Carmen","82","Santa Fe"
"Localidad simple",-33.661143446,-61.456990115,"82042","General López","INDEC","822693","Melincué","82042190","82042190","Melincué","Melincué","82","Santa Fe"
"Localidad simple",-34.012721949,-61.914752002,"82042","General López","INDEC","822686","María Teresa","82042180","82042180","María Teresa","María Teresa","82","Santa Fe"
"Localidad simple",-34.183107231,-62.025962263,"82042","General López","INDEC","822630","Christophersen","82042090","82042090","Christophersen","Christophersen","82","Santa Fe"
"Localidad simple",-34.0042772,-61.605828285,"82042","General López","INDEC","820084","Villa Cañás","82042300","82042300","Villa Cañás","Villa Cañás","82","Santa Fe"
"Localidad simple",-33.887658182,-61.69593733,"82042","General López","INDEC","822742","Santa Isabel","82042270","82042270","Santa Isabel","Santa Isabel","82","Santa Fe"
"Localidad simple",-34.007725642,-62.241541295,"82042","General López","INDEC","822735","Sancti Spiritu","82042260","82042260","Sancti Spiritu","Sancti Spiritu","82","Santa Fe"
"Localidad simple",-33.792309432,-61.210695175,"82042","General López","INDEC","822756","Wheelwright","82042310","82042310","Wheelwright","Wheelwright","82","Santa Fe"
"Localidad simple",-34.325378502,-62.035813241,"82042","General López","INDEC","822728","San Gregorio","82042250","82042250","San Gregorio","San Gregorio","82","Santa Fe"
"Localidad simple",-32.462377352,-61.290395173,"82056","Iriondo","INDEC","822896","Classon","82056050","82056050","Classon","Classon","82","Santa Fe"
"Localidad simple",-32.848617725,-61.254497344,"82056","Iriondo","INDEC","822903","Correa","82056070","82056070","Correa","Correa","82","Santa Fe"
"Localidad simple",-32.597546425,-61.377965127,"82056","Iriondo","INDEC","822882","Bustinza","82056060","82056060","Colonia Médici","Colonia Médici","82","Santa Fe"
"Localidad simple",-32.821216164,-61.395198681,"82056","Iriondo","INDEC","820126","Cañada de Gómez","82056030","82056030","Cañada de Gómez","Cañada de Gómez","82","Santa Fe"
"Localidad simple",-32.963888265,-61.55101352,"82056","Iriondo","INDEC","822945","Villa Eloísa","82056150","82056150","Villa Eloísa","Villa Eloísa","82","Santa Fe"
"Localidad simple",-32.551983244,-61.218580648,"82056","Iriondo","INDEC","820133","Totoras","82056080","82056080","Larguía","Larguía","82","Santa Fe"
"Localidad simple",-32.608308805,-61.32418585,"82056","Iriondo","INDEC","820133","Totoras","82056010","82056010","Barrio Cicarelli","Barrio Cicarelli","82","Santa Fe"
"Localidad simple",-32.738242639,-61.290819956,"82056","Iriondo","INDEC","822882","Bustinza","82056020","82056020","Bustinza","Bustinza","82","Santa Fe"
"Localidad simple",-32.58427249,-61.166699739,"82056","Iriondo","INDEC","820133","Totoras","82056140","82056140","Totoras","Totoras","82","Santa Fe"
"Localidad simple",-32.857385657,-61.151866653,"82119","San Lorenzo","INDEC","820273","Carcarañá","82119030","82119030","Carcarañá","Carcarañá","82","Santa Fe"
"Localidad simple",-35.031574623,-60.280286017,"06021","Alberti","INDEC","060021","Alberti","06021010","06021010","Alberti","Alberti","06","Buenos Aires"
"Localidad simple",-34.867440052,-60.392971444,"06021","Alberti","INDEC","060021","Alberti","06021020","06021020","Coronel Seguí","Coronel Seguí","06","Buenos Aires"
"Componente de localidad compuesta",-35.067386109,-60.40342701,"06021","Alberti","INDEC","060021","Alberti","06021030","06021030","Mechita","Mechita","06","Buenos Aires"
"Localidad simple",-35.122895987,-60.221916141,"06021","Alberti","INDEC","060021","Alberti","06021040","06021040","Pla","Pla","06","Buenos Aires"
"Localidad simple",-35.109999975,-60.070218183,"06021","Alberti","INDEC","060021","Alberti","06021050","06021050","Achupallas","Villa Grisolía","06","Buenos Aires"
"Localidad simple",-34.888225027,-60.347480481,"06021","Alberti","INDEC","060021","Alberti","06021060","06021060","Villa María","Villa María","06","Buenos Aires"
"Localidad simple",-34.844536788,-60.306301146,"06021","Alberti","INDEC","060021","Alberti","06021070","06021070","Coronel Mom","Villa Ortiz","06","Buenos Aires"
"Localidad simple",-35.115566279,-60.48964999,"06112","Bragado","INDEC","060112","Bragado","06112010","06112010","Asamblea","Bragado","06","Buenos Aires"
"Localidad simple",-35.322556975,-60.521379841,"06112","Bragado","INDEC","060112","Bragado","06112020","06112020","Bragado","Comodoro Py","06","Buenos Aires"
"Localidad simple",-34.90560966,-60.760500081,"06112","Bragado","INDEC","060112","Bragado","06112030","06112030","Comodoro Py","General O'Brien","06","Buenos Aires"
"Localidad simple",-34.770203933,-60.69102175,"06112","Bragado","INDEC","060112","Bragado","06112040","06112040","Eduardo O'Brien","Irala","06","Buenos Aires"
"Localidad simple",-35.080096033,-60.59119177,"06112","Bragado","INDEC","060112","Bragado","06112050","06112050","Irala","La Limpia","06","Buenos Aires"
"Localidad simple",-35.061615483,-60.704754055,"06112","Bragado","INDEC","060112","Bragado","06112060","06112060","Juan F. Salaberry","Juan F. Salaberry","06","Buenos Aires"
"Componente de localidad compuesta",-35.073379033,-60.411816571,"06112","Bragado","INDEC","060112","Bragado","06112070","06112070","La Limpia","Mechita","06","Buenos Aires"
"Localidad simple",-35.237394402,-60.611072979,"06112","Bragado","INDEC","060112","Bragado","06112080","06112080","Mechita","Olascoaga","06","Buenos Aires"
"Localidad simple",-34.910133671,-60.538952827,"06112","Bragado","INDEC","060112","Bragado","06112090","06112090","Olascoaga","Warnes","06","Buenos Aires"
"Localidad simple",-34.967143982,-60.127139795,"06224","Chivilcoy","INDEC","060224","Chivilcoy","06224005","06224005","Benítez","Benitez","06","Buenos Aires"
"Localidad simple",-34.896895827,-60.019091374,"06224","Chivilcoy","INDEC","060224","Chivilcoy","06224010","06224010","Chivilcoy","Chivilcoy","06","Buenos Aires"
"Localidad simple",-34.743727941,-60.039100433,"06224","Chivilcoy","INDEC","060224","Chivilcoy","06224020","06224020","Emilio Ayarza","Emilio Ayarza","06","Buenos Aires"
"Localidad simple",-34.838800216,-59.866011587,"06224","Chivilcoy","INDEC","060224","Chivilcoy","06224030","06224030","Gorostiaga","Gorostiaga","06","Buenos Aires"
"Localidad simple",-34.973089626,-59.86141298,"06224","Chivilcoy","INDEC","060224","Chivilcoy","06224040","06224040","La Rica","La Rica","06","Buenos Aires"
"Localidad simple",-35.092209149,-59.775710501,"06224","Chivilcoy","INDEC","060224","Chivilcoy","06224050","06224050","Moquehuá","Moquehuá","06","Buenos Aires"
"Localidad simple",-35.087205618,-59.924373202,"06224","Chivilcoy","INDEC","060224","Chivilcoy","06224060","06224060","Ramón Biaus","Ramón Biaus","06","Buenos Aires"
"Localidad simple",-34.942976619,-59.702161747,"06224","Chivilcoy","INDEC","060224","Chivilcoy","06224070","06224070","San Sebastián","San Sebastián","06","Buenos Aires"
"Localidad simple",-34.747804478,-60.98838606,"06385","General Viamonte","INDEC","060385","General Viamonte","06385010","06385010","Baigorrita","Baigorrita","06","Buenos Aires"
"Localidad simple",-34.99997083,-61.038740008,"06385","General Viamonte","INDEC","060385","General Viamonte","06385030","06385030","Los Toldos","Los Toldos","06","Buenos Aires"
"Localidad simple",-35.030407526,-60.86607305,"06385","General Viamonte","INDEC","060385","General Viamonte","06385040","06385040","San Emilio","San Emilio","06","Buenos Aires"
"Localidad simple",-34.895085561,-61.005615923,"06385","General Viamonte","INDEC","060385","General Viamonte","06385050","06385050","Zavalía","Zavalía","06","Buenos Aires"
"Localidad simple",-34.457840918,-61.066498103,"06413","Junín","INDEC","060413","Junín","06413020","06413020","Agustina","Agustina","06","Buenos Aires"
"Localidad simple",-34.593941743,-60.946430969,"06413","Junín","INDEC","060413","Junín","06413050","06413050","Junín","Junín","06","Buenos Aires"
"Localidad simple",-34.759710548,-60.840939011,"06413","Junín","INDEC","060413","Junín","06413070","06413070","Morse","Morse","06","Buenos Aires"
"Localidad simple",-35.201045956,-59.345396108,"06483","Lobos","INDEC","060483","Lobos","06483010","06483010","Antonio Carboni","Antonio Carboni","06","Buenos Aires"
"Localidad simple",-35.242751862,-59.485652094,"06483","Lobos","INDEC","060483","Lobos","06483020","06483020","Elvira","Elvira","06","Buenos Aires"
"Localidad simple",-34.650733211,-59.43138744,"06532","Mercedes","INDEC","060532","Mercedes","06532020","06532020","Mercedes","Mercedes","06","Buenos Aires"
"Localidad simple",-35.5545417,-60.56202544,"06588","9 de Julio","INDEC","060588","9 de Julio","06588080","06588080","Morea","Morea","06","Buenos Aires"
"Localidad simple",-34.921585167,-59.542229638,"06574","Navarro","INDEC","060574","Navarro","06574010","06574010","José Juan Almeyra","José Juan Almeyra","06","Buenos Aires"
"Localidad simple",-35.052940266,-59.512702617,"06574","Navarro","INDEC","060574","Navarro","06574020","06574020","Las Marianas","Las Marianas","06","Buenos Aires"
"Localidad simple",-35.077950187,-59.651870543,"06574","Navarro","INDEC","060574","Navarro","06574040","06574040","Villa Moll","Villa Moll","06","Buenos Aires"
"Localidad simple",-35.237150973,-60.823278755,"06588","9 de Julio","INDEC","060588","9 de Julio","06588020","06588020","Carlos María Naón","Carlos María Naón","06","Buenos Aires"
"Localidad simple",-35.605166454,-60.919147323,"06588","9 de Julio","INDEC","060588","9 de Julio","06588030","06588030","12 de Octubre","12 de Octubre","06","Buenos Aires"
"Localidad simple",-35.650267687,-60.709500831,"06588","9 de Julio","INDEC","060588","9 de Julio","06588040","06588040","Dudignac","Dudignac","06","Buenos Aires"
"Localidad simple",-35.517995881,-61.001293512,"06588","9 de Julio","INDEC","060588","9 de Julio","06588060","06588060","French","Manuel B. Gonnet","06","Buenos Aires"
"Localidad simple",-35.351619835,-60.745070287,"06588","9 de Julio","INDEC","060588","9 de Julio","06588070","06588070","Dennehy","Marcelino Ugarte","06","Buenos Aires"
"Localidad simple",-35.53511906,-60.794391192,"06588","9 de Julio","INDEC","060588","9 de Julio","06588090","06588090","Norumbega","Norumbega","06","Buenos Aires"
"Localidad simple",-35.44393528,-60.884627485,"06588","9 de Julio","INDEC","060588","9 de Julio","06588100","06588100","9 de Julio","9 de Julio","06","Buenos Aires"
"Localidad simple",-35.441219366,-60.716549619,"06588","9 de Julio","INDEC","060588","9 de Julio","06588110","06588110","Patricios","Patricios","06","Buenos Aires"
"Localidad simple",-35.400576306,-59.334832151,"06693","Roque Pérez","INDEC","060693","Roque Pérez","06693020","06693020","Roque Pérez","Roque Pérez","06","Buenos Aires"
"Localidad simple",-35.639373046,-59.631141208,"06707","Saladillo","INDEC","060707","Saladillo","06707010","06707010","Álvarez de Toledo","Álvarez de Toledo","06","Buenos Aires"
"Localidad simple",-35.577098851,-59.661947713,"06707","Saladillo","INDEC","060707","Saladillo","06707030","06707030","Cazón","Cazón","06","Buenos Aires"
"Localidad simple",-35.508017217,-59.513716448,"06707","Saladillo","INDEC","060707","Saladillo","06707040","06707040","Del Carril","Del Carril","06","Buenos Aires"
"Localidad simple",-35.594554236,-59.506964574,"06707","Saladillo","INDEC","060707","Saladillo","06707050","06707050","Polvaredas","Polvaredas","06","Buenos Aires"
"Localidad simple",-35.638838983,-59.779377033,"06707","Saladillo","INDEC","060707","Saladillo","06707060","06707060","Saladillo","Saladillo","06","Buenos Aires"
"Localidad simple",-34.443358063,-59.360220417,"06728","San Andrés de Giles","INDEC","060728","San Andrés de Giles","06728020","06728020","Cucullú","Cucullú","06","Buenos Aires"
"Localidad simple",-34.442377419,-59.447519178,"06728","San Andrés de Giles","INDEC","060728","San Andrés de Giles","06728040","06728040","San Andrés de Giles","San Andrés de Giles","06","Buenos Aires"
"Localidad simple",-34.505355312,-59.338339388,"06728","San Andrés de Giles","INDEC","060728","San Andrés de Giles","06728060","06728060","Villa Espil","Villa Espil","06","Buenos Aires"
"Localidad simple",-34.768814588,-59.686829355,"06784","Suipacha","INDEC","060784","Suipacha","06784020","06784020","Suipacha","Suipacha","06","Buenos Aires"
"Localidad simple",-35.740317051,-60.557071201,"06854","25 de Mayo","INDEC","060854","25 de Mayo","06854010","06854010","Agustín Mosconi","Agustín Mosconi","06","Buenos Aires"
"Localidad simple",-35.899891805,-60.73027537,"06854","25 de Mayo","INDEC","060854","25 de Mayo","06854020","06854020","Del Valle","Del Valle","06","Buenos Aires"
"Localidad simple",-35.26892091,-59.55713232,"06854","25 de Mayo","INDEC","060854","25 de Mayo","06854030","06854030","Ernestina","Ernestina","06","Buenos Aires"
"Localidad simple",-35.163891611,-60.078919244,"06854","25 de Mayo","INDEC","060854","25 de Mayo","06854040","06854040","Gobernador Ugarte","Gobernador Ugarte","06","Buenos Aires"
"Localidad simple",-35.482362749,-59.985834588,"06854","25 de Mayo","INDEC","060854","25 de Mayo","06854050","06854050","Lucas Monteverde","Lucas Monteverde","06","Buenos Aires"
"Localidad simple",-35.273331417,-59.775553067,"06854","25 de Mayo","INDEC","060854","25 de Mayo","06854060","06854060","Norberto de la Riestra","Norberto de la Riestra","06","Buenos Aires"
"Localidad simple",-35.262362657,-59.630676245,"06854","25 de Mayo","INDEC","060854","25 de Mayo","06854070","06854070","Pedernales","Pedernales","06","Buenos Aires"
"Localidad simple",-35.769842179,-60.350450153,"06854","25 de Mayo","INDEC","060854","25 de Mayo","06854080","06854080","San Enrique","San Enrique","06","Buenos Aires"
"Localidad simple",-35.648041427,-60.465676142,"06854","25 de Mayo","INDEC","060854","25 de Mayo","06854090","06854090","Valdés","Valdés","06","Buenos Aires"
"Localidad simple",-35.432471083,-60.171559351,"06854","25 de Mayo","INDEC","060854","25 de Mayo","06854100","06854100","25 de Mayo","25 de Mayo","06","Buenos Aires"
"Localidad simple",-42.522203256,-68.284137526,"26105","Telsen","INDEC","268126","Gan Gan","26105010","26105010","Gan Gan","Gan Gan","26","Chubut"
"Localidad simple",-42.435530619,-66.943212967,"26105","Telsen","INDEC","268133","Telsen","26105020","26105020","Telsen","Telsen","26","Chubut"
"Localidad simple",-41.338082737,-67.905085957,"62049","9 de Julio","INDEC","625259","Prahuaniyeu","62049040","62049040","Prahuaniyeu","Prahuaniyeu","62","Río Negro"
"Localidad simple",-40.977491952,-67.192348604,"62049","9 de Julio","INDEC","625126","Yaminué","62049070","62049070","Yaminué","Yaminué","62","Río Negro"
"Localidad simple",-41.070695753,-67.478068383,"62049","9 de Julio","INDEC","625210","Comicó","62049010","62049010","Comicó","Comicó","62","Río Negro"
"Localidad simple",-40.587376618,-67.755604151,"62049","9 de Julio","INDEC","620196","Sierra Colorada","62049050","62049050","Sierra Colorada","Sierra Colorada","62","Río Negro"
"Localidad simple",-41.174356236,-66.99459834,"62049","9 de Julio","INDEC","625119","Rincón Treneta","62049060","62049060","Rincón Treneta","Treneta","62","Río Negro"
"Localidad simple",-40.507036909,-67.260615435,"62049","9 de Julio","INDEC","620189","Ministro Ramos Mexía","62049030","62049030","Ministro Ramos Mexía","Ministro Ramos Mexía","62","Río Negro"
"Localidad simple",-41.865589763,-66.938659677,"62049","9 de Julio","INDEC","625161","Cona Niyeu","62049020","62049020","Cona Niyeu","Cona Niyeu","62","Río Negro"
"Localidad simple",-40.504113479,-66.564687554,"62084","Valcheta","INDEC","625182","Nahuel Niyeu","62084040","62084040","Nahuel Niyeu","Nahuel Niyeu","62","Río Negro"
"Localidad simple",-41.667360982,-68.161312869,"62091","25 de Mayo","INDEC","625224","El Caín","62091040","62091040","El Caín","El Caín","62","Río Negro"
"Localidad simple",-41.067886644,-68.381726431,"62091","25 de Mayo","INDEC","","","62091010","62091010","Aguada de Guerra","Aguada de Guerra","62","Río Negro"
"Localidad simple",-41.83174926,-68.351258177,"62091","25 de Mayo","INDEC","625252","Pilquiniyeu","62091090","62091090","Pilquiniyeu","Pilquiniyeu","62","Río Negro"
"Localidad simple",-40.842809977,-68.085920088,"62091","25 de Mayo","INDEC","620259","Los Menucos","62091060","62091060","Los Menucos","Los Menucos","62","Río Negro"
"Localidad simple",-24.260514435,-64.414125102,"38070","Santa Bárbara","INDEC","386098","El Fuerte","38070010","38070010","El Fuerte","El Fuerte","38","Jujuy"
"Localidad simple",-23.556358523,-64.359888824,"38070","Santa Bárbara","INDEC","380238","El Talar","38070030","38070030","El Talar","El Talar","38","Jujuy"
"Localidad simple",-23.977738241,-64.304561725,"38070","Santa Bárbara","INDEC","380245","Palma Sola","38070040","38070040","Palma Sola","Palma Sola","38","Jujuy"
"Localidad simple",-23.667918562,-64.41366011,"38070","Santa Bárbara","INDEC","386126","Vinalito","38070070","38070070","Vinalito","Vinalito","38","Jujuy"
"Localidad simple",-24.72740169,-64.19546598,"66007","Anta","INDEC","660035","Las Lajitas","66007100","66007100","Las Lajitas","Las Lajitas","66","Salta"
"Localidad simple",-24.388651762,-63.98786093,"66007","Anta","INDEC","660021","General Pizarro","66007110","66007110","Luis Burela","Luis Burela","66","Salta"
"Localidad simple",-24.820849964,-64.177666902,"66007","Anta","INDEC","660028","Joaquín V. González","66007140","66007140","Piquete Cabado","Piquete Cabado","66","Salta"
"Localidad simple",-24.227508611,-63.988559046,"66007","Anta","INDEC","660021","General Pizarro","66007080","66007080","General Pizarro","General Pizarro","66","Salta"
"Localidad simple",-24.540008855,-64.100839344,"66007","Anta","INDEC","660007","Apolinario Saravia","66007040","66007040","Coronel Mollinedo","Coronel Mollinedo","66","Salta"
"Localidad simple",-24.430777451,-63.994945361,"66007","Anta","INDEC","660007","Apolinario Saravia","66007010","66007010","Apolinario Saravia","Apolinario Saravia","66","Salta"
"Localidad simple",-23.55786418,-64.396929833,"66126","Orán","INDEC","660322","Urundel","66126080","66126080","Urundel","Urundel","66","Salta"
"Localidad simple",-24.025178863,-63.082248328,"66133","Rivadavia","INDEC","660336","Rivadavia Banda Sur","66133090","66133090","Santa Rosa","Santa Rosa","66","Salta"
"Localidad simple",-24.18497085,-62.888304914,"66133","Rivadavia","INDEC","660336","Rivadavia Banda Sur","66133070","66133070","Rivadavia","Rivadavia","66","Salta"
"Localidad simple",-23.896891808,-63.197034766,"66133","Rivadavia","INDEC","660336","Rivadavia Banda Sur","66133040","66133040","La Unión","La Unión","66","Salta"
"Localidad simple",-27.622367823,-64.370587447,"86035","Banda","INDEC","","","86035120","86035120","Los Soria","Los Soria","86","Santiago del Estero"
"Localidad simple",-27.652603128,-64.354954815,"86035","Banda","INDEC","866070","Los Quiroga","86035110","86035110","Los Quiroga","Los Quiroga","86","Santiago del Estero"
"Localidad simple",-27.29016477,-64.378175591,"86035","Banda","INDEC","866342","Abra Grande","86035010","86035010","Abra Grande","Abra Grande","86","Santiago del Estero"
"Localidad simple",-27.495940281,-64.230664955,"86035","Banda","INDEC","866371","La Aurora","86035080","86035080","La Aurora","La Aurora","86","Santiago del Estero"
"Localidad simple",-27.412056165,-64.4993209,"86035","Banda","INDEC","866350","Ardiles","86035030","86035030","Ardiles","Ardiles","86","Santiago del Estero"
"Localidad simple",-27.622919466,-64.25460115,"86035","Banda","INDEC","866343","Antajé","86035020","86035020","Antajé","Antajé","86","Santiago del Estero"
"Localidad simple",-27.506932754,-64.41984074,"86035","Banda","INDEC","866364","Chaupi Pozo","86035050","86035050","Chaupi Pozo","Chaupi Pozo","86","Santiago del Estero"
"Localidad simple",-27.69841995,-64.288342993,"86035","Banda","INDEC","866378","San Ramón - La Dársena","86035100","86035100","San Ramón - La Dársena","La Dársena","86","Santiago del Estero"
"Componente de localidad compuesta",-27.730650252,-64.243360445,"86035","Banda","INDEC","860042","La Banda","86035090","86035090","La Banda","La Banda","86","Santiago del Estero"
"Localidad simple",-27.653810866,-64.193121956,"86035","Banda","INDEC","866063","Estación Simbolar","86035130","86035130","Simbolar","Simbolar","86","Santiago del Estero"
"Localidad simple",-27.696674371,-64.167153233,"86035","Banda","INDEC","","","86035140","86035140","Tramo 16","Tramo 16","86","Santiago del Estero"
"Localidad simple",-27.721181558,-64.118498703,"86035","Banda","INDEC","","","86035150","86035150","Tramo 20","Tramo 20","86","Santiago del Estero"
"Localidad simple",-27.385665158,-64.295232224,"86035","Banda","INDEC","","","86035070","86035070","Huyamampa","Huyamampa","86","Santiago del Estero"
"Localidad simple",-27.909317915,-64.230309873,"86049","Capital","INDEC","866399","Villa Zanjón","86049130","86049130","Yanda","Yanda","86","Santiago del Estero"
"Localidad simple",-27.676149165,-64.365385095,"86049","Capital","INDEC","","","86049070","86049070","Morales","Morales","86","Santiago del Estero"
"Localidad simple",-27.663084421,-64.378593877,"86049","Capital","INDEC","","","86049080","86049080","Puesto de San Antonio","Puesto de San Antonio","86","Santiago del Estero"
"Localidad simple",-27.9490888,-64.219,"86049","Capital","INDEC","866394","Santa María","86049100","86049100","Santa María","Santa María","86","Santiago del Estero"
"Localidad simple",-27.714647017,-64.331287458,"86049","Capital","INDEC","866388","El Deán","86049010","86049010","El Deán","El Deán","86","Santiago del Estero"
"Localidad simple",-27.993623294,-64.208100722,"86049","Capital","INDEC","","","86049020","86049020","El Mojón","El Mojón","86","Santiago del Estero"
"Localidad simple",-27.882859653,-64.208818698,"86049","Capital","INDEC","","","86049060","86049060","Maquito","Maquito","86","Santiago del Estero"
"Localidad simple",-27.91241663,-64.198126781,"86049","Capital","INDEC","866403","Vuelta de la Barranca","86049040","86049040","Los Cardozos","Los Cardozos","86","Santiago del Estero"
"Localidad simple",-27.946215052,-64.164005457,"86049","Capital","INDEC","866392","San Pedro","86049090","86049090","San Pedro","San Pedro","86","Santiago del Estero"
"Localidad simple",-27.87026325,-64.216593203,"86049","Capital","INDEC","","","86049050","86049050","Maco","Maco","86","Santiago del Estero"
"Localidad simple",-27.891498947,-64.195691476,"86049","Capital","INDEC","","","86049120","86049120","Vuelta de la Barranca","Vuelta de la Barranca","86","Santiago del Estero"
"Componente de localidad compuesta",-27.87095531,-64.243197095,"86049","Capital","INDEC","866399","Villa Zanjón","86049030","86049030","El Zanjón","El Zanjón","86","Santiago del Estero"
"Componente de localidad compuesta",-27.787684474,-64.259668067,"86049","Capital","INDEC","860056","Santiago del Estero","86049110","86049110","Santiago del Estero","Santiago del Estero","86","Santiago del Estero"
"Localidad simple",-28.375631993,-64.530551717,"86063","Choya","INDEC","866105","Laprida","86063050","86063050","Laprida","Laprida","86","Santiago del Estero"
"Localidad simple",-27.028890765,-64.611526959,"86091","Jiménez","INDEC","","","86091050","86091050","Isca Yacu","Isca Yacu","86","Santiago del Estero"
"Componente de localidad compuesta",-27.29663055,-64.610280949,"86091","Jiménez","INDEC","866168","Gramilla","86091040","86091040","Gramilla","Gramilla","86","Santiago del Estero"
"Componente de localidad compuesta",-27.225768021,-64.700302714,"86091","Jiménez","INDEC","866161","El Charco","86091020","86091020","El Charco","El Charco","86","Santiago del Estero"
"Localidad simple",-27.167065357,-64.490762815,"86091","Jiménez","INDEC","860105","Pozo Hondo","86091070","86091070","Pozo Hondo","Pozo Hondo","86","Santiago del Estero"
"Localidad simple",-27.046911717,-64.618394797,"86091","Jiménez","INDEC","","","86091060","86091060","Isca Yacu Semaul","Isca Yacu Semaul","86","Santiago del Estero"
"Localidad simple",-28.30098634,-64.184139286,"86105","Loreto","INDEC","860119","Loreto","86105010","86105010","Villa San Martín","Villa San Martín (Est. Loreto)","86","Santiago del Estero"
"Localidad simple",-26.888409116,-64.741125891,"90014","Cruz Alta","INDEC","908112","Las Cejas","90014090","90014090","Las Cejas","Las Cejas","90","Tucumán"
"Localidad simple",-27.519359388,-64.559433828,"86147","Río Hondo","INDEC","","","86147020","86147020","Chauchillas","Chauchillas","86","Santiago del Estero"
"Localidad simple",-27.488395043,-64.582025673,"86147","Río Hondo","INDEC","866576","El Sauzal","86147120","86147120","El Sauzal","El Sauzal","86","Santiago del Estero"
"Componente de localidad compuesta",-27.234888152,-64.697822026,"86147","Río Hondo","INDEC","866161","El Charco","86147040","86147040","El Charco","El Charco","86","Santiago del Estero"
"Localidad simple",-27.305639498,-64.754936711,"86147","Río Hondo","INDEC","866581","Pozuelos","86147100","86147100","Pozuelos","Pozuelos","86","Santiago del Estero"
"Localidad simple",-27.550193407,-64.512494906,"86147","Río Hondo","INDEC","","","86147110","86147110","Rodeo de Valdez","Rodeo de Valdez","86","Santiago del Estero"
"Localidad simple",-27.378899451,-64.794601841,"86147","Río Hondo","INDEC","866588","Vinará","86147170","86147170","Vinará","Vinará","86","Santiago del Estero"
"Localidad simple",-27.534220818,-64.528834572,"86147","Río Hondo","INDEC","866217","Los Núñez","86147080","86147080","Los Núñez","Los Núñez","86","Santiago del Estero"
"Localidad simple",-27.468365483,-64.615191013,"86147","Río Hondo","INDEC","","","86147070","86147070","Los Miranda","Los Miranda","86","Santiago del Estero"
"Componente de localidad compuesta",-27.298581705,-64.61321273,"86147","Río Hondo","INDEC","866168","Gramilla","86147050","86147050","Gramilla","Gramilla","86","Santiago del Estero"
"Localidad simple",-27.595621247,-64.873436698,"86147","Río Hondo","INDEC","","","86147150","86147150","Villa Río Hondo","Villa Río Hondo","86","Santiago del Estero"
"Localidad simple",-27.570993392,-64.477409299,"86147","Río Hondo","INDEC","","","86147140","86147140","Villa Jiménez","Villa Giménez","86","Santiago del Estero"
"Localidad simple",-27.49863499,-64.860713292,"86147","Río Hondo","INDEC","860161","Termas de Río Hondo","86147130","86147130","Termas de Río Hondo","Termas de Río Hondo","86","Santiago del Estero"
"Localidad simple",-27.785425238,-64.151488762,"86161","Robles","INDEC","866252","Vilmer","86161050","86161050","Vilmer","Vilmer","86","Santiago del Estero"
"Localidad simple",-27.874566364,-63.977373294,"86161","Robles","INDEC","860189","Forres","86161040","86161040","Ingeniero Forres","Ingeniero Forres","86","Santiago del Estero"
"Localidad simple",-28.049080042,-63.991232497,"86175","San Martín","INDEC","866609","Estación Robles","86175020","86175020","Estación Robles","Estación Robles","86","Santiago del Estero"
"Localidad simple",-28.302444561,-64.02022583,"86175","San Martín","INDEC","","","86175040","86175040","Villa Nueva","Villa Nueva","86","Santiago del Estero"
"Localidad simple",-28.169398353,-64.098894433,"86189","Silípica","INDEC","866620","Sumamao","86189040","86189040","Sumamao","Sumamao","86","Santiago del Estero"
"Localidad simple",-28.051291691,-64.223791382,"86189","Silípica","INDEC","866294","Árraga","86189010","86189010","Árraga","Árraga","86","Santiago del Estero"
"Localidad simple",-28.10106904,-64.213570522,"86189","Silípica","INDEC","","","86189030","86189030","Simbol","Simbol","86","Santiago del Estero"
"Localidad simple",-28.17376477,-64.199983024,"86189","Silípica","INDEC","866301","Nueva Francia","86189020","86189020","Nueva Francia","Nueva Francia","86","Santiago del Estero"
"Localidad simple",-28.812644051,-65.500687721,"10014","Ancasti","INDEC","100035","Ancasti","10014010","10014010","Ancasti","Ancasti","10","Catamarca"
"Localidad simple",-28.746688269,-65.546324415,"10014","Ancasti","INDEC","100035","Ancasti","10014020","10014020","Anquincila","Anquincila","10","Catamarca"
"Localidad simple",-28.694306915,-65.43144842,"10014","Ancasti","INDEC","100035","Ancasti","10014030","10014030","La Candelaria","La Candelaria","10","Catamarca"
"Localidad simple",-29.029166077,-65.546724614,"10014","Ancasti","INDEC","100035","Ancasti","10014040","10014040","La Majada","La Majada","10","Catamarca"
"Localidad simple",-28.774595326,-66.046485108,"10042","Capayán","INDEC","100126","Capayán","10042030","10042030","Capayán","Capayán","10","Catamarca"
"Localidad simple",-28.853193032,-66.237562517,"10042","Capayán","INDEC","100126","Capayán","10042040","10042040","Chumbicha","Chumbicha","10","Catamarca"
"Localidad simple",-28.65360707,-65.867857701,"10042","Capayán","INDEC","100133","Huillapima","10042050","10042050","Colonia del Valle","Colonia del Valle","10","Catamarca"
"Localidad simple",-28.578714714,-65.836461064,"10042","Capayán","INDEC","100133","Huillapima","10042060","10042060","Colonia Nueva Coneta","Colonia Nueva Coneta","10","Catamarca"
"Localidad simple",-28.687098494,-66.065887543,"10042","Capayán","INDEC","100133","Huillapima","10042070","10042070","Concepción","Concepción","10","Catamarca"
"Localidad simple",-28.579299229,-65.8877987,"10042","Capayán","INDEC","100133","Huillapima","10042080","10042080","Coneta","Coneta","10","Catamarca"
"Localidad simple",-28.621487758,-65.856478282,"10042","Capayán","INDEC","100133","Huillapima","10042090","10042090","El Bañado","El Bañado","10","Catamarca"
"Localidad simple",-28.7260731,-65.978747567,"10042","Capayán","INDEC","100133","Huillapima","10042100","10042100","Huillapima","Huillapima","10","Catamarca"
"Localidad simple",-28.452143799,-65.950438117,"10042","Capayán","INDEC","100133","Huillapima","10042110","10042110","Los Ángeles","Los Angeles","10","Catamarca"
"Localidad simple",-28.598736656,-65.902167776,"10042","Capayán","INDEC","100133","Huillapima","10042120","10042120","Miraflores","Miraflores","10","Catamarca"
"Localidad simple",-28.700192467,-66.037070675,"10042","Capayán","INDEC","100133","Huillapima","10042140","10042140","San Pablo","San Pablo","10","Catamarca"
"Localidad simple",-28.746002599,-66.124659332,"10042","Capayán","INDEC","100126","Capayán","10042150","10042150","San Pedro","San Pedro","10","Catamarca"
"Localidad simple",-36.925725759,-64.405072888,"42140","Toay","INDEC","420042","Ataliva Roca","42140010","42140010","Naicó","Naicó","42","La Pampa"
"Componente de localidad compuesta",-28.469013241,-65.778917352,"10049","Capital","INDEC","100140","San Fernando del Valle de Catamarca","10049030","10049030","San Fernando del Valle de Catamarca","San Fernando del Valle de Catamarca","10","Catamarca"
"Localidad simple",-28.310610964,-65.364444112,"10056","El Alto","INDEC","100147","El Alto","10056010","10056010","Villa Concepción del Alto","El Alto","10","Catamarca"
"Localidad simple",-28.343244067,-65.399654793,"10056","El Alto","INDEC","100147","El Alto","10056020","10056020","Guayamba","Guayamba","10","Catamarca"
"Localidad simple",-28.579033525,-65.405000625,"10056","El Alto","INDEC","100147","El Alto","10056030","10056030","Infanzón","Infanzón","10","Catamarca"
"Localidad simple",-28.493405128,-65.325181016,"10056","El Alto","INDEC","100147","El Alto","10056040","10056040","Los Corrales","Los Corrales","10","Catamarca"
"Componente de localidad compuesta",-28.40485789,-65.102730788,"10056","El Alto","INDEC","100154","Tapso","10056050","10056050","Tapso","Tapso","10","Catamarca"
"Localidad simple",-28.497723671,-65.433100306,"10056","El Alto","INDEC","100147","El Alto","10056060","10056060","Vilismán","Vilismán","10","Catamarca"
"Localidad simple",-28.302562655,-65.719572558,"10063","Fray Mamerto Esquiú","INDEC","100161","Fray Mamerto Esquiú","10063020","10063020","Pomancillo Este","Pomancillo Este","10","Catamarca"
"Localidad simple",-28.304455029,-65.731799378,"10063","Fray Mamerto Esquiú","INDEC","100161","Fray Mamerto Esquiú","10063030","10063030","Pomancillo Oeste","Pomancillo Oeste","10","Catamarca"
"Componente de localidad compuesta",-28.3875664,-65.700924753,"10063","Fray Mamerto Esquiú","INDEC","100161","Fray Mamerto Esquiú","10063040","10063040","San José","San José","10","Catamarca"
"Localidad simple",-28.279903385,-65.732110638,"10063","Fray Mamerto Esquiú","INDEC","100161","Fray Mamerto Esquiú","10063050","10063050","Villa Las Pirquitas","Villa Las Pirquitas","10","Catamarca"
"Localidad simple",-29.109330138,-65.36122102,"10070","La Paz","INDEC","100175","Recreo","10070020","10070020","El Aybal","El Aybal","10","Catamarca"
"Localidad simple",-28.919540473,-65.330165196,"10070","La Paz","INDEC","100168","Icaño","10070070","10070070","Icaño","Icaño","10","Catamarca"
"Localidad simple",-28.737028792,-65.108928809,"10070","La Paz","INDEC","100168","Icaño","10070100","10070100","Las Esquinas","Las Esquinas","10","Catamarca"
"Localidad simple",-28.637189289,-64.986114025,"10070","La Paz","INDEC","","","10070110","10070110","Las Palmitas","Las Palmitas","10","Catamarca"
"Localidad simple",-28.785887721,-65.110953707,"10070","La Paz","INDEC","100168","Icaño","10070120","10070120","Quirós","Quirós","10","Catamarca"
"Localidad simple",-29.153957412,-65.398363941,"10070","La Paz","INDEC","100175","Recreo","10070130","10070130","Ramblones","Ramblones","10","Catamarca"
"Localidad simple",-28.932482381,-65.09691698,"10070","La Paz","INDEC","100168","Icaño","10070150","10070150","San Antonio","San Antonio","10","Catamarca"
"Localidad simple",-28.321038581,-65.619347915,"10077","Paclín","INDEC","100182","Paclín","10077090","10077090","Palo Labrado","Palo Labrado","10","Catamarca"
"Localidad simple",-28.362396202,-66.159755741,"10084","Pomán","INDEC","100189","Pomán","10084020","10084020","Colana","Colana","10","Catamarca"
"Localidad simple",-28.37214105,-66.295086458,"10084","Pomán","INDEC","100189","Pomán","10084040","10084040","El Pajonal","El Pajonal","10","Catamarca"
"Localidad simple",-28.314846954,-66.149014187,"10084","Pomán","INDEC","100185","Mutquín","10084060","10084060","Mutquín","Mutquin","10","Catamarca"
"Localidad simple",-28.395281144,-66.218286632,"10084","Pomán","INDEC","100189","Pomán","10084070","10084070","Pomán","Pomán","10","Catamarca"
"Localidad simple",-28.470103363,-65.635601956,"10112","Valle Viejo","INDEC","100238","Valle Viejo","10112010","10112010","El Portezuelo","El Portezuelo","10","Catamarca"
"Localidad simple",-28.517293087,-65.67650417,"10112","Valle Viejo","INDEC","100238","Valle Viejo","10112020","10112020","Huaycama","Huaycama","10","Catamarca"
"Localidad simple",-28.658682582,-65.783801545,"10112","Valle Viejo","INDEC","100238","Valle Viejo","10112030","10112030","Las Tejas","Las Tejas","10","Catamarca"
"Componente de localidad compuesta",-28.457753399,-65.724976045,"10112","Valle Viejo","INDEC","100238","Valle Viejo","10112040","10112040","San Isidro","San Isidro","10","Catamarca"
"Localidad simple",-28.500922509,-65.664118479,"10112","Valle Viejo","INDEC","100238","Valle Viejo","10112050","10112050","Santa Cruz","Santa Cruz","10","Catamarca"
"Localidad simple",-28.443893439,-64.929402351,"86063","Choya","INDEC","","","86063010","86063010","Ancaján","Ancaján","86","Santiago del Estero"
"Componente de localidad compuesta",-28.403754611,-65.096249433,"86063","Choya","INDEC","866112","Tapso","86063080","86063080","Tapso","Tapso","86","Santiago del Estero"
"Localidad simple",-28.637544186,-65.128728352,"86063","Choya","INDEC","860077","Frías","86063040","86063040","Frí­as","Frías","86","Santiago del Estero"
"Localidad simple",-28.369725994,-64.794671997,"86063","Choya","INDEC","866119","Villa La Punta","86063090","86063090","Villa La Punta","Villa La Punta","86","Santiago del Estero"
"Localidad simple",-28.496103427,-64.856284377,"86063","Choya","INDEC","866098","Choya","86063020","86063020","Choya","Choya","86","Santiago del Estero"
"Localidad simple",-28.41029946,-64.755365957,"86063","Choya","INDEC","","","86063030","86063030","Estación La Punta","Estación La Punta","86","Santiago del Estero"
"Localidad simple",-28.468034242,-64.866976339,"86063","Choya","INDEC","","","86063070","86063070","San Pedro","San Pedro","86","Santiago del Estero"
"Localidad simple",-28.496444045,-63.817328561,"86021","Atamisqui","INDEC","860021","Villa Atamisqui","86021030","86021030","Villa Atamisqui","Villa Atamisqui","86","Santiago del Estero"
"Localidad simple",-28.493728905,-63.937446074,"86021","Atamisqui","INDEC","866021","Estación Atamisqui","86021010","86021010","Estación Atamisqui","Estación Atamisqui","86","Santiago del Estero"
"Localidad simple",-28.652341341,-63.785507444,"86021","Atamisqui","INDEC","866028","Medellín","86021020","86021020","Medellín","Medellín","86","Santiago del Estero"
"Localidad simple",-29.382556802,-63.474837161,"86140","Quebrachos","INDEC","860154","Sumampa","86140020","86140020","Sumampa","Sumampa","86","Santiago del Estero"
"Localidad simple",-29.502807384,-63.69496837,"86126","Ojo de Agua","INDEC","860140","Villa Ojo de Agua","86126030","86126030","Villa Ojo de Agua","Villa Ojo de Agua","86","Santiago del Estero"
"Localidad simple",-29.050580659,-63.957935237,"86126","Ojo de Agua","INDEC","866200","Kilómetro 49","86126010","86126010","El 49","El 49","86","Santiago del Estero"
"Localidad simple",-29.230952325,-63.47425428,"86140","Quebrachos","INDEC","866560","Ramírez de Velazco","86140010","86140010","Ramírez de Velazco","Ramírez de Velazco","86","Santiago del Estero"
"Localidad simple",-29.385103821,-63.434293611,"86140","Quebrachos","INDEC","","","86140030","86140030","Sumampa Viejo","Sumampa Viejo","86","Santiago del Estero"
"Localidad simple",-28.985075234,-63.450399707,"86168","Salavina","INDEC","860196","Los Telares","86168020","86168020","Los Telares","Los Telares","86","Santiago del Estero"
"Localidad simple",-28.804316923,-63.429650574,"86168","Salavina","INDEC","866266","Villa Salavina","86168030","86168030","Villa Salavina","Villa Salavina","86","Santiago del Estero"
"Localidad simple",-28.797201837,-63.575344251,"86168","Salavina","INDEC","866259","Chilca Juliana","86168010","86168010","Chilca Juliana","Chilca Juliana","86","Santiago del Estero"
"Localidad simple",-28.243852744,-63.953337339,"86175","San Martín","INDEC","866273","Brea Pozo","86175010","86175010","Brea Pozo","Brea Pozo","86","Santiago del Estero"
"Localidad simple",-37.820038607,-60.482055449,"06014","Adolfo Gonzales Chaves","INDEC","060014","Adolfo Gonzales Chaves","06014030","06014030","Juan Eulogio Barra","Juan E. Barra","06","Buenos Aires"
"Localidad simple",-38.175801007,-60.169791056,"06014","Adolfo Gonzales Chaves","INDEC","060014","Adolfo Gonzales Chaves","06014040","06014040","Vásquez","Vásquez","06","Buenos Aires"
"Localidad simple",-36.5314223,-59.921751904,"06049","Azul","INDEC","060049","Azul","06049010","06049010","Ariel","Ariel","06","Buenos Aires"
"Localidad simple",-37.312803844,-59.985165667,"06049","Azul","INDEC","060049","Azul","06049040","06049040","Chillar","Chillar","06","Buenos Aires"
"Localidad simple",-37.674284974,-59.804805184,"06084","Benito Juárez","INDEC","060084","Benito Juárez","06084020","06084020","Benito Juárez","Benito Juárez","06","Buenos Aires"
"Localidad simple",-38.55794328,-59.340811799,"06581","Necochea","INDEC","060581","Necochea","06581025","06581025","Energía","Energía","06","Buenos Aires"
"Localidad simple",-36.865323467,-60.082383424,"06595","Olavarría","INDEC","060595","Olavarría","06595030","06595030","Colonia Nievas","Colonia Nievas","06","Buenos Aires"
"Localidad simple",-36.893842322,-60.323193714,"06595","Olavarría","INDEC","060595","Olavarría","06595070","06595070","Olavarría","Olavarría","06","Buenos Aires"
"Localidad simple",-37.125659804,-60.416451013,"06595","Olavarría","INDEC","060595","Olavarría","06595090","06595090","Santa Luisa","Santa Luisa","06","Buenos Aires"
"Localidad simple",-36.844883449,-60.226751826,"06595","Olavarría","INDEC","060595","Olavarría","06595100","06595100","Sierra Chica","Sierra Chica","06","Buenos Aires"
"Localidad simple",-38.748108275,-59.430469595,"06742","San Cayetano","INDEC","060742","San Cayetano","06742010","06742010","Balneario San Cayetano","Balneario San Cayetano","06","Buenos Aires"
"Localidad simple",-38.35921193,-59.793272139,"06742","San Cayetano","INDEC","060742","San Cayetano","06742020","06742020","Ochandio","Ochandío","06","Buenos Aires"
"Localidad simple",-38.345789247,-59.606759879,"06742","San Cayetano","INDEC","060742","San Cayetano","06742030","06742030","San Cayetano","San Cayetano","06","Buenos Aires"
"Localidad simple",-37.279725033,-59.362868818,"06791","Tandil","INDEC","060791","Tandil","06791030","06791030","Gardey","Gardey","06","Buenos Aires"
"Localidad simple",-37.401384244,-59.505928794,"06791","Tandil","INDEC","060791","Tandil","06791040","06791040","María Ignacia","María Ignacia","06","Buenos Aires"
"Localidad simple",-38.85747512,-60.072799598,"06833","Tres Arroyos","INDEC","060833","Tres Arroyos","06833020","06833020","Claromecó","Claromecó","06","Buenos Aires"
"Localidad simple",-38.721440874,-60.451743721,"06833","Tres Arroyos","INDEC","060833","Tres Arroyos","06833030","06833030","Copetonas","Copetonas","06","Buenos Aires"
"Localidad simple",-38.494114342,-60.468351214,"06833","Tres Arroyos","INDEC","060833","Tres Arroyos","06833050","06833050","Micaela Cascallares","Micaela Cascallares","06","Buenos Aires"
"Localidad simple",-38.688273125,-59.780691445,"06833","Tres Arroyos","INDEC","060833","Tres Arroyos","06833060","06833060","Orense","Orense","06","Buenos Aires"
"Localidad simple",-38.689536391,-60.013936189,"06833","Tres Arroyos","INDEC","060833","Tres Arroyos","06833080","06833080","San Francisco de Bellocq","San Francisco de Bellocq","06","Buenos Aires"
"Localidad simple",-38.377196696,-60.27521507,"06833","Tres Arroyos","INDEC","060833","Tres Arroyos","06833100","06833100","Tres Arroyos","Tres Arroyos","06","Buenos Aires"
"Localidad simple",-38.312396365,-60.231646703,"06833","Tres Arroyos","INDEC","060833","Tres Arroyos","06833110","06833110","Villa Rodríguez","Villa Rodríguez","06","Buenos Aires"
"Localidad simple",-26.600330586,-60.946176961,"22007","Almirante Brown","INDEC","220007","Concepción del Bermejo","22007010","22007010","Concepción del Bermejo","Concepción del Bermejo","22","Chaco"
"Localidad simple",-26.407068009,-61.412880579,"22007","Almirante Brown","INDEC","220014","Los Frentones","22007020","22007020","Los Frentones","Los Frentones","22","Chaco"
"Localidad simple",-26.503558396,-61.176572447,"22007","Almirante Brown","INDEC","220021","Pampa del Infierno","22007030","22007030","Pampa del Infierno","Pampa del Infierno","22","Chaco"
"Localidad simple",-26.790971775,-60.441248325,"22021","Comandante Fernández","INDEC","220077","Presidencia Roque Sáenz Peña","22021010","22021010","Presidencia Roque Sáenz Peña","Presidencia Roque Sáenz Peña","22","Chaco"
"Localidad simple",-27.217922303,-61.187347968,"22028","Chacabuco","INDEC","220084","Charata","22028010","22028010","Charata","Charata","22","Chaco"
"Localidad simple",-27.487414446,-61.676696715,"22036","12 de Octubre","INDEC","220091","Gancedo","22036010","22036010","Gancedo","Gancedo","22","Chaco"
"Localidad simple",-27.422571353,-61.476141509,"22036","12 de Octubre","INDEC","220098","General Capdevila","22036020","22036020","General Capdevila","General Capdevila","22","Chaco"
"Localidad simple",-27.325386156,-61.280998282,"22036","12 de Octubre","INDEC","220105","General Pinedo","22036030","22036030","General Pinedo","General Pinedo","22","Chaco"
"Localidad simple",-27.429812575,-61.017099355,"22036","12 de Octubre","INDEC","220105","General Pinedo","22036040","22036040","Mesón de Fierro","Mesón de Fierro","22","Chaco"
"Localidad simple",-27.394683971,-61.102562709,"22036","12 de Octubre","INDEC","220105","General Pinedo","22036050","22036050","Pampa Landriel","Pampa Landriel","22","Chaco"
"Localidad simple",-27.487431931,-61.324482004,"22039","2 de Abril","INDEC","220112","Hermoso Campo","22039020","22039020","Itín","Itín","22","Chaco"
"Localidad simple",-26.95130654,-60.970338269,"22049","General Belgrano","INDEC","220133","Corzuela","22049010","22049010","Corzuela","Corzuela","22","Chaco"
"Localidad simple",-26.686651675,-60.728030835,"22070","Independencia","INDEC","220210","Avia Terai","22070010","22070010","Avia Terai","Avia Terai","22","Chaco"
"Localidad simple",-26.800310492,-60.839017867,"22070","Independencia","INDEC","220217","Campo Largo","22070020","22070020","Campo Largo","Campo Largo","22","Chaco"
"Localidad simple",-26.884353327,-60.909562968,"22070","Independencia","INDEC","220217","Campo Largo","22070030","22070030","Fortín Las Chuñas","Fortín Las Chuñas","22","Chaco"
"Localidad simple",-26.729587113,-60.616776057,"22070","Independencia","INDEC","220224","Napenay","22070040","22070040","Napenay","Napenay","22","Chaco"
"Localidad simple",-26.340324562,-60.431261529,"22091","Maipú","INDEC","220301","Tres Isletas","22091010","22091010","Tres Isletas","Tres Isletas","22","Chaco"
"Localidad simple",-27.086438454,-61.085822822,"22105","9 de Julio","INDEC","220329","Las Breñas","22105010","22105010","Las Breñas","Las Breñas","22","Chaco"
"Localidad simple",-27.177337111,-60.632669647,"22112","O'Higgins","INDEC","220336","La Clotilde","22112010","22112010","La Clotilde","La Clotilde","22","Chaco"
"Localidad simple",-27.114230446,-60.587658205,"22112","O'Higgins","INDEC","220343","La Tigra","22112020","22112020","La Tigra","La Tigra","22","Chaco"
"Localidad simple",-27.286719318,-60.712849173,"22112","O'Higgins","INDEC","220350","San Bernardo","22112030","22112030","San Bernardo","San Bernardo","22","Chaco"
"Localidad simple",-26.87079068,-60.215199589,"22133","Quitilipi","INDEC","220378","Quitilipi","22133010","22133010","Quitilipi","Quitilipi","22","Chaco"
"Localidad simple",-26.454504023,-60.164404877,"22133","Quitilipi","INDEC","220378","Quitilipi","22133020","22133020","Villa El Palmar","Villa El Palmar","22","Chaco"
"Localidad simple",-27.519107677,-60.394025971,"22147","San Lorenzo","INDEC","220420","Samuhú","22147010","22147010","Samuhú","Samuhú","22","Chaco"
"Localidad simple",-27.285322697,-60.415974493,"22147","San Lorenzo","INDEC","220427","Villa Berthet","22147020","22147020","Villa Berthet","Villa Berthet","22","Chaco"
"Localidad simple",-27.507639581,-60.178198749,"22161","Tapenagá","INDEC","220469","Charadai","22161030","22161030","Haumonia","Haumonia","22","Chaco"
"Localidad simple",-26.955888162,-60.202872864,"22168","25 de Mayo","INDEC","220473","Colonia Aborigen","22168010","22168010","Colonia Aborigen","Colonia Aborigen","22","Chaco"
"Localidad simple",-26.902500846,-60.129806202,"22168","25 de Mayo","INDEC","220476","Machagai","22168030","22168030","Napalpí","Napalpí","22","Chaco"
"Localidad simple",-26.937934158,-58.66197026,"22014","Bermejo","INDEC","220035","General Vedia","22014010","22014010","General Vedia","General Vedia","22","Chaco"
"Componente de localidad compuesta",-27.038148723,-58.707248624,"22014","Bermejo","INDEC","220049","La Leonesa","22014030","22014030","La Leonesa","La Leonesa","22","Chaco"
"Componente de localidad compuesta",-27.048750965,-58.682396024,"22014","Bermejo","INDEC","220056","Las Palmas","22014040","22014040","Las Palmas","Las Palmas","22","Chaco"
"Localidad simple",-26.907786353,-58.541700845,"22014","Bermejo","INDEC","220063","Puerto Bermejo","22014050","22014050","Puerto Bermejo Nuevo","Puerto Bermejo Nuevo","22","Chaco"
"Localidad simple",-26.9269363,-58.509115707,"22014","Bermejo","INDEC","220063","Puerto Bermejo","22014060","22014060","Puerto Bermejo Viejo","Puerto Bermejo Viejo","22","Chaco"
"Localidad simple",-26.663700014,-58.632397225,"22014","Bermejo","INDEC","220070","Puerto Eva Perón","22014070","22014070","Puerto Eva Perón","Puerto Eva Perón","22","Chaco"
"Localidad simple",-25.672693191,-58.261494859,"34014","Formosa","INDEC","345014","Colonia Pastoril","34014010","34014010","Colonia Pastoril","Colonia Pastoril","34","Formosa"
"Localidad simple",-26.185008983,-58.174896483,"34014","Formosa","INDEC","340028","Formosa","34014020","34014020","Formosa","Formosa","34","Formosa"
"Localidad simple",-25.862762272,-58.885728596,"34014","Formosa","INDEC","345021","Gran Guardia","34014030","34014030","Gran Guardia","Gran Guardia","34","Formosa"
"Localidad simple",-26.109324814,-58.487754375,"34014","Formosa","INDEC","345028","San Hilario","34014040","34014040","Mariano Boedo","Mariano Boedo","34","Formosa"
"Localidad simple",-26.033189506,-58.049051,"34014","Formosa","INDEC","340028","Formosa","34014050","34014050","Mojón de Fierro","Mojón de Fierro","34","Formosa"
"Localidad simple",-26.029992112,-58.652255708,"34014","Formosa","INDEC","345028","San Hilario","34014060","34014060","San Hilario","San Hilario","34","Formosa"
"Localidad simple",-26.707422197,-58.338339819,"34021","Laishi","INDEC","340049","General Lucio Victorio Mansilla","34021010","34021010","Banco Payaguá","Banco Payaguá","34","Formosa"
"Localidad simple",-26.657689509,-58.630460262,"34021","Laishi","INDEC","340049","General Lucio Victorio Mansilla","34021020","34021020","General Lucio Victorio Mansilla","General Lucio V. Mansilla","34","Formosa"
"Localidad simple",-26.48984781,-58.311618191,"34021","Laishi","INDEC","340056","Herradura","34021030","34021030","Herradura","Herradura","34","Formosa"
"Localidad simple",-26.243867035,-58.629613052,"34021","Laishi","INDEC","340063","Misión San Francisco de Laishi","34021040","34021040","San Francisco de Laishi","San Francisco de Laishi","34","Formosa"
"Localidad simple",-26.398152825,-58.357336954,"34021","Laishi","INDEC","340063","Misión San Francisco de Laishi","34021050","34021050","Tatané","Tatané","34","Formosa"
"Localidad simple",-26.621916792,-58.669706677,"34021","Laishi","INDEC","340070","Villa Escolar","34021060","34021060","Villa Escolar","Villa Escolar","34","Formosa"
"Localidad simple",-25.071500409,-58.385528602,"34042","Pilagás","INDEC","345056","Buena Vista","34042010","34042010","Buena Vista","Buena Vista","34","Formosa"
"Localidad simple",-24.981482853,-58.552561591,"34042","Pilagás","INDEC","340168","El Espinillo","34042020","34042020","El Espinillo","El Espinillo","34","Formosa"
"Localidad simple",-25.269085715,-58.742320087,"34042","Pilagás","INDEC","345063","Tres Lagunas","34042030","34042030","Laguna Gallo","Laguna Gallo","34","Formosa"
"Localidad simple",-24.980999991,-58.819934389,"34042","Pilagás","INDEC","340175","Misión Tacaaglé","34042040","34042040","Misión Tacaaglé","Misión Tacaaglé","34","Formosa"
"Localidad simple",-24.966091465,-58.742546184,"34042","Pilagás","INDEC","340175","Misión Tacaaglé","34042050","34042050","Portón Negro","Portón Negro","34","Formosa"
"Localidad simple",-25.216124037,-58.513078609,"34042","Pilagás","INDEC","345063","Tres Lagunas","34042060","34042060","Tres Lagunas","Tres Lagunas","34","Formosa"
"Localidad simple",-25.286080881,-57.7224082,"34049","Pilcomayo","INDEC","340189","Clorinda","34049010","34049010","Clorinda","Clorinda","34","Formosa"
"Localidad simple",-25.126264296,-58.240457282,"34049","Pilcomayo","INDEC","340196","Laguna Blanca","34049020","34049020","Laguna Blanca","Laguna Blanca","34","Formosa"
"Localidad simple",-25.22273689,-58.12101582,"34049","Pilcomayo","INDEC","340203","Laguna Naick Neck","34049030","34049030","Laguna Naick Neck","Laguna Naick-Neck","34","Formosa"
"Localidad simple",-25.247972716,-57.976269482,"34049","Pilcomayo","INDEC","340203","Laguna Naick Neck","34049040","34049040","Palma Sola","Palma Sola","34","Formosa"
"Localidad simple",-25.372224407,-57.651606485,"34049","Pilcomayo","INDEC","340189","Clorinda","34049050","34049050","Puerto Pilcomayo","Puerto Pilcomayo","34","Formosa"
"Localidad simple",-25.360656781,-58.279795911,"34049","Pilcomayo","INDEC","340210","Riacho He-Hé","34049060","34049060","Riacho He-Hé","Riacho He-He","34","Formosa"
"Localidad simple",-25.423970866,-57.793279659,"34049","Pilcomayo","INDEC","340189","Clorinda","34049070","34049070","Riacho Negro","Riacho Negro","34","Formosa"
"Localidad simple",-25.203691143,-58.332003225,"34049","Pilcomayo","INDEC","345070","Siete Palmas","34049080","34049080","Siete Palmas","Siete Palmas","34","Formosa"
"Localidad simple",-27.610016382,-61.344235858,"22039","2 de Abril","INDEC","220112","Hermoso Campo","22039010","22039010","Hermoso Campo","Hermoso Campo","22","Chaco"
"Localidad simple",-27.914644528,-61.401399313,"22043","Fray Justo Santa María de Oro","INDEC","220119","Chorotis","22043010","22043010","Chorotis","Chorotis","22","Chaco"
"Localidad simple",-27.831610977,-61.136000369,"22043","Fray Justo Santa María de Oro","INDEC","220126","Santa Sylvina","22043020","22043020","Santa Sylvina","Santa Sylvina","22","Chaco"
"Localidad simple",-27.816347945,-61.382884098,"22043","Fray Justo Santa María de Oro","INDEC","220119","Chorotis","22043030","22043030","Venados Grandes","Venados Grandes","22","Chaco"
"Localidad simple",-27.682213408,-60.904342213,"22098","Mayor Luis J. Fontana","INDEC","220308","Coronel Du Graty","22098010","22098010","Coronel Du Graty","Coronel Du Graty","22","Chaco"
"Localidad simple",-27.556672395,-60.526967372,"22098","Mayor Luis J. Fontana","INDEC","220315","Enrique Urién","22098020","22098020","Enrique Urién","Enrique Urien","22","Chaco"
"Localidad simple",-27.576877556,-60.711125666,"22098","Mayor Luis J. Fontana","INDEC","220322","Villa Ángela","22098030","22098030","Villa Ángela","Villa Angela","22","Chaco"
"Localidad simple",-28.022389719,-61.18658218,"82077","9 de Julio","INDEC","823288","Gato Colorado","82077020","82077020","Gato Colorado","Gato Colorado","82","Santa Fe"
"Localidad simple",-27.70849722,-64.023154751,"86035","Banda","INDEC","","","86035040","86035040","Cañada Escobar","Cañada Escobar","86","Santiago del Estero"
"Localidad simple",-27.580564285,-64.135225577,"86035","Banda","INDEC","860035","Clodomira","86035060","86035060","Clodomira","Clodomira","86","Santiago del Estero"
"Localidad simple",-27.721227928,-63.506563063,"86070","Figueroa","INDEC","","","86070100","86070100","Villa Figueroa","Villa Figueroa","86","Santiago del Estero"
"Localidad simple",-27.961219785,-62.608938197,"86098","Juan Felipe Ibarra","INDEC","866182","Vilelas","86098050","86098050","Vilelas","Vilelas","86","Santiago del Estero"
"Localidad simple",-27.914534351,-62.177357286,"86098","Juan Felipe Ibarra","INDEC","866490","El Colorado","86098010","86098010","El Colorado","El Colorado","86","Santiago del Estero"
"Localidad simple",-27.592326631,-61.943729679,"86119","Moreno","INDEC","","","86119110","86119110","Roversi","Roversi","86","Santiago del Estero"
"Localidad simple",-27.644686248,-62.417370197,"86119","Moreno","INDEC","860126","Quimilí","86119100","86119100","Quimilí","Quimili","86","Santiago del Estero"
"Localidad simple",-27.826833801,-64.058760101,"86161","Robles","INDEC","860175","Beltrán","86161010","86161010","Beltrán","Beltrán","86","Santiago del Estero"
"Localidad simple",-27.925315293,-63.894588379,"86161","Robles","INDEC","860182","Fernández","86161030","86161030","Fernández","Fernández","86","Santiago del Estero"
"Localidad simple",-27.727566804,-63.858759666,"86161","Robles","INDEC","866245","Colonia El Simbolar","86161020","86161020","Colonia El Simbolar","Colonia El Simbolar","86","Santiago del Estero"
"Localidad simple",-28.008451724,-63.744409958,"86175","San Martín","INDEC","866280","Taboada","86175030","86175030","Estación Taboada","Estación Taboada","86","Santiago del Estero"
"Localidad simple",-28.152941114,-63.538873347,"86182","Sarmiento","INDEC","866287","Garza","86182010","86182010","Garza","Garza","86","Santiago del Estero"
"Localidad simple",-28.108463743,-64.149598742,"86189","Silípica","INDEC","866623","Villa Silípica","86189050","86189050","Villa Silípica","Villa Silípica","86","Santiago del Estero"
"Localidad simple",-29.220623199,-65.774504452,"10042","Capayán","INDEC","100126","Capayán","10042130","10042130","San Martín","San Martín","10","Catamarca"
"Localidad simple",-29.604548136,-65.519736382,"10070","La Paz","INDEC","100175","Recreo","10070010","10070010","Casa de Piedra","Casa de Piedra","10","Catamarca"
"Localidad simple",-29.194968606,-65.43727565,"10070","La Paz","INDEC","100175","Recreo","10070030","10070030","El Bañado","El Bañado","10","Catamarca"
"Localidad simple",-29.201527423,-65.45248378,"10070","La Paz","INDEC","100175","Recreo","10070040","10070040","El Divisadero","El Divisadero","10","Catamarca"
"Localidad simple",-29.899352076,-65.397904813,"10070","La Paz","INDEC","100175","Recreo","10070050","10070050","El Quimilo","El Quimilo","10","Catamarca"
"Localidad simple",-29.378861011,-65.29026282,"10070","La Paz","INDEC","100175","Recreo","10070060","10070060","Esquiú","Esquiú","10","Catamarca"
"Localidad simple",-29.244821162,-65.482548512,"10070","La Paz","INDEC","100175","Recreo","10070080","10070080","La Dorada","La Dorada","10","Catamarca"
"Localidad simple",-29.556525947,-65.452925126,"10070","La Paz","INDEC","100175","Recreo","10070090","10070090","La Guardia","La Guardia","10","Catamarca"
"Localidad simple",-29.278860259,-65.058611479,"10070","La Paz","INDEC","100175","Recreo","10070140","10070140","Recreo","Recreo","10","Catamarca"
"Localidad simple",-24.584432478,-64.923249881,"38014","El Carmen","INDEC","380049","Aguas Calientes","38014010","38014010","Aguas Calientes","Aguas Calientes","38","Jujuy"
"Localidad simple",-24.463444197,-65.119204101,"38014","El Carmen","INDEC","380063","Monterrico","38014020","38014020","Barrio El Milagro","Barrio El Milagro","38","Jujuy"
"Localidad simple",-24.404731632,-65.070459343,"38014","El Carmen","INDEC","380077","Perico","38014030","38014030","Barrio ODIJ","Barrio La Unión","38","Jujuy"
"Localidad simple",-24.389285978,-65.261542319,"38014","El Carmen","INDEC","380056","El Carmen","38014040","38014040","El Carmen","El Carmen","38","Jujuy"
"Localidad simple",-24.476997979,-65.076720412,"38014","El Carmen","INDEC","380063","Monterrico","38014050","38014050","Los Lapachos","Los Lapachos","38","Jujuy"
"Localidad simple",-24.53430916,-64.976902513,"38014","El Carmen","INDEC","380074","Puesto Viejo","38014060","38014060","Manantiales","Manantiales","38","Jujuy"
"Localidad simple",-24.442960445,-65.166093314,"38014","El Carmen","INDEC","380063","Monterrico","38014070","38014070","Monterrico","Monterrico","38","Jujuy"
"Localidad simple",-24.535175926,-65.072552267,"38014","El Carmen","INDEC","380070","Pampa Blanca","38014080","38014080","Pampa Blanca","Pampa Blanca","38","Jujuy"
"Localidad simple",-24.376047261,-65.118085779,"38014","El Carmen","INDEC","380077","Perico","38014090","38014090","Perico","Perico","38","Jujuy"
"Localidad simple",-24.486338543,-64.964904373,"38014","El Carmen","INDEC","380074","Puesto Viejo","38014100","38014100","Puesto Viejo","Puesto Viejo","38","Jujuy"
"Localidad simple",-24.556081198,-64.942066696,"38014","El Carmen","INDEC","380049","Aguas Calientes","38014110","38014110","San Isidro","San Isidro","38","Jujuy"
"Localidad simple",-24.383312058,-64.99519055,"38014","El Carmen","INDEC","380077","Perico","38014120","38014120","San Juancito","San Juancito","38","Jujuy"
"Localidad simple",-24.186451258,-65.448948163,"38021","Dr. Manuel Belgrano","INDEC","380035","San Salvador de Jujuy","38021010","38021010","Guerrero","Guerrero","38","Jujuy"
"Localidad simple",-24.259342879,-65.393957075,"38021","Dr. Manuel Belgrano","INDEC","380035","San Salvador de Jujuy","38021020","38021020","La Almona","La Almona","38","Jujuy"
"Localidad simple",-24.035242032,-65.431831856,"38021","Dr. Manuel Belgrano","INDEC","380042","Yala","38021030","38021030","León","León","38","Jujuy"
"Localidad simple",-24.077605508,-65.408708914,"38021","Dr. Manuel Belgrano","INDEC","380042","Yala","38021040","38021040","Lozano","Lozano","38","Jujuy"
"Localidad simple",-23.944110041,-65.231701931,"38021","Dr. Manuel Belgrano","INDEC","380042","Yala","38021050","38021050","Ocloyas","Ocloyas","38","Jujuy"
"Componente de localidad compuesta",-24.185828671,-65.29948308,"38021","Dr. Manuel Belgrano","INDEC","380035","San Salvador de Jujuy","38021060","38021060","San Salvador de Jujuy","San Salvador de Jujuy","38","Jujuy"
"Localidad simple",-23.948005183,-65.299563125,"38021","Dr. Manuel Belgrano","INDEC","380042","Yala","38021065","38021065","Tesorero","Tesorero","38","Jujuy"
"Componente de localidad compuesta",-24.119709941,-65.402072628,"38021","Dr. Manuel Belgrano","INDEC","380042","Yala","38021070","38021070","Yala","Yala","38","Jujuy"
"Localidad simple",-23.845065447,-64.740544449,"38035","Ledesma","INDEC","380140","Libertador General San Martín","38035100","38035100","Paulina","Paulina","38","Jujuy"
"Localidad simple",-23.774568857,-64.770037042,"38035","Ledesma","INDEC","380126","Calilegua","38035040","38035040","Calilegua","Calilegua","38","Jujuy"
"Localidad simple",-23.566436339,-64.499212872,"38035","Ledesma","INDEC","380147","Yuto","38035010","38035010","Bananal","Bananal","38","Jujuy"
"Localidad simple",-23.788737712,-64.72993166,"38035","Ledesma","INDEC","380126","Calilegua","38035020","38035020","Bermejito","Bermejito","38","Jujuy"
"Localidad simple",-23.739937475,-64.591600526,"38035","Ledesma","INDEC","380119","Caimancito","38035030","38035030","Caimancito","Caimancito","38","Jujuy"
"Localidad simple",-24.069356524,-64.806403347,"38035","Ledesma","INDEC","380133","Fraile Pintado","38035050","38035050","Chalicán","Chalicán","38","Jujuy"
"Localidad simple",-23.944116485,-64.803035335,"38035","Ledesma","INDEC","380133","Fraile Pintado","38035060","38035060","Fraile Pintado","Fraile Pintado","38","Jujuy"
"Localidad simple",-23.762396325,-64.727269509,"38035","Ledesma","INDEC","380126","Calilegua","38035070","38035070","Libertad","Libertad","38","Jujuy"
"Localidad simple",-23.815214953,-64.792855684,"38035","Ledesma","INDEC","380140","Libertador General San Martín","38035080","38035080","Libertador General San Martín","Libertador General San Martín","38","Jujuy"
"Localidad simple",-23.951192934,-64.773730939,"38035","Ledesma","INDEC","380133","Fraile Pintado","38035090","38035090","Maíz Negro","Maíz Negro","38","Jujuy"
"Localidad simple",-23.642801892,-64.471641954,"38035","Ledesma","INDEC","380147","Yuto","38035110","38035110","Yuto","Yuto","38","Jujuy"
"Localidad simple",-24.307748398,-65.082138021,"38042","Palpalá","INDEC","380154","Palpalá","38042010","38042010","Carahunco","Carahunco","38","Jujuy"
"Localidad simple",-24.229027194,-65.178415284,"38042","Palpalá","INDEC","380154","Palpalá","38042020","38042020","Centro Forestal","Centro Forestal","38","Jujuy"
"Componente de localidad compuesta",-24.257893809,-65.213486764,"38042","Palpalá","INDEC","380154","Palpalá","38042040","38042040","Palpalá","Palpalá","38","Jujuy"
"Localidad simple",-24.370454676,-65.331696619,"38056","San Antonio","INDEC","380161","San Antonio","38056030","38056030","San Antonio","San Antonio","38","Jujuy"
"Localidad simple",-24.298920017,-65.272248326,"38056","San Antonio","INDEC","380161","San Antonio","38056010","38056010","El Ceibal","El Ceibal","38","Jujuy"
"Localidad simple",-24.268573631,-65.300295664,"38056","San Antonio","INDEC","380161","San Antonio","38056017","38056017","Los Alisos","Los Alisos","38","Jujuy"
"Localidad simple",-24.270281627,-65.275602275,"38056","San Antonio","INDEC","380161","San Antonio","38056020","38056020","Loteo Navea","Loteo Navea","38","Jujuy"
"Localidad simple",-24.317374127,-65.401742276,"38056","San Antonio","INDEC","380161","San Antonio","38056025","38056025","Nuestra Señora del Rosario","Nuestra Señora del Rosario","38","Jujuy"
"Localidad simple",-24.191179999,-64.847623115,"38063","San Pedro","INDEC","386091","Arrayanal","38063080","38063080","La Manga","La Manga","38","Jujuy"
"Localidad simple",-24.403155224,-64.800634194,"38063","San Pedro","INDEC","380224","San Pedro de Jujuy","38063040","38063040","El Acheral","El Acheral","38","Jujuy"
"Localidad simple",-24.178567066,-64.840231354,"38063","San Pedro","INDEC","386091","Arrayanal","38063010","38063010","Arrayanal","Arrayanal","38","Jujuy"
"Localidad simple",-24.337011395,-64.663056051,"38063","San Pedro","INDEC","380224","San Pedro de Jujuy","38063020","38063020","Arroyo Colorado","Arroyo Colorado","38","Jujuy"
"Localidad simple",-24.317207715,-64.906764228,"38063","San Pedro","INDEC","386112","Rosario de Río Grande","38063030","38063030","Don Emilio","Don Emilio","38","Jujuy"
"Localidad simple",-24.198110088,-64.789626482,"38063","San Pedro","INDEC","380196","La Esperanza","38063050","38063050","El Puesto","El Puesto","38","Jujuy"
"Localidad simple",-24.104591121,-64.824024714,"38063","San Pedro","INDEC","386091","Arrayanal","38063060","38063060","El Quemado","El Quemado","38","Jujuy"
"Componente de localidad compuesta",-24.224656083,-64.838539501,"38063","San Pedro","INDEC","380196","La Esperanza","38063070","38063070","La Esperanza","La Esperanza","38","Jujuy"
"Localidad simple",-24.31444589,-64.966779253,"38063","San Pedro","INDEC","380203","La Mendieta","38063090","38063090","La Mendieta","La Mendieta","38","Jujuy"
"Localidad simple",-24.326989049,-64.945732637,"38063","San Pedro","INDEC","386112","Rosario de Río Grande","38063110","38063110","Palos Blancos","Palos Blancos","38","Jujuy"
"Localidad simple",-24.295756149,-64.882177182,"38063","San Pedro","INDEC","386112","Rosario de Río Grande","38063130","38063130","Piedritas","Piedritas","38","Jujuy"
"Localidad simple",-24.27154986,-64.769409779,"38063","San Pedro","INDEC","386105","Rodeito","38063140","38063140","Rodeito","Rodeito","38","Jujuy"
"Localidad simple",-24.308524564,-64.931641726,"38063","San Pedro","INDEC","386112","Rosario de Río Grande","38063150","38063150","Rosario de Río Grande","Rosario de Río Grande (ex Barro Negro)","38","Jujuy"
"Localidad simple",-24.218682844,-64.806787484,"38063","San Pedro","INDEC","380196","La Esperanza","38063160","38063160","San Antonio","San Antonio","38","Jujuy"
"Localidad simple",-24.268441648,-64.864753507,"38063","San Pedro","INDEC","386105","Rodeito","38063170","38063170","San Lucas","San Lucas","38","Jujuy"
"Componente de localidad compuesta",-24.231728279,-64.867816067,"38063","San Pedro","INDEC","380224","San Pedro de Jujuy","38063180","38063180","San Pedro","San Pedro","38","Jujuy"
"Localidad simple",-24.178433511,-64.679017441,"38070","Santa Bárbara","INDEC","386119","El Piquete","38070020","38070020","El Piquete","El Piquete","38","Jujuy"
"Localidad simple",-24.273138346,-64.705788827,"38070","Santa Bárbara","INDEC","380252","Santa Clara","38070050","38070050","Puente Lavayén","Puente Lavayén","38","Jujuy"
"Localidad simple",-24.309370135,-64.661845869,"38070","Santa Bárbara","INDEC","380252","Santa Clara","38070060","38070060","Santa Clara","Santa Clara","38","Jujuy"
"Localidad simple",-23.522661992,-65.400013751,"38094","Tilcara","INDEC","380329","Tilcara","38094030","38094030","Juella","Juella","38","Jujuy"
"Localidad simple",-23.439038897,-65.350011327,"38094","Tilcara","INDEC","386175","Huacalera","38094020","38094020","Huacalera","Huacalera","38","Jujuy"
"Localidad simple",-23.624541034,-65.408815862,"38094","Tilcara","INDEC","380322","Maimará","38094040","38094040","Maimará","Maimará","38","Jujuy"
"Localidad simple",-23.576895159,-65.393372926,"38094","Tilcara","INDEC","380329","Tilcara","38094050","38094050","Tilcara","Tilcara","38","Jujuy"
"Localidad simple",-23.982234712,-65.452446088,"38098","Tumbaya","INDEC","386203","Volcán","38098010","38098010","Bárcena","Bárcena","38","Jujuy"
"Localidad simple",-23.571003147,-65.697124662,"38098","Tumbaya","INDEC","386179","El Moreno","38098025","38098025","San Miguel de Colorados","Puerta de Colorados","38","Jujuy"
"Localidad simple",-23.746594489,-65.499200142,"38098","Tumbaya","INDEC","386189","Purmamarca","38098030","38098030","Purmamarca","Purmamarca","38","Jujuy"
"Localidad simple",-23.857699038,-65.467558523,"38098","Tumbaya","INDEC","386196","Tumbaya","38098040","38098040","Tumbaya","Tumbaya","38","Jujuy"
"Localidad simple",-23.917153342,-65.464047605,"38098","Tumbaya","INDEC","386203","Volcán","38098050","38098050","Volcán","Volcán","38","Jujuy"
"Localidad simple",-23.475818565,-64.94676989,"38105","Valle Grande","INDEC","386238","Valle Grande","38105060","38105060","Valle Grande","Valle Grande","38","Jujuy"
"Localidad simple",-23.554591595,-65.008179102,"38105","Valle Grande","INDEC","386217","Pampichuela","38105020","38105020","Pampichuela","Pampichuela","38","Jujuy"
"Localidad simple",-23.622082726,-64.95061868,"38105","Valle Grande","INDEC","386224","San Francisco","38105030","38105030","San Francisco","San Francisco","38","Jujuy"
"Localidad simple",-23.413735347,-64.933419189,"38105","Valle Grande","INDEC","386231","Santa Ana","38105050","38105050","Valle Colorado","Valle Colorado","38","Jujuy"
"Localidad simple",-24.73122988,-65.486314409,"66028","Capital","INDEC","660070","San Lorenzo","66028060","66028060","San Lorenzo","Villa San Lorenzo","66","Salta"
"Componente de localidad compuesta",-24.789272032,-65.410286036,"66028","Capital","INDEC","660063","Salta","66028050","66028050","Salta","Salta","66","Salta"
"Localidad simple",-24.659884422,-65.106470628,"66049","General Güemes","INDEC","660112","El Bordo","66049030","66049030","El Bordo","El Bordo","66","Salta"
"Localidad simple",-24.736009882,-65.084726135,"66049","General Güemes","INDEC","660105","Campo Santo","66049020","66049020","Cobos","Cobos","66","Salta"
"Componente de localidad compuesta",-24.696475385,-65.410619866,"66077","La Caldera","INDEC","660196","Vaqueros","66077020","66077020","Vaqueros","Vaqueros","66","Salta"
"Localidad simple",-24.602693752,-65.380635169,"66077","La Caldera","INDEC","660189","La Caldera","66077010","66077010","La Caldera","La Caldera","66","Salta"
"Localidad simple",-24.872808923,-65.563222395,"66147","Rosario de Lerma","INDEC","660364","Campo Quijano","66147015","66147015","La Merced del Encón","La Merced del Encón","66","Salta"
"Localidad simple",-24.874976031,-65.590480453,"66147","Rosario de Lerma","INDEC","660364","Campo Quijano","66147020","66147020","La Silleta","La Silleta","66","Salta"
"Localidad simple",-38.717605091,-62.265446934,"06056","Bahía Blanca","INDEC","060056","Bahía Blanca","06056010","06056010","Bahía Blanca","Bahía Blanca","06","Buenos Aires"
"Localidad simple",-38.485152883,-61.893752163,"06056","Bahía Blanca","INDEC","060056","Bahía Blanca","06056020","06056020","Cabildo","Cabildo","06","Buenos Aires"
"Localidad simple",-38.719365546,-62.395308976,"06056","Bahía Blanca","INDEC","060056","Bahía Blanca","06056030","06056030","General Daniel Cerri","General Daniel Cerri","06","Buenos Aires"
"Localidad simple",-38.999893567,-61.553664054,"06182","Coronel de Marina Leonardo Rosales","INDEC","060182","Coronel de Marina Leonardo Rosales","06182020","06182020","Pehuen Có","Balneario Pehuen Co","06","Buenos Aires"
"Localidad simple",-38.920511966,-60.534993315,"06189","Coronel Dorrego","INDEC","060189","Coronel Dorrego","06189020","06189020","Balneario Marisol","Marisol","06","Buenos Aires"
"Localidad simple",-38.741809917,-61.538278643,"06189","Coronel Dorrego","INDEC","060189","Coronel Dorrego","06189080","06189080","San Román","San Román","06","Buenos Aires"
"Localidad simple",-38.447209317,-61.566887006,"06196","Coronel Pringles","INDEC","060196","Coronel Pringles","06196050","06196050","Lartigau","Lartigau","06","Buenos Aires"
"Localidad simple",-38.43660769,-58.219130297,"06280","General Alvarado","INDEC","060280","General Alvarado","06280005","06280005","Centinela del Mar","Centinela del Mar","06","Buenos Aires"
"Localidad simple",-38.99376182,-61.208011352,"06553","Monte Hermoso","INDEC","060553","Monte Hermoso","06553010","06553010","Balneario Sauce Grande","Balneario Sauce Grande","06","Buenos Aires"
"Localidad simple",-38.986663249,-61.290928746,"06553","Monte Hermoso","INDEC","060553","Monte Hermoso","06553020","06553020","Monte Hermoso","Monte Hermoso","06","Buenos Aires"
"Localidad simple",-38.554460163,-58.73923682,"06581","Necochea","INDEC","060581","Necochea","06581040","06581040","Necochea ? Quequén","Necochea - Quequén","06","Buenos Aires"
"Localidad simple",-38.449126632,-59.330507986,"06581","Necochea","INDEC","060581","Necochea","06581060","06581060","Ramón Santamarina","Ramón Santamarina","06","Buenos Aires"
"Localidad simple",-40.554648117,-62.23676311,"06602","Patagones","INDEC","060602","Patagones","06602010","06602010","Bahía San Blas","Bahía San Blas","06","Buenos Aires"
"Localidad simple",-40.65015578,-62.755627171,"06602","Patagones","INDEC","060602","Patagones","06602020","06602020","Cardenal Cagliero","Cardenal Cagliero","06","Buenos Aires"
"Componente de localidad compuesta",-40.802515153,-62.983602186,"06602","Patagones","INDEC","060602","Patagones","06602030","06602030","Carmen de Patagones","Carmen de Patagones","06","Buenos Aires"
"Localidad simple",-40.435320702,-62.544123049,"06602","Patagones","INDEC","060602","Patagones","06602040","06602040","José B. Casas","José B. Casas","06","Buenos Aires"
"Localidad simple",-39.602451577,-62.65279464,"06602","Patagones","INDEC","060602","Patagones","06602050","06602050","Juan A. Pradere","Juan A. Pradere","06","Buenos Aires"
"Localidad simple",-40.185829201,-62.620247659,"06602","Patagones","INDEC","060602","Patagones","06602060","06602060","Stroeder","Stroeder","06","Buenos Aires"
"Localidad simple",-39.917574035,-62.618770688,"06602","Patagones","INDEC","060602","Patagones","06602070","06602070","Villalonga","Villalonga","06","Buenos Aires"
"Localidad simple",-38.807442643,-59.737482196,"06833","Tres Arroyos","INDEC","060833","Tres Arroyos","06833010","06833010","Balneario Orense","Balneario Orense","06","Buenos Aires"
"Localidad simple",-38.894893983,-60.344858064,"06833","Tres Arroyos","INDEC","060833","Tres Arroyos","06833070","06833070","Reta","Reta","06","Buenos Aires"
"Localidad simple",-38.770235558,-62.60295463,"06875","Villarino","INDEC","060875","Villarino","06875010","06875010","Argerich","Argerich","06","Buenos Aires"
"Localidad simple",-39.375650448,-62.647369157,"06875","Villarino","INDEC","060875","Villarino","06875030","06875030","Hilario Ascasubi","Hilario Ascasubi","06","Buenos Aires"
"Localidad simple",-39.260869644,-62.615247469,"06875","Villarino","INDEC","060875","Villarino","06875050","06875050","Mayor Buratovich","Mayor Buratovich","06","Buenos Aires"
"Localidad simple",-38.829264944,-62.693309604,"06875","Villarino","INDEC","060875","Villarino","06875060","06875060","Médanos","Médanos","06","Buenos Aires"
"Localidad simple",-39.501496871,-62.679828769,"06875","Villarino","INDEC","060875","Villarino","06875070","06875070","Pedro Luro","Pedro Luro","06","Buenos Aires"
"Localidad simple",-39.057809418,-62.570414559,"06875","Villarino","INDEC","060875","Villarino","06875080","06875080","Teniente Origone","Teniente Origone","06","Buenos Aires"
"Localidad simple",-41.04128575,-62.829010314,"62007","Adolfo Alsina","INDEC","620014","Viedma","62007020","62007020","El Cóndor","El Cóndor","62","Río Negro"
"Localidad simple",-40.869804012,-62.920389149,"62007","Adolfo Alsina","INDEC","620014","Viedma","62007060","62007060","Loteo Costa de Río","Loteo Costa de Río","62","Río Negro"
"Componente de localidad compuesta",-40.80836773,-62.99492873,"62007","Adolfo Alsina","INDEC","620014","Viedma","62007090","62007090","Viedma","Viedma","62","Río Negro"
"Localidad simple",-51.693679127,-57.860855504,"94021","Islas del Atlántico Sur","IGN","","","94021010","94021010","Bahía Fox","Puerto Argentino","94","Tierra del Fuego, Antártida e Islas del Atlántico Sur"
"Componente de localidad compuesta",-34.79801384,-58.384329627,"06028","Almirante Brown","INDEC","060028","Almirante Brown","06028010","06028010","Almirante Brown","Almirante Brown","06","Buenos Aires"
"Localidad simple",-35.098580859,-58.277254774,"06119","Brandsen","INDEC","060119","Brandsen","06119040","06119040","Barrio Parque Las Acacias","Barrio Parque Las Acacias","06","Buenos Aires"
"Localidad simple",-35.302672673,-58.595979417,"06134","Cañuelas","INDEC","060134","Cañuelas","06134040","06134040","Gobernador Udaondo","Gobernador Udaondo","06","Buenos Aires"
"Componente de localidad compuesta",-34.936869444,-58.618873605,"06134","Cañuelas","INDEC","060134","Cañuelas","06134050","06134050","Máximo Paz","Máximo Paz","06","Buenos Aires"
"Componente de localidad compuesta",-34.819389535,-58.465911896,"06260","Esteban Echeverría","INDEC","060260","Esteban Echeverría","06260010","06260010","Esteban Echeverría","Esteban Echeverría","06","Buenos Aires"
"Componente de localidad compuesta",-34.854393958,-58.524757807,"06270","Ezeiza","INDEC","060270","Ezeiza","06270010","06270010","Ezeiza","Ezeiza","06","Buenos Aires"
"Componente de localidad compuesta",-34.80443679,-58.279252772,"06274","Florencio Varela","INDEC","060274","Florencio Varela","06274010","06274010","Florencio Varela","Florencio Varela","06","Buenos Aires"
"Localidad simple",-35.765676199,-58.497163273,"06301","General Belgrano","INDEC","060301","General Belgrano","06301010","06301010","General Belgrano","General Belgrano","06","Buenos Aires"
"Localidad simple",-35.274009158,-58.403828253,"06343","General Paz","INDEC","060343","General Paz","06343020","06343020","Loma Verde","Loma Verde","06","Buenos Aires"
"Localidad simple",-35.516405572,-58.318815518,"06343","General Paz","INDEC","060343","General Paz","06343030","06343030","Ranchos","Ranchos","06","Buenos Aires"
"Localidad simple",-35.675306098,-58.433879052,"06343","General Paz","INDEC","060343","General Paz","06343040","06343040","Villanueva - Río Salado","Villanueva","06","Buenos Aires"
"Componente de localidad compuesta",-34.757283817,-58.402716798,"06490","Lomas de Zamora","INDEC","060490","Lomas de Zamora","06490010","06490010","Lomas de Zamora","Lomas de Zamora","06","Buenos Aires"
"Componente de localidad compuesta",-34.917771926,-58.379299537,"06648","Presidente Perón","INDEC","060648","Presidente Perón","06648010","06648010","Presidente Perón","Presidente Perón","06","Buenos Aires"
"Componente de localidad compuesta",-35.024908874,-58.42405791,"06778","San Vicente","INDEC","060778","San Vicente","06778020","06778020","San Vicente","San Vicente","06","Buenos Aires"
"Localidad simple",-27.550219206,-57.528414751,"18014","Berón de Astrada","INDEC","180014","San Antonio de Itatí","18014010","18014010","San Antonio de Itatí","Berón de Astrada","18","Corrientes"
"Localidad simple",-27.371446098,-57.655037355,"18014","Berón de Astrada","INDEC","180014","San Antonio de Itatí","18014020","18014020","Yahapé","Yahapé","18","Corrientes"
"Localidad simple",-27.463345014,-58.839472846,"18021","Capital","INDEC","180021","Corrientes","18021020","18021020","Corrientes","Corrientes","18","Corrientes"
"Localidad simple",-27.580434938,-58.743116833,"18021","Capital","INDEC","180028","Riachuelo","18021040","18021040","Riachuelo","Riachuelo","18","Corrientes"
"Localidad simple",-27.571208591,-58.695878654,"18021","Capital","INDEC","180028","Riachuelo","18021050","18021050","San Cayetano","San Cayetano","18","Corrientes"
"Localidad simple",-28.393200862,-57.886916862,"18028","Concepción","INDEC","180042","Concepción del Yaguareté Corá","18028010","18028010","Concepción del Yaguareté Corá","Concepción","18","Corrientes"
"Localidad simple",-28.267278912,-58.122724375,"18028","Concepción","INDEC","180035","Santa Rosa","18028020","18028020","Santa Rosa","Santa Rosa","18","Corrientes"
"Localidad simple",-28.308135913,-58.286865634,"18028","Concepción","INDEC","180049","Tabay","18028030","18028030","Tabay","Tabay","18","Corrientes"
"Localidad simple",-28.37591942,-58.321136161,"18028","Concepción","INDEC","180056","Tatacuá","18028040","18028040","Tatacuá","Tatacua","18","Corrientes"
"Localidad simple",-27.703542822,-58.76860599,"18042","Empedrado","INDEC","180073","El Sombrero","18042010","18042010","El Sombrero","El Sombrero","18","Corrientes"
"Localidad simple",-27.950703029,-58.803095212,"18042","Empedrado","INDEC","180077","Empedrado","18042020","18042020","Empedrado","Empedrado","18","Corrientes"
"Localidad simple",-27.425876016,-57.338126807,"18063","General Paz","INDEC","180119","Itá Ibaté","18063010","18063010","Itá Ibaté","Itá Ibaté","18","Corrientes"
"Localidad simple",-27.737884627,-57.919896896,"18063","General Paz","INDEC","180126","Lomas de Vallejos","18063020","18063020","Lomas de Vallejos","Lomas de Vallejos","18","Corrientes"
"Localidad simple",-27.752150845,-57.621998156,"18063","General Paz","INDEC","180112","Caá Catí","18063030","18063030","Nuestra Señora del Rosario de Caá Catí","Nuestra Señora del Rosario de Caá Catí","18","Corrientes"
"Localidad simple",-27.941267287,-57.900958206,"18063","General Paz","INDEC","180133","Palmar Grande","18063040","18063040","Palmar Grande","Palmar Grande","18","Corrientes"
"Localidad simple",-27.26921666,-58.242421269,"18077","Itatí","INDEC","180147","Itatí","18077010","18077010","Itatí","Itatí","18","Corrientes"
"Localidad simple",-27.366183933,-58.299624036,"18077","Itatí","INDEC","180154","Ramada Paso","18077020","18077020","Ramada Paso","Ramada Paso","18","Corrientes"
"Localidad simple",-28.046857582,-58.23030567,"18098","Mburucuyá","INDEC","180224","Mburucuyá","18098010","18098010","Mburucuyá","Mburucuyá","18","Corrientes"
"Localidad simple",-28.255067029,-58.623726747,"18126","Saladas","INDEC","180308","Saladas","18126010","18126010","Saladas","Saladas","18","Corrientes"
"Localidad simple",-28.138098797,-58.768132414,"18126","Saladas","INDEC","180315","San Lorenzo","18126020","18126020","San Lorenzo","San Lorenzo","18","Corrientes"
"Localidad simple",-27.43364493,-58.6243084,"18133","San Cosme","INDEC","180336","Santa Ana de los Guácaras","18133010","18133010","Ingenio Primer Correntino","Ingenio Primer Correntino","18","Corrientes"
"Localidad simple",-27.317374261,-58.572564148,"18133","San Cosme","INDEC","180322","Paso de la Patria","18133020","18133020","Paso de la Patria","Paso de la Patria","18","Corrientes"
"Localidad simple",-27.370373364,-58.512513441,"18133","San Cosme","INDEC","180329","San Cosme","18133030","18133030","San Cosme","San Cosme","18","Corrientes"
"Localidad simple",-27.455354998,-58.654760346,"18133","San Cosme","INDEC","180336","Santa Ana de los Guácaras","18133040","18133040","Santa Ana de los Guácaras","Santa Ana","18","Corrientes"
"Localidad simple",-27.507698655,-58.556147715,"18140","San Luis del Palmar","INDEC","180350","San Luis del Palmar","18140010","18140010","San Luis del Palmar","San Luis del Palmar","18","Corrientes"
"Localidad simple",-27.998325926,-57.587311303,"18154","San Miguel","INDEC","180392","San Miguel","18154020","18154020","San Miguel","San Miguel","18","Corrientes"
"Localidad simple",-28.52379744,-58.487585317,"18161","San Roque","INDEC","180417","Colonia Pando","18161020","18161020","Colonia Pando","Colonia Pando","18","Corrientes"
"Localidad simple",-28.569303233,-58.705134985,"18161","San Roque","INDEC","180420","San Roque","18161050","18161050","San Roque","San Roque","18","Corrientes"
"Localidad simple",-27.291499117,-58.619429488,"22014","Bermejo","INDEC","220042","Isla del Cerrito","22014020","22014020","Isla del Cerrito","Isla del Cerrito","22","Chaco"
"Localidad simple",-27.461060063,-58.867574061,"22126","1° de Mayo","INDEC","220364","Colonia Benítez","22126010","22126010","Barrio de los Pescadores","Barrio de los Pescadores","22","Chaco"
"Localidad simple",-31.334524027,-69.420703498,"70021","Calingasta","INDEC","700021","Calingasta","70021020","70021020","Calingasta","Calingasta","70","San Juan"
"Localidad simple",-31.458098859,-69.421552695,"70021","Calingasta","INDEC","700021","Calingasta","70021030","70021030","Tamberías","Tamberías","70","San Juan"
"Localidad simple",-31.644735977,-69.472077947,"70021","Calingasta","INDEC","700021","Calingasta","70021010","70021010","Barreal - Villa Pituil","Barreal - Villa Pituil","70","San Juan"
"Localidad simple",-22.722692271,-65.697039178,"38007","Cochinoca","INDEC","380014","Abra Pampa","38007020","38007020","Abra Pampa","Abra Pampa","38","Jujuy"
"Localidad simple",-22.528891929,-65.522273067,"38007","Cochinoca","INDEC","386021","Puesto del Marquéz","38007055","38007055","La Redonda","La Redonda","38","Jujuy"
"Localidad simple",-22.536960665,-65.697462501,"38007","Cochinoca","INDEC","386021","Puesto del Marquéz","38007060","38007060","Puesto del Marquéz","Puesto del Marquéz","38","Jujuy"
"Localidad simple",-23.30359271,-65.356079107,"38028","Humahuaca","INDEC","386067","Uquía","38028060","38028060","Uquía","Uquía","38","Jujuy"
"Localidad simple",-23.122405764,-65.134705889,"38028","Humahuaca","INDEC","386060","Palca de Aparzo","38028043","38028043","Palca de Aparzo","Palca de Aparzo","38","Jujuy"
"Localidad simple",-23.099527083,-65.185770526,"38028","Humahuaca","INDEC","386060","Palca de Aparzo","38028003","38028003","Aparzo","Aparzo","38","Jujuy"
"Localidad simple",-23.173204866,-65.158442371,"38028","Humahuaca","INDEC","386060","Palca de Aparzo","38028007","38028007","Cianzo","Cianzo","38","Jujuy"
"Localidad simple",-23.154207728,-65.293503959,"38028","Humahuaca","INDEC","380105","Humahuaca","38028010","38028010","Coctaca","Coctaca","38","Jujuy"
"Localidad simple",-23.213339178,-65.678927773,"38028","Humahuaca","INDEC","380091","El Aguilar","38028020","38028020","El Aguilar","El Aguilar","38","Jujuy"
"Localidad simple",-22.978732536,-65.352660193,"38028","Humahuaca","INDEC","386056","Hipólito Yrigoyen","38028030","38028030","Hipólito Yrigoyen","Hipólito Yrigoyen","38","Jujuy"
"Localidad simple",-23.205929513,-65.347453577,"38028","Humahuaca","INDEC","380105","Humahuaca","38028040","38028040","Humahuaca","Humahuaca","38","Jujuy"
"Localidad simple",-23.100325178,-65.110307837,"38028","Humahuaca","INDEC","386060","Palca de Aparzo","38028045","38028045","Varas","Palca de Varas","38","Jujuy"
"Localidad simple",-23.062366689,-65.326551464,"38028","Humahuaca","INDEC","380105","Humahuaca","38028047","38028047","Rodero","Rodero","38","Jujuy"
"Localidad simple",-22.918210554,-65.587585191,"38028","Humahuaca","INDEC","386063","Tres Cruces","38028050","38028050","Tres Cruces","Tres Cruces","38","Jujuy"
"Localidad simple",-23.39268845,-65.345610822,"38094","Tilcara","INDEC","386175","Huacalera","38094010","38094010","Colonia San José","Colonia San José","38","Jujuy"
"Localidad simple",-23.36337184,-65.092438117,"38105","Valle Grande","INDEC","386210","Caspalá","38105010","38105010","Caspalá","Caspalá","38","Jujuy"
"Localidad simple",-23.355999005,-64.989155263,"38105","Valle Grande","INDEC","386231","Santa Ana","38105040","38105040","Santa Ana","Santa Ana","38","Jujuy"
"Localidad simple",-22.130724484,-65.46253081,"38112","Yavi","INDEC","386273","Yavi","38112080","38112080","Yavi","Yavi","38","Jujuy"
"Localidad simple",-22.247072172,-65.529268378,"38112","Yavi","INDEC","386245","Barrios","38112010","38112010","Barrios","Barrios","38","Jujuy"
"Localidad simple",-22.424232323,-65.580994619,"38112","Yavi","INDEC","386252","Cangrejillos","38112020","38112020","Cangrejillos","Cangrejillos","38","Jujuy"
"Localidad simple",-22.388319412,-65.337989848,"38112","Yavi","INDEC","386259","El Cóndor","38112030","38112030","El Cóndor","El Cóndor","38","Jujuy"
"Localidad simple",-22.421172238,-65.701509753,"38112","Yavi","INDEC","386266","Pumahuasi","38112040","38112040","La Intermedia","La Intermedia","38","Jujuy"
"Localidad simple",-22.104451782,-65.596373475,"38112","Yavi","INDEC","380406","La Quiaca","38112050","38112050","La Quiaca","La Quiaca","38","Jujuy"
"Localidad simple",-22.548789141,-65.387508562,"38112","Yavi","INDEC","386021","Puesto del Marquéz","38112060","38112060","Llulluchayoc","Llulluchayoc","38","Jujuy"
"Localidad simple",-22.289972823,-65.680073858,"38112","Yavi","INDEC","386266","Pumahuasi","38112070","38112070","Pumahuasi","Pumahuasi","38","Jujuy"
"Localidad simple",-22.098939543,-65.45920144,"38112","Yavi","INDEC","386273","Yavi","38112090","38112090","Yavi Chico","Yavi Chico","38","Jujuy"
"Localidad simple",-22.836208013,-65.21553813,"66070","Iruya","INDEC","660175","Iruya","66070030","66070030","Pueblo Viejo","Pueblo Viejo","66","Salta"
"Localidad simple",-22.792107338,-65.21628439,"66070","Iruya","INDEC","660175","Iruya","66070010","66070010","Iruya","Iruya","66","Salta"
"Localidad simple",-22.899138979,-64.665199432,"66070","Iruya","INDEC","660182","Isla de Cañas","66070020","66070020","Isla de Cañas","Isla de Cañas","66","Salta"
"Localidad simple",-22.28383024,-65.017674579,"66161","Santa Victoria","INDEC","660413","Santa Victoria Oeste","66161010","66161010","Acoyte","Acoyte","66","Salta"
"Localidad simple",-22.280369617,-64.698920887,"66161","Santa Victoria","INDEC","660399","Los Toldos","66161030","66161030","Los Toldos","Los Toldos","66","Salta"
"Localidad simple",-22.250444219,-64.964784803,"66161","Santa Victoria","INDEC","660413","Santa Victoria Oeste","66161070","66161070","Santa Victoria","Santa Victoria","66","Salta"
"Localidad simple",-22.454405759,-65.083221766,"66161","Santa Victoria","INDEC","660406","Nazareno","66161050","66161050","Poscaya","Poscaya","66","Salta"
"Localidad simple",-22.509476796,-65.102376383,"66161","Santa Victoria","INDEC","660406","Nazareno","66161040","66161040","Nazareno","Nazareno","66","Salta"
"Localidad simple",-22.51544181,-65.112323901,"66161","Santa Victoria","INDEC","660406","Nazareno","66161060","66161060","San Marcos","San Marcos","66","Salta"
"Localidad simple",-22.498892335,-65.098018327,"66161","Santa Victoria","INDEC","660406","Nazareno","66161020","66161020","Campo La Cruz","Campo La Cruz","66","Salta"
"Localidad simple",-25.051434869,-66.102945197,"66014","Cachi","INDEC","660049","Payogasta","66014020","66014020","Payogasta","Payogasta","66","Salta"
"Localidad simple",-25.119967649,-66.161875924,"66014","Cachi","INDEC","660042","Cachi","66014010","66014010","Cachi","Cachi","66","Salta"
"Localidad simple",-24.966945266,-65.489014182,"66035","Cerrillos","INDEC","660084","La Merced","66035020","66035020","La Merced","La Merced","66","Salta"
"Componente de localidad compuesta",-24.89581252,-65.487144817,"66035","Cerrillos","INDEC","660077","San José de los Cerrillos","66035010","66035010","San José de los Cerrillos","Cerrillos","66","Salta"
"Localidad simple",-24.995961589,-65.440814024,"66035","Cerrillos","INDEC","660084","La Merced","66035030","66035030","San Agustín","San Agustín","66","Salta"
"Localidad simple",-25.102667289,-65.535047007,"66042","Chicoana","INDEC","660091","Chicoana","66042010","66042010","Chicoana","Chicoana","66","Salta"
"Localidad simple",-25.153321191,-65.439353087,"66042","Chicoana","INDEC","660091","Chicoana","66042003","66042003","Barrio Finca La Maroma","Barrio Finca La Maroma","66","Salta"
"Localidad simple",-25.076671906,-65.489236682,"66042","Chicoana","INDEC","660098","El Carril","66042020","66042020","El Carril","El Carril","66","Salta"
"Localidad simple",-25.08263504,-65.537633497,"66042","Chicoana","INDEC","660091","Chicoana","66042005","66042005","Barrio La Rotonda","Barrio La Rotonda","66","Salta"
"Localidad simple",-25.037119421,-65.572162585,"66042","Chicoana","INDEC","660091","Chicoana","66042007","66042007","El Mollar","Barrio Santa Teresita","66","Salta"
"Localidad simple",-24.6829668,-65.104944715,"66049","General Güemes","INDEC","660105","Campo Santo","66049010","66049010","Campo Santo","Campo Santo","66","Salta"
"Localidad simple",-24.674447207,-65.04659792,"66049","General Güemes","INDEC","660119","General Güemes","66049040","66049040","General Güemes","General Güemes","66","Salta"
"Localidad simple",-25.522652966,-65.51002807,"66063","Guachipas","INDEC","660168","Guachipas","66063010","66063010","Guachipas","Guachipas","66","Salta"
"Localidad simple",-24.722564168,-66.200581705,"66091","La Poma","INDEC","660224","La Poma","66091020","66091020","La Poma","La Poma","66","Salta"
"Localidad simple",-25.270643318,-65.332758127,"66098","La Viña","INDEC","660231","Coronel Moldes","66098020","66098020","Cabra Corral","Cabra Corral","66","Salta"
"Localidad simple",-25.280035817,-65.47846014,"66098","La Viña","INDEC","660231","Coronel Moldes","66098030","66098030","Coronel Moldes","Coronel Moldes","66","Salta"
"Localidad simple",-25.468117224,-65.565560967,"66098","La Viña","INDEC","660238","La Viña","66098040","66098040","La Viña","La Viña","66","Salta"
"Localidad simple",-25.545560572,-65.556133128,"66098","La Viña","INDEC","660238","La Viña","66098050","66098050","Talapampa","Talapampa","66","Salta"
"Localidad simple",-25.352653217,-65.528229304,"66098","La Viña","INDEC","660238","La Viña","66098010","66098010","Ampascachi","Ampascachi","66","Salta"
"Localidad simple",-25.210271997,-64.927045901,"66112","Metán","INDEC","660280","Río Piedras","66112030","66112030","Lumbreras","Lumbreras","66","Salta"
"Localidad simple",-25.497105506,-64.971059894,"66112","Metán","INDEC","660266","San José de Metán","66112040","66112040","San José de Metán","San José de Metán (Est. Metán)","66","Salta"
"Localidad simple",-25.31432503,-64.910381683,"66112","Metán","INDEC","660280","Río Piedras","66112070","66112070","Rí­o Piedras","Río Piedras","66","Salta"
"Localidad simple",-25.437227276,-66.294511802,"66119","Molinos","INDEC","660273","Molinos","66119020","66119020","Molinos","Molinos","66","Salta"
"Localidad simple",-25.280054955,-66.449909389,"66119","Molinos","INDEC","660287","Seclantás","66119010","66119010","La Puerta","La Puerta","66","Salta"
"Localidad simple",-25.331758268,-66.244202461,"66119","Molinos","INDEC","660287","Seclantás","66119030","66119030","Seclantás","Seclantás","66","Salta"
"Localidad simple",-24.985826022,-65.578396911,"66147","Rosario de Lerma","INDEC","660371","Rosario de Lerma","66147030","66147030","Rosario de Lerma","Rosario de Lerma","66","Salta"
"Localidad simple",-24.908133387,-65.64298302,"66147","Rosario de Lerma","INDEC","660364","Campo Quijano","66147010","66147010","Campo Quijano","Campo Quijano","66","Salta"
"Localidad simple",-35.39148631,-62.419953461,"06154","Carlos Tejedor","INDEC","060154","Carlos Tejedor","06154010","06154010","Carlos Tejedor","Carlos Tejedor","06","Buenos Aires"
"Localidad simple",-35.436470395,-62.727929128,"06154","Carlos Tejedor","INDEC","060154","Carlos Tejedor","06154020","06154020","Colonia Seré","Colonia Seré","06","Buenos Aires"
"Localidad simple",-35.640914059,-62.194703733,"06154","Carlos Tejedor","INDEC","060154","Carlos Tejedor","06154030","06154030","Curarú","Curarú","06","Buenos Aires"
"Localidad simple",-35.34754722,-62.222942583,"06154","Carlos Tejedor","INDEC","060154","Carlos Tejedor","06154040","06154040","Timote","Timote","06","Buenos Aires"
"Localidad simple",-35.195595821,-62.774409303,"06154","Carlos Tejedor","INDEC","060154","Carlos Tejedor","06154050","06154050","Tres Algarrobos","Tres Algarrobos","06","Buenos Aires"
"Localidad simple",-34.63616331,-62.477770049,"06277","Florentino Ameghino","INDEC","060277","Florentino Ameghino","06277010","06277010","Blaquier","Blaquier","06","Buenos Aires"
"Localidad simple",-34.845372421,-62.467156842,"06277","Florentino Ameghino","INDEC","060277","Florentino Ameghino","06277020","06277020","Florentino Ameghino","Florentino Ameghino","06","Buenos Aires"
"Localidad simple",-34.950413361,-62.223737644,"06277","Florentino Ameghino","INDEC","060277","Florentino Ameghino","06277030","06277030","Porvenir","Porvenir","06","Buenos Aires"
"Localidad simple",-34.764331577,-61.891628075,"06351","General Pinto","INDEC","060351","General Pinto","06351020","06351020","General Pinto","General Pinto","06","Buenos Aires"
"Localidad simple",-34.790121518,-62.201023203,"06351","General Pinto","INDEC","060351","General Pinto","06351040","06351040","Coronel Granada","Villa Francia","06","Buenos Aires"
"Localidad simple",-35.014868405,-63.375961819,"06392","General Villegas","INDEC","060392","General Villegas","06392010","06392010","Banderaló","Banderaló","06","Buenos Aires"
"Localidad simple",-34.416817258,-62.960835761,"06392","General Villegas","INDEC","060392","General Villegas","06392020","06392020","Cañada Seca","Cañada Seca","06","Buenos Aires"
"Localidad simple",-34.674016043,-63.369405538,"06392","General Villegas","INDEC","060392","General Villegas","06392030","06392030","Coronel Charlone","Coronel Charlone","06","Buenos Aires"
"Localidad simple",-34.783513929,-63.195653814,"06392","General Villegas","INDEC","060392","General Villegas","06392040","06392040","Emilio V. Bunge","Emilio V. Bunge","06","Buenos Aires"
"Localidad simple",-35.032634265,-63.015025648,"06392","General Villegas","INDEC","060392","General Villegas","06392050","06392050","General Villegas","General Villegas","06","Buenos Aires"
"Localidad simple",-35.048966582,-63.122211965,"06392","General Villegas","INDEC","060392","General Villegas","06392060","06392060","Massey","Massey","06","Buenos Aires"
"Localidad simple",-34.579198478,-62.351630657,"06392","General Villegas","INDEC","060392","General Villegas","06392070","06392070","Pichincha","Pichincha","06","Buenos Aires"
"Componente de localidad compuesta",-36.673898048,-64.379789715,"42140","Toay","INDEC","420357","Toay","42140020","42140020","Toay","Toay","42","La Pampa"
"Localidad simple",-34.76721632,-62.98592021,"06392","General Villegas","INDEC","060392","General Villegas","06392080","06392080","Piedritas","Piedritas","06","Buenos Aires"
"Localidad simple",-34.694508272,-62.695580542,"06392","General Villegas","INDEC","060392","General Villegas","06392090","06392090","Santa Eleodora","Santa Eleodora","06","Buenos Aires"
"Localidad simple",-34.549560646,-63.173340456,"06392","General Villegas","INDEC","060392","General Villegas","06392100","06392100","Santa Regina","Santa Regina","06","Buenos Aires"
"Localidad simple",-34.459972213,-62.649274422,"06392","General Villegas","INDEC","060392","General Villegas","06392110","06392110","Villa Saboya","Villa Saboya","06","Buenos Aires"
"Localidad simple",-35.285857421,-63.36865216,"06392","General Villegas","INDEC","060392","General Villegas","06392120","06392120","Villa Sauze","Villa Sauze","06","Buenos Aires"
"Localidad simple",-34.985021022,-61.77432129,"06469","Lincoln","INDEC","060469","Lincoln","06469010","06469010","Arenaza","Arenaza","06","Buenos Aires"
"Localidad simple",-35.392337639,-61.992628437,"06469","Lincoln","INDEC","060469","Lincoln","06469040","06469040","Carlos Salas","Carlos Salas","06","Buenos Aires"
"Localidad simple",-35.364580921,-61.805550203,"06469","Lincoln","INDEC","060469","Lincoln","06469070","06469070","Las Toscas","Las Toscas","06","Buenos Aires"
"Localidad simple",-35.141358508,-62.244158801,"06469","Lincoln","INDEC","060469","Lincoln","06469090","06469090","Pasteur","Pasteur","06","Buenos Aires"
"Localidad simple",-35.142912462,-61.970438933,"06469","Lincoln","INDEC","060469","Lincoln","06469100","06469100","Roberts","Roberts","06","Buenos Aires"
"Localidad simple",-35.731514314,-61.742242159,"06609","Pehuajó","INDEC","060609","Pehuajó","06609020","06609020","Chiclana","San Esteban","06","Buenos Aires"
"Localidad simple",-35.719429814,-62.109526755,"06609","Pehuajó","INDEC","060609","Pehuajó","06609035","06609035","Inocencio Sosa","Inocencio Sosa","06","Buenos Aires"
"Localidad simple",-35.489164048,-62.975891683,"06679","Rivadavia","INDEC","060679","Rivadavia","06679010","06679010","América","América","06","Buenos Aires"
"Localidad simple",-35.70262432,-63.024057448,"06679","Rivadavia","INDEC","060679","Rivadavia","06679020","06679020","Fortín Olavarría","Fortín Olavarría","06","Buenos Aires"
"Localidad simple",-35.555286642,-63.380291212,"06679","Rivadavia","INDEC","060679","Rivadavia","06679030","06679030","González Moreno","González Moreno","06","Buenos Aires"
"Localidad simple",-35.870194304,-63.37367163,"06679","Rivadavia","INDEC","060679","Rivadavia","06679040","06679040","Mira Pampa","Mira Pampa","06","Buenos Aires"
"Localidad simple",-35.846899984,-63.290956351,"06679","Rivadavia","INDEC","060679","Rivadavia","06679050","06679050","Roosevelt","Roosevelt","06","Buenos Aires"
"Localidad simple",-35.510773194,-63.188285295,"06679","Rivadavia","INDEC","060679","Rivadavia","06679060","06679060","San Mauricio","San Mauricio","06","Buenos Aires"
"Localidad simple",-35.274390818,-63.214325575,"06679","Rivadavia","INDEC","060679","Rivadavia","06679070","06679070","Sansinena","Sansinena","06","Buenos Aires"
"Localidad simple",-35.764548358,-63.140209344,"06679","Rivadavia","INDEC","060679","Rivadavia","06679080","06679080","Sundblad","Sundblad","06","Buenos Aires"
"Localidad simple",-35.973335898,-62.732745053,"06826","Trenque Lauquen","INDEC","060826","Trenque Lauquen","06826050","06826050","Trenque Lauquen","Trenque Lauquen","06","Buenos Aires"
"Localidad simple",-35.290785063,-63.77698721,"42056","Chapaleufú","INDEC","420084","Ceballos","42056020","42056020","Ceballos","Ceballos","42","La Pampa"
"Localidad simple",-35.02594931,-63.582754454,"42056","Chapaleufú","INDEC","420049","Bernardo Larroudé","42056010","42056010","Bernardo Larroudé","Bernardo Larroude","42","La Pampa"
"Localidad simple",-35.024121555,-63.91207132,"42056","Chapaleufú","INDEC","420105","Coronel Hilario Lagos","42056030","42056030","Coronel Hilario Lagos","Coronel Hilario Lagos","42","La Pampa"
"Localidad simple",-35.23467944,-63.592087436,"42056","Chapaleufú","INDEC","420175","Intendente Alvear","42056040","42056040","Intendente Alvear","Intendente Alvear","42","La Pampa"
"Localidad simple",-35.028078931,-63.685933016,"42056","Chapaleufú","INDEC","425140","Sarah","42056050","42056050","Sarah","Sarah","42","La Pampa"
"Localidad simple",-35.427443782,-63.90998592,"42056","Chapaleufú","INDEC","420392","Vértiz","42056060","42056060","Vértiz","Vértiz","42","La Pampa"
"Localidad simple",-35.776322951,-63.716840693,"42105","Maracó","INDEC","420116","Dorila","42105020","42105020","Dorila","Dorila","42","La Pampa"
"Localidad simple",-35.782070983,-63.39161443,"42105","Maracó","INDEC","425014","Agustoni","42105010","42105010","Agustoni","Agustoni","42","La Pampa"
"Localidad simple",-35.659300434,-63.757871729,"42105","Maracó","INDEC","420147","General Pico","42105030","42105030","General Pico","General Pico","42","La Pampa"
"Localidad simple",-35.549708017,-63.820509711,"42105","Maracó","INDEC","425147","Speluzzi","42105040","42105040","Speluzzi","Speluzzi","42","La Pampa"
"Localidad simple",-35.584468828,-63.589077894,"42105","Maracó","INDEC","420147","General Pico","42105050","42105050","Trebolares","Trebolares","42","La Pampa"
"Localidad simple",-36.054826981,-63.565940109,"42119","Quemú Quemú","INDEC","420301","Quemú Quemú","42119040","42119040","Quemú Quemú","Quemú Quemú","42","La Pampa"
"Localidad simple",-35.594491218,-64.558677161,"42126","Rancul","INDEC","420063","Caleufú","42126010","42126010","Caleufú","Caleufú","42","La Pampa"
"Localidad simple",-35.146759722,-64.502308409,"42126","Rancul","INDEC","420273","Parera","42126040","42126040","Parera","Parera","42","La Pampa"
"Localidad simple",-35.334423692,-64.117141474,"42133","Realicó","INDEC","420021","Alta Italia","42133020","42133020","Alta Italia","Alta Italia","42","La Pampa"
"Localidad simple",-35.387348476,-64.282766943,"42133","Realicó","INDEC","420126","Embajador Martini","42133040","42133040","Embajador Martini","Embajador Martini","42","La Pampa"
"Localidad simple",-35.190726497,-64.107065219,"42133","Realicó","INDEC","425063","Falucho","42133050","42133050","Falucho","Falucho","42","La Pampa"
"Localidad simple",-35.388471149,-64.467370568,"42133","Realicó","INDEC","420168","Ingeniero Luiggi","42133060","42133060","Ingeniero Luiggi","Ingeniero Luiggi","42","La Pampa"
"Localidad simple",-35.30694142,-64.006079893,"42133","Realicó","INDEC","420021","Alta Italia","42133070","42133070","Ojeda","Ojeda","42","La Pampa"
"Localidad simple",-35.038214374,-64.246307522,"42133","Realicó","INDEC","420315","Realicó","42133080","42133080","Realicó","Realicó","42","La Pampa"
"Localidad simple",-35.639082134,-64.356363514,"42147","Trenel","INDEC","420035","Arata","42147010","42147010","Arata","Arata","42","La Pampa"
"Localidad simple",-35.774156864,-63.940631857,"42147","Trenel","INDEC","420245","Metileo","42147020","42147020","Metileo","Metileo","42","La Pampa"
"Localidad simple",-35.698328528,-64.13328451,"42147","Trenel","INDEC","420371","Trenel","42147030","42147030","Trenel","Trenel","42","La Pampa"
"Localidad simple",-30.543284493,-65.036726706,"14028","Cruz del Eje","INDEC","142133","Alto de los Quebrachos","14028010","14028010","Alto de los Quebrachos","Alto de los Quebrachos","14","Córdoba"
"Localidad simple",-30.478643717,-65.061599947,"14028","Cruz del Eje","INDEC","142161","Guanaco Muerto","14028080","14028080","Guanaco Muerto","Guanaco Muerto","14","Córdoba"
"Localidad simple",-30.372274191,-65.308150684,"14028","Cruz del Eje","INDEC","142168","La Batea","14028100","14028100","La Batea","La Batea","14","Córdoba"
"Localidad simple",-30.557676819,-64.953746576,"14028","Cruz del Eje","INDEC","142196","Los Chañaritos","14028140","14028140","Los Chañaritos","Los Chañaritos","14","Córdoba"
"Localidad simple",-30.467074174,-64.670231173,"14049","Ischilín","INDEC","142273","Chuña","14049030","14049030","Chuña","Chuña","14","Córdoba"
"Localidad simple",-30.424977177,-64.352739312,"14049","Ischilín","INDEC","140371","Deán Funes","14049050","14049050","Deán Funes","Deán Funes","14","Córdoba"
"Localidad simple",-30.519180415,-64.252289256,"14049","Ischilín","INDEC","142287","Los Pozos","14049080","14049080","Los Pozos","Los Pozos","14","Córdoba"
"Localidad simple",-30.601226424,-64.855605521,"14049","Ischilín","INDEC","142294","Olivares de San Nicolás","14049090","14049090","Olivares de San Nicolás","Olivares de San Nicolás","14","Córdoba"
"Localidad simple",-30.214174175,-64.499368247,"14049","Ischilín","INDEC","140378","Quilino","14049100","14049100","Quilino","Quilino","14","Córdoba"
"Localidad simple",-30.454212234,-64.444894985,"14049","Ischilín","INDEC","","","14049110","14049110","San Pedro de Toyos","San Pedro de Toyos","14","Córdoba"
"Localidad simple",-30.095583847,-63.932161876,"14112","Río Seco","INDEC","142735","Cerro Colorado","14112010","14112010","Cerro Colorado","Cerro Colorado","14","Córdoba"
"Localidad simple",-29.99840498,-63.85273423,"14112","Río Seco","INDEC","142742","Chañar Viejo","14112020","14112020","Chañar Viejo","Chañar Viejo","14","Córdoba"
"Localidad simple",-29.924738217,-63.590814803,"14112","Río Seco","INDEC","142749","Eufrasio Loza","14112030","14112030","Eufrasio Loza","Eufrasio Loza","14","Córdoba"
"Localidad simple",-29.720899995,-63.515152605,"14112","Río Seco","INDEC","142756","Gutemberg","14112040","14112040","Gutemberg","Gutemberg","14","Córdoba"
"Localidad simple",-29.802462609,-63.628246701,"14112","Río Seco","INDEC","142770","Los Hoyos","14112060","14112060","Los Hoyos","Los Hoyos","14","Córdoba"
"Localidad simple",-30.270528697,-63.426359575,"14112","Río Seco","INDEC","142777","Puesto de Castro","14112070","14112070","Puesto de Castro","Puesto de Castro","14","Córdoba"
"Localidad simple",-30.072991401,-63.823602557,"14112","Río Seco","INDEC","142784","Rayo Cortado","14112080","14112080","Rayo Cortado","Rayo Cortado","14","Córdoba"
"Localidad simple",-29.698365022,-63.560688021,"14112","Río Seco","INDEC","142756","Gutemberg","14112090","14112090","San Pedro de Gutemberg","San Pedro de Gütemberg","14","Córdoba"
"Localidad simple",-30.115706858,-63.84290271,"14112","Río Seco","INDEC","142791","Santa Elena","14112100","14112100","Santa Elena","Santa Elena","14","Córdoba"
"Localidad simple",-30.160405514,-63.592489977,"14112","Río Seco","INDEC","140959","Sebastián Elcano","14112110","14112110","Sebastián Elcano","Sebastián Elcano","14","Córdoba"
"Localidad simple",-29.812910245,-63.355126119,"14112","Río Seco","INDEC","142798","Villa Candelaria Norte","14112120","14112120","Villa Candelaria","Villa Candelaria","14","Córdoba"
"Localidad simple",-29.906523133,-63.722561971,"14112","Río Seco","INDEC","140966","Villa de María","14112130","14112130","Villa de María","Villa de María","14","Córdoba"
"Localidad simple",-30.06748016,-64.050701811,"14154","Sobremonte","INDEC","143120","Caminiaga","14154010","14154010","Caminiaga","Caminiaga","14","Córdoba"
"Localidad simple",-29.933707595,-64.112560351,"14154","Sobremonte","INDEC","143127","Chuña Huasi","14154030","14154030","Chuña Huasi","Chuña Huasi","14","Córdoba"
"Localidad simple",-29.578736309,-64.101494449,"14154","Sobremonte","INDEC","143134","Pozo Nuevo","14154040","14154040","Pozo Nuevo","Pozo Nuevo","14","Córdoba"
"Localidad simple",-29.786352909,-63.941697762,"14154","Sobremonte","INDEC","141414","San Francisco del Chañar","14154050","14154050","San Francisco del Chañar","San Francisco del Chañar","14","Córdoba"
"Localidad simple",-30.563962858,-64.000266576,"14168","Totoral","INDEC","141519","Las Peñas","14168060","14168060","Las Peñas","Las Peñas","14","Córdoba"
"Localidad simple",-30.474412714,-63.984714007,"14168","Totoral","INDEC","143197","Simbolar","14168100","14168100","Simbolar","Simbolar","14","Córdoba"
"Localidad simple",-30.173740807,-63.926890887,"14175","Tulumba","INDEC","143204","Churqui Cañada","14175020","14175020","Churqui Cañada","Churqui Cañada","14","Córdoba"
"Localidad simple",-30.175238116,-63.864131194,"14175","Tulumba","INDEC","143211","El Rodeo","14175030","14175030","El Rodeo","El Rodeo","14","Córdoba"
"Localidad simple",-29.764265156,-64.525429091,"14175","Tulumba","INDEC","141554","Lucio Victorio Mansilla","14175040","14175040","El Tuscal","El Tuscal","14","Córdoba"
"Localidad simple",-30.381745792,-63.596900356,"14175","Tulumba","INDEC","141547","Las Arrias","14175050","14175050","Las Arrias","Las Arrias","14","Córdoba"
"Localidad simple",-29.804523605,-64.711438053,"14175","Tulumba","INDEC","141554","Lucio Victorio Mansilla","14175060","14175060","Lucio V. Mansilla","Lucio V. Mansilla","14","Córdoba"
"Localidad simple",-30.43142827,-63.473941368,"14175","Tulumba","INDEC","143218","Rosario del Saladillo","14175070","14175070","Rosario del Saladillo","Rosario del Saladillo","14","Córdoba"
"Localidad simple",-30.356269405,-63.950292815,"14175","Tulumba","INDEC","141561","San José de la Dormida","14175080","14175080","San José de la Dormida","San José de la Dormida","14","Córdoba"
"Localidad simple",-30.006952106,-64.623939268,"14175","Tulumba","INDEC","141568","San José de las Salinas","14175090","14175090","San José de las Salinas","San José de las Salinas","14","Córdoba"
"Localidad simple",-30.09108152,-64.154927138,"14175","Tulumba","INDEC","141575","San Pedro Norte","14175100","14175100","San Pedro Norte","San Pedro Norte","14","Córdoba"
"Localidad simple",-30.395354235,-64.122308936,"14175","Tulumba","INDEC","141582","Villa Tulumba","14175110","14175110","Villa Tulumba","Villa Tulumba","14","Córdoba"
"Localidad simple",-29.565328197,-63.457078784,"86126","Ojo de Agua","INDEC","866203","Sol de Julio","86126020","86126020","Sol de Julio","Sol de Julio","86","Santiago del Estero"
"Localidad simple",-26.307126109,-61.655759435,"22007","Almirante Brown","INDEC","220014","Los Frentones","22007040","22007040","Río Muerto","Río Muerto","22","Chaco"
"Localidad simple",-24.427972815,-61.68323252,"22063","General Güemes","INDEC","220168","El Sauzalito","22063030","22063030","El Sauzalito","El Sauzalito","22","Chaco"
"Localidad simple",-25.160514418,-61.841372067,"22063","General Güemes","INDEC","220175","Fuerte Esperanza","22063050","22063050","Fuerte Esperanza","Fuerte Esperanza","22","Chaco"
"Localidad simple",-23.494796161,-61.576653565,"34007","Bermejo","INDEC","345035","Pozo de Maza","34007007","34007007","La Rinconada","La Rinconada","34","Formosa"
"Localidad simple",-23.570321915,-61.708060029,"34007","Bermejo","INDEC","345035","Pozo de Maza","34007030","34007030","Pozo de Maza","Pozo de Maza","34","Formosa"
"Localidad simple",-23.499587643,-61.648426828,"34007","Bermejo","INDEC","345035","Pozo de Maza","34007050","34007050","Vaca Perdida","Vaca Perdida","34","Formosa"
"Localidad simple",-23.90373915,-61.842429269,"34028","Matacos","INDEC","340077","Ingeniero Guillermo Nicasio Juárez","34028010","34028010","Ingeniero Guillermo Nicasio Juárez","Ingeniero Guillermo N. Juárez","34","Formosa"
"Localidad simple",-23.16244021,-62.008962864,"34063","Ramón Lista","INDEC","340259","El Chorro","34063010","34063010","El Potrillo","El Potrillo","34","Formosa"
"Localidad simple",-23.183829531,-62.306572015,"34063","Ramón Lista","INDEC","340259","El Chorro","34063020","34063020","El Chorro","General Mosconi","34","Formosa"
"Localidad simple",-23.342517804,-61.871584013,"34063","Ramón Lista","INDEC","345035","Pozo de Maza","34063030","34063030","El Quebracho","El Quebracho","34","Formosa"
"Localidad simple",-22.739952615,-62.498021316,"66133","Rivadavia","INDEC","660343","Santa Victoria Este","66133010","66133010","Alto de la Sierra","Alto de la Sierra","66","Salta"
"Localidad simple",-23.688308992,-62.376247127,"66133","Rivadavia","INDEC","660329","Rivadavia Banda Norte","66133020","66133020","Capitán Juan Pagé","Capitán Juan Pagé","66","Salta"
"Localidad simple",-23.609415223,-62.594788379,"66133","Rivadavia","INDEC","660329","Rivadavia Banda Norte","66133050","66133050","Los Blancos","Los Blancos","66","Salta"
"Localidad simple",-26.38574131,-61.812284484,"86014","Alberdi","INDEC","","","86014020","86014020","Coronel Manuel L. Rico","Coronel Manuel L. Rico","86","Santiago del Estero"
"Localidad simple",-26.725264947,-62.720730229,"86014","Alberdi","INDEC","866322","Donadeu","86014030","86014030","Donadeu","Donadeu","86","Santiago del Estero"
"Localidad simple",-26.583952542,-62.847050151,"86014","Alberdi","INDEC","860014","Campo Gallo","86014010","86014010","Campo Gallo","Campo Gallo","86","Santiago del Estero"
"Localidad simple",-26.131679505,-62.064365218,"86056","Copo","INDEC","866091","Los Pirpintos","86056030","86056030","Los Pirpintos","Los Pirpintos","86","Santiago del Estero"
"Localidad simple",-25.803569594,-62.830131952,"86056","Copo","INDEC","860063","Monte Quemado","86056050","86056050","Monte Quemado","Monte Quemado","86","Santiago del Estero"
"Localidad simple",-25.909211697,-62.591202459,"86056","Copo","INDEC","","","86056040","86056040","Los Tigres","Los Tigres","86","Santiago del Estero"
"Localidad simple",-26.015884209,-62.334173398,"86056","Copo","INDEC","866406","El Caburé","86056010","86056010","El Caburé","El Caburé","86","Santiago del Estero"
"Localidad simple",-27.177183761,-62.469650185,"86119","Moreno","INDEC","","","86119040","86119040","Hernán Mejía Miraval","Hernán Mejía Miraval","86","Santiago del Estero"
"Localidad simple",-27.327815005,-62.225192918,"86119","Moreno","INDEC","866518","Otumpa","86119090","86119090","Pueblo Pablo Torelo","Pueblo Pablo Torelo","86","Santiago del Estero"
"Localidad simple",-27.127546164,-62.547599144,"86119","Moreno","INDEC","","","86119020","86119020","Alhuampa","Alhuampa","86","Santiago del Estero"
"Localidad simple",-27.066833474,-62.647245672,"86119","Moreno","INDEC","","","86119030","86119030","Hasse","Hasse","86","Santiago del Estero"
"Localidad simple",-27.31890121,-62.585042016,"86119","Moreno","INDEC","866196","Weisburd","86119130","86119130","Weisburd","Weisburd","86","Santiago del Estero"
"Localidad simple",-27.234196881,-62.378765675,"86119","Moreno","INDEC","","","86119010","86119010","Aerolito","Aerolito","86","Santiago del Estero"
"Localidad simple",-27.026289876,-62.706405354,"86119","Moreno","INDEC","860133","Tintina","86119120","86119120","Tintina","Tintina","86","Santiago del Estero"
"Localidad simple",-32.174579284,-64.573243646,"14007","Calamuchita","INDEC","142007","Amboy","14007010","14007010","Amboy","Amboy","14","Córdoba"
"Localidad simple",-32.25622512,-64.607798047,"14007","Calamuchita","INDEC","140014","La Cruz","14007020","14007020","Arroyo San Antonio","Arroyo San Antonio","14","Córdoba"
"Localidad simple",-32.367960087,-64.645426112,"14007","Calamuchita","INDEC","142021","Cañada del Sauce","14007030","14007030","Cañada del Sauce","Cañada del Sauce","14","Córdoba"
"Localidad simple",-32.14043434,-64.503477855,"14007","Calamuchita","INDEC","140063","Villa Rumipal","14007050","14007050","El Corcovado - El Torreón","El Corcovado - El Torreón","14","Córdoba"
"Localidad simple",-32.169801031,-64.773885151,"14007","Calamuchita","INDEC","140070","Villa Yacanto","14007055","14007055","El Durazno","El Durazno","14","Córdoba"
"Localidad simple",-32.206746995,-64.40064261,"14007","Calamuchita","INDEC","140007","Embalse","14007060","14007060","Embalse","Embalse","14","Córdoba"
"Localidad simple",-32.303113598,-64.483041443,"14007","Calamuchita","INDEC","140014","La Cruz","14007070","14007070","La Cruz","La Cruz","14","Córdoba"
"Localidad simple",-31.899787854,-64.773166839,"14007","Calamuchita","INDEC","143015","La Cumbrecita","14007080","14007080","La Cumbrecita","La Cumbrecita","14","Córdoba"
"Localidad simple",-32.096159139,-64.330074291,"14007","Calamuchita","INDEC","142028","Las Bajadas","14007090","14007090","Las Bajadas","Las Bajadas","14","Córdoba"
"Localidad simple",-32.388803244,-64.521435805,"14007","Calamuchita","INDEC","142035","Las Caleras","14007100","14007100","Las Caleras","Las Caleras","14","Córdoba"
"Localidad simple",-32.321125968,-64.280742286,"14007","Calamuchita","INDEC","140021","Los Cóndores","14007110","14007110","Los Cóndores","Los Cóndores","14","Córdoba"
"Localidad simple",-31.854862434,-64.378931203,"14007","Calamuchita","INDEC","142042","Los Molinos","14007120","14007120","Los Molinos","Los Molinos","14","Córdoba"
"Componente de localidad compuesta",-31.918307888,-64.575821001,"14007","Calamuchita","INDEC","142049","Los Reartes","14007130","14007130","Los Reartes","Los Reartes","14","Córdoba"
"Localidad simple",-32.318498273,-64.746985901,"14007","Calamuchita","INDEC","142056","Lutti","14007140","14007140","Lutti","Lutti","14","Córdoba"
"Localidad simple",-32.02546988,-64.464679067,"14007","Calamuchita","INDEC","142014","Parque Calmayo","14007160","14007160","Parque Calmayo","Parque Calmayo","14","Córdoba"
"Localidad simple",-32.528642164,-64.58868756,"14007","Calamuchita","INDEC","140028","Río de los Sauces","14007170","14007170","Río de los Sauces","Río de los Sauces","14","Córdoba"
"Localidad simple",-31.97762234,-64.375585682,"14007","Calamuchita","INDEC","140056","San Agustín","14007180","14007180","San Agustín","San Agustín","14","Córdoba"
"Localidad simple",-32.165905283,-64.517909727,"14007","Calamuchita","INDEC","142063","San Ignacio","14007190","14007190","San Ignacio (Loteo San Javier)","San Ignacio (Loteo San Javier)","14","Córdoba"
"Localidad simple",-32.064378008,-64.539561962,"14007","Calamuchita","INDEC","140035","Santa Rosa de Calamuchita","14007210","14007210","Santa Rosa de Calamuchita","Santa Rosa de Calamuchita","14","Córdoba"
"Localidad simple",-32.1650007,-64.379184128,"14007","Calamuchita","INDEC","142070","Segunda Usina","14007220","14007220","Segunda Usina","Segunda Usina","14","Córdoba"
"Localidad simple",-31.828275356,-64.521302493,"14007","Calamuchita","INDEC","142084","Villa Ciudad Parque Los Reartes","14007230","14007230","Solar de los Molinos","Solar de los Molinos","14","Córdoba"
"Localidad simple",-32.34263514,-65.013732534,"74049","Junín","INDEC","740105","Villa de Merlo","74049060","74049060","Villa de Merlo","Merlo","74","San Luis"
"Localidad simple",-31.956360004,-64.813456486,"14007","Calamuchita","INDEC","","","14007240","14007240","Villa Alpina","Villa Alpina","14","Córdoba"
"Localidad simple",-32.186184046,-64.567389214,"14007","Calamuchita","INDEC","142077","Villa Amancay","14007250","14007250","Villa Amancay","Villa Amancay","14","Córdoba"
"Localidad simple",-31.911000044,-64.726343683,"14007","Calamuchita","INDEC","","","14007260","14007260","Villa Berna","Villa Berna","14","Córdoba"
"Componente de localidad compuesta",-31.912066443,-64.530613522,"14007","Calamuchita","INDEC","142084","Villa Ciudad Parque Los Reartes","14007270","14007270","Villa Ciudad Parque Los Reartes","Villa Ciudad Parque Los Reartes","14","Córdoba"
"Componente de localidad compuesta",-32.176351223,-64.456938495,"14007","Calamuchita","INDEC","140042","Villa del Dique","14007290","14007290","Villa del Dique","Villa del Dique","14","Córdoba"
"Localidad simple",-32.252714933,-64.584117858,"14007","Calamuchita","INDEC","140014","La Cruz","14007300","14007300","Villa El Tala","Villa El Tala","14","Córdoba"
"Localidad simple",-31.976492814,-64.559053659,"14007","Calamuchita","INDEC","140049","Villa General Belgrano","14007310","14007310","Villa General Belgrano","Villa General Belgrano","14","Córdoba"
"Localidad simple",-32.266632505,-64.524715383,"14007","Calamuchita","INDEC","142091","Villa Quillinzo","14007320","14007320","Villa La Ribera","Villa La Rivera","14","Córdoba"
"Localidad simple",-32.236547432,-64.513604106,"14007","Calamuchita","INDEC","142091","Villa Quillinzo","14007330","14007330","Villa Quillinzo","Villa Quillinzo","14","Córdoba"
"Componente de localidad compuesta",-32.189383276,-64.479205883,"14007","Calamuchita","INDEC","140063","Villa Rumipal","14007340","14007340","Villa Rumipal","Villa Rumipal","14","Córdoba"
"Localidad simple",-32.103594962,-64.754522347,"14007","Calamuchita","INDEC","140070","Villa Yacanto","14007360","14007360","Villa Yacanto","Villa Yacanto","14","Córdoba"
"Localidad simple",-32.75882923,-64.334033416,"14098","Río Cuarto","INDEC","140770","Alcira","14098030","14098030","Alcira","Alcira Gigena","14","Córdoba"
"Localidad simple",-32.692112408,-64.723596602,"14098","Río Cuarto","INDEC","140777","Alpa Corral","14098040","14098040","Alpa Corral","Alpa Corral","14","Córdoba"
"Localidad simple",-32.452841735,-64.387939111,"14098","Río Cuarto","INDEC","140784","Berrotarán","14098050","14098050","Berrotarán","Berrotarán","14","Córdoba"
"Localidad simple",-32.847404529,-64.361077012,"14098","Río Cuarto","INDEC","140805","Coronel Baigorria","14098090","14098090","Coronel Baigorria","Coronel Baigorria","14","Córdoba"
"Localidad simple",-32.570393963,-64.393904926,"14098","Río Cuarto","INDEC","140819","Elena","14098110","14098110","Elena","Elena","14","Córdoba"
"Localidad simple",-32.88840918,-64.844842472,"14098","Río Cuarto","INDEC","142567","Las Albahacas","14098160","14098160","Las Albahacas","Las Albahacas","14","Córdoba"
"Localidad simple",-32.892555418,-64.867955226,"14098","Río Cuarto","INDEC","142595","Villa El Chacay","14098300","14098300","Villa El Chacay","Villa El Chacay","14","Córdoba"
"Localidad simple",-31.762599051,-65.004348905,"14126","San Alberto","INDEC","142840","Arroyo de los Patos","14126020","14126020","Arroyo de los Patos","Arroyo Los Patos","14","Córdoba"
"Localidad simple",-31.82404385,-64.971425081,"14126","San Alberto","INDEC","142847","Las Calles","14126050","14126050","Las Calles","Las Calles","14","Córdoba"
"Localidad simple",-31.853561746,-64.979880403,"14126","San Alberto","INDEC","142854","Las Rabonas","14126070","14126070","Las Rabonas","Las Rabonas","14","Córdoba"
"Componente de localidad compuesta",-31.729427643,-65.005000339,"14126","San Alberto","INDEC","141092","Mina Clavero","14126090","14126090","Mina Clavero","Mina Clavero","14","Córdoba"
"Localidad simple",-31.797204699,-65.002498778,"14126","San Alberto","INDEC","141099","Nono","14126110","14126110","Nono","Nono","14","Córdoba"
"Componente de localidad compuesta",-31.936473985,-65.21886785,"14126","San Alberto","INDEC","141106","San Pedro","14126160","14126160","San Pedro","San Pedro","14","Córdoba"
"Localidad simple",-31.912673226,-65.166934481,"14126","San Alberto","INDEC","142882","Sauce Arriba","14126180","14126180","Sauce Arriba","Sauce Arriba","14","Córdoba"
"Componente de localidad compuesta",-31.706460725,-65.018606389,"14126","San Alberto","INDEC","141113","Villa Cura Brochero","14126200","14126200","Villa Cura Brochero","Villa Cura Brochero","14","Córdoba"
"Componente de localidad compuesta",-31.936241107,-65.193098314,"14126","San Alberto","INDEC","141120","Villa Sarmiento","14126210","14126210","Villa Sarmiento","Villa Sarmiento","14","Córdoba"
"Localidad simple",-32.077353468,-65.229460448,"14133","San Javier","INDEC","142889","Conlara","14133010","14133010","Conlara","Conlara","14","Córdoba"
"Localidad simple",-32.217525316,-65.048264539,"14133","San Javier","INDEC","141127","La Paz","14133060","14133060","La Paz","La Paz","14","Córdoba"
"Localidad simple",-32.066252611,-65.029617254,"14133","San Javier","INDEC","142896","La Población","14133070","14133070","La Población","La Población","14","Córdoba"
"Localidad simple",-32.114557231,-65.043683466,"14133","San Javier","INDEC","142924","Luyaba","14133090","14133090","La Travesía","La Travesía","14","Córdoba"
"Componente de localidad compuesta",-31.953053644,-65.097966111,"14133","San Javier","INDEC","141130","Las Tapias","14133100","14133100","Las Tapias","Las Tapias","14","Córdoba"
"Localidad simple",-31.903342468,-64.989754936,"14133","San Javier","INDEC","142917","Los Hornillos","14133120","14133120","Los Hornillos","Los Hornillos","14","Córdoba"
"Localidad simple",-32.149721185,-65.058482569,"14133","San Javier","INDEC","142924","Luyaba","14133150","14133150","Luyaba","Luyaba","14","Córdoba"
"Localidad simple",-32.026469651,-65.030268367,"14133","San Javier","INDEC","141134","San Javier y Yacanto","14133170","14133170","San Javier y Yacanto","San Javier y Yacanto","14","Córdoba"
"Componente de localidad compuesta",-31.947086539,-65.052115338,"14133","San Javier","INDEC","141148","Villa de las Rosas","14133190","14133190","Villa de las Rosas","Villa de las Rosas","14","Córdoba"
"Localidad simple",-31.872041045,-65.035468367,"14133","San Javier","INDEC","141148","Villa de las Rosas","14133210","14133210","Villa La Viña","Villa La Viña","14","Córdoba"
"Componente de localidad compuesta",-31.725502527,-64.414068999,"14147","Santa María","INDEC","141375","Anisacate","14147020","14147020","Anisacate","Anisacate","14","Córdoba"
"Localidad simple",-31.814280553,-64.294775003,"14147","Santa María","INDEC","141379","Despeñaderos","14147080","14147080","Despeñaderos","Despeñaderos","14","Córdoba"
"Localidad simple",-31.745849116,-64.365810859,"14147","Santa María","INDEC","143001","Dique Chico","14147090","14147090","Dique Chico","Dique Chico","14","Córdoba"
"Componente de localidad compuesta",-31.80267143,-64.4145833,"14147","Santa María","INDEC","","","14147115","14147115","José de la Quintana","José de la Quintana","14","Córdoba"
"Localidad simple",-31.839975351,-64.437936692,"14147","Santa María","INDEC","","","14147120","14147120","La Boca del Río","La Boca del Río","14","Córdoba"
"Localidad simple",-31.720939824,-64.48192749,"14147","Santa María","INDEC","143022","La Paisanita","14147150","14147150","La Paisanita","La Paisanita","14","Córdoba"
"Componente de localidad compuesta",-31.754829253,-64.459039075,"14147","Santa María","INDEC","143029","La Rancherita","14147170","14147170","La Rancherita y Las Cascadas","La Rancherita y Las Cascadas","14","Córdoba"
"Componente de localidad compuesta",-31.735666229,-64.45561019,"14147","Santa María","INDEC","143036","La Serranita","14147180","14147180","La Serranita","La Serranita","14","Córdoba"
"Localidad simple",-31.910722778,-64.239942287,"14147","Santa María","INDEC","141400","Monte Ralo","14147220","14147220","Monte Ralo","Monte Ralo","14","Córdoba"
"Componente de localidad compuesta",-31.780095827,-64.545377626,"14147","Santa María","INDEC","143050","Potrero de Garay","14147230","14147230","Potrero de Garay","Potrero de Garay","14","Córdoba"
"Localidad simple",-31.714514959,-64.628280187,"14147","Santa María","INDEC","143064","San Clemente","14147250","14147250","San Clemente","San Clemente","14","Córdoba"
"Componente de localidad compuesta",-31.729956401,-64.420213745,"14147","Santa María","INDEC","143071","Valle de Anisacate","14147300","14147300","Valle de Anisacate","Valle de Anisacate","14","Córdoba"
"Componente de localidad compuesta",-31.791879762,-64.508654756,"14147","Santa María","INDEC","143078","Villa Ciudad de América","14147310","14147310","Villa Ciudad de América","Villa Ciudad de América","14","Córdoba"
"Componente de localidad compuesta",-31.729659249,-64.42945142,"14147","Santa María","INDEC","143092","Villa La Bolsa","14147330","14147330","Villa La Bolsa","Villa La Bolsa","14","Córdoba"
"Componente de localidad compuesta",-31.734487986,-64.439068948,"14147","Santa María","INDEC","143099","Villa Los Aromos","14147340","14147340","Villa Los Aromos","Villa Los Aromos","14","Córdoba"
"Componente de localidad compuesta",-31.825925434,-64.383554476,"14147","Santa María","INDEC","143113","Villa San Isidro","14147360","14147360","Villa San Isidro","Villa San Isidro","14","Córdoba"
"Localidad simple",-32.192390466,-64.255745208,"14161","Tercero Arriba","INDEC","141421","Almafuerte","14161010","14161010","Almafuerte","Almafuerte","14","Córdoba"
"Localidad simple",-32.560876404,-65.244547331,"74028","Chacabuco","INDEC","740049","Concarán","74028010","74028010","Concarán","Concarán","74","San Luis"
"Localidad simple",-32.939954661,-65.038880335,"74028","Chacabuco","INDEC","746098","Villa del Carmen","74028080","74028080","Villa del Carmen","Villa del Carmen","74","San Luis"
"Localidad simple",-32.505257531,-64.992153159,"74028","Chacabuco","INDEC","746070","Cortaderas","74028020","74028020","Cortaderas","Cortaderas","74","San Luis"
"Localidad simple",-32.675103211,-64.988949678,"74028","Chacabuco","INDEC","746077","Papagayos","74028040","74028040","Papagayos","Papagayos","74","San Luis"
"Localidad simple",-32.410102689,-65.009919409,"74049","Junín","INDEC","740095","Carpintería","74049010","74049010","Carpintería","Carpintería","74","San Luis"
"Localidad simple",-32.438599752,-65.0097622,"74049","Junín","INDEC","746217","Los Molles","74049050","74049050","Los Molles","Los Molles","74","San Luis"
"Componente de localidad compuesta",-31.416804475,-64.183606532,"14014","Capital","INDEC","140077","Córdoba","14014010","14014010","Córdoba","Córdoba","14","Córdoba"
"Componente de localidad compuesta",-31.022055587,-64.061712868,"14021","Colón","INDEC","140091","Colonia Caroya","14021050","14021050","Colonia Caroya","Colonia Caroya","14","Córdoba"
"Localidad simple",-31.237276187,-64.066295789,"14021","Colón","INDEC","140098","Colonia Tirolesa","14021060","14021060","Colonia Tirolesa","Colonia Tirolesa","14","Córdoba"
"Localidad simple",-31.028521686,-64.018682793,"14021","Colón","INDEC","142098","Colonia Vicente Agüero","14021070","14021070","Colonia Vicente Agüero","Colonia Vicente Agüero","14","Córdoba"
"Localidad simple",-31.443991353,-63.995764764,"14021","Colón","INDEC","140133","Malvinas Argentinas","14021075","14021075","Villa Corazón de María","Villa Corazón de María","14","Córdoba"
"Localidad simple",-31.134480643,-64.140150624,"14021","Colón","INDEC","140102","Estación General Paz","14021130","14021130","General Paz","General Paz","14","Córdoba"
"Componente de localidad compuesta",-30.976130936,-64.095793168,"14021","Colón","INDEC","140112","Jesús María","14021140","14021140","Jesús María","Jesús María","14","Córdoba"
"Localidad simple",-31.143164257,-64.041265742,"14021","Colón","INDEC","140098","Colonia Tirolesa","14021170","14021170","La Puerta","La Puerta","14","Córdoba"
"Localidad simple",-31.374253576,-64.053691733,"14021","Colón","INDEC","140133","Malvinas Argentinas","14021190","14021190","Malvinas Argentinas","Malvinas Argentinas","14","Córdoba"
"Localidad simple",-31.355350007,-64.003189418,"14021","Colón","INDEC","140143","Mi Granja","14021210","14021210","Mi Granja","Mi Granja","14","Córdoba"
"Localidad simple",-31.124507498,-63.891795267,"14021","Colón","INDEC","142728","Tinoco","14021270","14021270","Tinoco","Tinoco","14","Córdoba"
"Componente de localidad compuesta",-31.312414626,-64.176190867,"14021","Colón","INDEC","140077","Córdoba","14021310","14021310","Parque Norte - Guiñazú Norte","Parque Norte - Ciudad de los Niños - Guiñazú Norte","14","Córdoba"
"Localidad simple",-31.275729827,-64.1646158,"14021","Colón","INDEC","140105","Estación Juárez Celman","14021320","14021320","Villa Los Llanos - Juárez Celman","Villa Los Llanos - Juárez Celman","14","Córdoba"
"Localidad simple",-30.902967427,-63.706329494,"14105","Río Primero","INDEC","142609","Atahona","14105010","14105010","Atahona","Atahona","14","Córdoba"
"Localidad simple",-31.429720387,-63.587725916,"14105","Río Primero","INDEC","142616","Cañada de Machado","14105020","14105020","Cañada de Machado","Cañada de Machado","14","Córdoba"
"Localidad simple",-31.430555885,-63.832425211,"14105","Río Primero","INDEC","142623","Capilla de los Remedios","14105030","14105030","Capilla de los Remedios","Capilla de los Remedios","14","Córdoba"
"Localidad simple",-30.760396666,-63.561242339,"14105","Río Primero","INDEC","142630","Chalacea","14105040","14105040","Chalacea","Chalacea","14","Córdoba"
"Localidad simple",-31.208548036,-63.22296867,"14105","Río Primero","INDEC","142637","Colonia Las Cuatro Esquinas","14105050","14105050","Colonia Las Cuatro Esquinas","Colonia Las Cuatro Esquinas","14","Córdoba"
"Localidad simple",-31.028540066,-63.338383223,"14105","Río Primero","INDEC","142651","Diego de Rojas","14105060","14105060","Diego de Rojas","Diego de Rojas","14","Córdoba"
"Localidad simple",-31.116407938,-63.601616285,"14105","Río Primero","INDEC","","","14105070","14105070","El Alcalde","El Alcalde","14","Córdoba"
"Localidad simple",-31.017606725,-63.605351168,"14105","Río Primero","INDEC","142658","El Crispín","14105080","14105080","El Crispín","El Crispín","14","Córdoba"
"Localidad simple",-31.077912152,-63.793640549,"14105","Río Primero","INDEC","142665","Esquina","14105090","14105090","Esquina","Esquina","14","Córdoba"
"Localidad simple",-31.368848622,-63.530628418,"14105","Río Primero","INDEC","142672","Kilómetro 658","14105100","14105100","Kilómetro 658","Kilómetro 658","14","Córdoba"
"Localidad simple",-30.565574782,-63.516964065,"14105","Río Primero","INDEC","142679","La Posta","14105120","14105120","La Posta","La Posta","14","Córdoba"
"Localidad simple",-30.893342948,-63.254825453,"14105","Río Primero","INDEC","140910","La Puerta","14105130","14105130","La Puerta","La Puerta","14","Córdoba"
"Localidad simple",-31.061901912,-63.15132661,"14105","Río Primero","INDEC","142686","La Quinta","14105140","14105140","La Quinta","La Quinta","14","Córdoba"
"Localidad simple",-31.131793821,-63.227884729,"14105","Río Primero","INDEC","142693","Las Gramillas","14105150","14105150","Las Gramillas","Las Gramillas","14","Córdoba"
"Localidad simple",-30.759600883,-63.204275808,"14105","Río Primero","INDEC","142700","Las Saladas","14105160","14105160","Las Saladas","Las Saladas","14","Córdoba"
"Localidad simple",-30.908601789,-63.531607624,"14105","Río Primero","INDEC","142707","Maquinista Gallini","14105170","14105170","Maquinista Gallini","Maquinista Gallini","14","Córdoba"
"Localidad simple",-30.982267214,-63.601830375,"14105","Río Primero","INDEC","","","14105180","14105180","Monte del Rosario","Monte del Rosario","14","Córdoba"
"Localidad simple",-31.34198602,-63.947225299,"14105","Río Primero","INDEC","140917","Montecristo","14105190","14105190","Montecristo","Montecristo","14","Córdoba"
"Localidad simple",-30.781292395,-63.410365749,"14105","Río Primero","INDEC","140924","Obispo Trejo","14105200","14105200","Obispo Trejo","Obispo Trejo","14","Córdoba"
"Localidad simple",-31.300599739,-63.757673055,"14105","Río Primero","INDEC","140931","Piquillín","14105210","14105210","Piquillín","Piquillín","14","Córdoba"
"Localidad simple",-30.978355107,-63.260688235,"14105","Río Primero","INDEC","142714","Plaza de Mercedes","14105220","14105220","Plaza de Mercedes","Plaza de Mercedes","14","Córdoba"
"Localidad simple",-31.171488727,-63.60532599,"14105","Río Primero","INDEC","142644","Comechingones","14105230","14105230","Comechingones","Pueblo Comechingones","14","Córdoba"
"Localidad simple",-31.333871791,-63.618572375,"14105","Río Primero","INDEC","140938","Río Primero","14105240","14105240","Río Primero","Río Primero","14","Córdoba"
"Localidad simple",-31.28932729,-63.445433354,"14105","Río Primero","INDEC","142721","Sagrada Familia","14105250","14105250","Sagrada Familia","Sagrada Familia","14","Córdoba"
"Localidad simple",-31.153527657,-63.399412602,"14105","Río Primero","INDEC","140945","Villa Santa Rosa","14105260","14105260","Villa Santa Rosa","Santa Rosa de Río Primero","14","Córdoba"
"Localidad simple",-31.668857135,-63.199043019,"14119","Río Segundo","INDEC","140973","Calchín","14119010","14119010","Calchín","Calchín","14","Córdoba"
"Localidad simple",-31.862548935,-63.277785993,"14119","Río Segundo","INDEC","140980","Calchín Oeste","14119020","14119020","Calchín Oeste","Calchín Oeste","14","Córdoba"
"Localidad simple",-31.507679646,-63.343145043,"14119","Río Segundo","INDEC","140987","Capilla del Carmen","14119030","14119030","Capilla del Carmen","Capilla del Carmen","14","Córdoba"
"Localidad simple",-31.964561431,-63.382678348,"14119","Río Segundo","INDEC","141001","Colazo","14119050","14119050","Colazo","Colazo","14","Córdoba"
"Localidad simple",-31.917276973,-63.503508079,"14119","Río Segundo","INDEC","142805","Colonia Videla","14119060","14119060","Colonia Videla","Colonia Videla","14","Córdoba"
"Localidad simple",-31.645319233,-63.75886866,"14119","Río Segundo","INDEC","141008","Costa Sacate","14119070","14119070","Costa Sacate","Costasacate","14","Córdoba"
"Localidad simple",-31.798473811,-63.650083467,"14119","Río Segundo","INDEC","142812","Impira","14119080","14119080","Impira","Impira","14","Córdoba"
"Localidad simple",-31.775699453,-63.80032654,"14119","Río Segundo","INDEC","141015","Laguna Larga","14119090","14119090","Laguna Larga","Laguna Larga","14","Córdoba"
"Localidad simple",-31.831396212,-63.450636575,"14119","Río Segundo","INDEC","141022","Las Junturas","14119100","14119100","Las Junturas","Las Junturas","14","Córdoba"
"Localidad simple",-31.40252991,-63.330501319,"14119","Río Segundo","INDEC","142819","Los Chañaritos","14119110","14119110","Los Chañaritos","Los Chañaritos","14","Córdoba"
"Localidad simple",-31.647726289,-63.34508172,"14119","Río Segundo","INDEC","141029","Luque","14119120","14119120","Luque","Luque","14","Córdoba"
"Localidad simple",-31.84575732,-63.747558013,"14119","Río Segundo","INDEC","141036","Manfredi","14119130","14119130","Manfredi","Manfredi","14","Córdoba"
"Localidad simple",-31.714710564,-63.510718351,"14119","Río Segundo","INDEC","141043","Matorrales","14119140","14119140","Matorrales","Matorrales","14","Córdoba"
"Localidad simple",-31.913432104,-63.682021405,"14119","Río Segundo","INDEC","141050","Oncativo","14119150","14119150","Oncativo","Oncativo","14","Córdoba"
"Componente de localidad compuesta",-31.681265237,-63.88239584,"14119","Río Segundo","INDEC","141057","Pilar","14119160","14119160","Pilar","Pilar","14","Córdoba"
"Localidad simple",-31.595859647,-63.617020431,"14119","Río Segundo","INDEC","142826","Rincón","14119180","14119180","Rincón","Rincón","14","Córdoba"
"Componente de localidad compuesta",-31.650152759,-63.911862843,"14119","Río Segundo","INDEC","141071","Río Segundo","14119190","14119190","Río Segundo","Río Segundo","14","Córdoba"
"Localidad simple",-31.385985415,-63.419637503,"14119","Río Segundo","INDEC","141078","Santiago Temple","14119200","14119200","Santiago Temple","Santiago Temple","14","Córdoba"
"Localidad simple",-31.5541005,-63.535697319,"14119","Río Segundo","INDEC","141085","Villa del Rosario","14119210","14119210","Villa del Rosario","Villa del Rosario","14","Córdoba"
"Localidad simple",-31.424342692,-63.193560455,"14140","San Justo","INDEC","141358","Tránsito","14140400","14140400","Tránsito","Tránsito","14","Córdoba"
"Localidad simple",-31.448178731,-63.194303779,"14140","San Justo","INDEC","141358","Tránsito","14140430","14140430","Villa del Tránsito","Villa del Tránsito","14","Córdoba"
"Localidad simple",-31.531099203,-64.160014358,"14147","Santa María","INDEC","141377","Bouwer","14147060","14147060","Caseros Centro","Caseros Centro","14","Córdoba"
"Localidad simple",-31.64967812,-64.089704446,"14147","Santa María","INDEC","141386","Lozada","14147200","14147200","Lozada","Lozada","14","Córdoba"
"Localidad simple",-31.533046951,-64.143508235,"14147","Santa María","INDEC","141407","Toledo","14147270","14147270","Socavones","Socavones","14","Córdoba"
"Localidad simple",-31.553783809,-64.007370952,"14147","Santa María","INDEC","141407","Toledo","14147280","14147280","Toledo","Toledo","14","Córdoba"
"Localidad simple",-32.03502468,-63.864784578,"14161","Tercero Arriba","INDEC","141428","Colonia Almada","14161020","14161020","Colonia Almada","Colonia Almada","14","Córdoba"
"Localidad simple",-32.023723206,-64.191990504,"14161","Tercero Arriba","INDEC","141435","Corralito","14161030","14161030","Corralito","Corralito","14","Córdoba"
"Localidad simple",-32.044972804,-63.202240247,"14161","Tercero Arriba","INDEC","141470","Los Zorros","14161100","14161100","Los Zorros","Los Zorros","14","Córdoba"
"Localidad simple",-32.038258607,-63.570676452,"14161","Tercero Arriba","INDEC","141477","Oliva","14161110","14161110","Oliva","Oliva","14","Córdoba"
"Localidad simple",-30.838967446,-63.801268051,"14168","Totoral","INDEC","143169","Candelaria Sud","14168010","14168010","Candelaria Sud","Candelaria Sur","14","Córdoba"
"Localidad simple",-30.735237543,-63.723971029,"14168","Totoral","INDEC","141512","Cañada de Luque","14168020","14168020","Cañada de Luque","Cañada de Luque","14","Córdoba"
"Localidad simple",-30.57368678,-63.653712457,"14168","Totoral","INDEC","143176","Capilla de Sitón","14168030","14168030","Capilla de Sitón","Capilla de Sitón","14","Córdoba"
"Localidad simple",-30.626687202,-63.886117287,"14168","Totoral","INDEC","143190","Los Mistoles","14168070","14168070","Los Mistoles","Los Mistoles","14","Córdoba"
"Localidad simple",-30.774471197,-64.109502906,"14168","Totoral","INDEC","141526","Sarmiento","14168090","14168090","Sarmiento","Sarmiento","14","Córdoba"
"Localidad simple",-30.942929273,-64.094032941,"14168","Totoral","INDEC","141533","Sinsacate","14168110","14168110","Sinsacate","Sinsacate","14","Córdoba"
"Localidad simple",-30.704621872,-64.068141444,"14168","Totoral","INDEC","141540","Villa del Totoral","14168120","14168120","Villa del Totoral","Villa del Totoral","14","Córdoba"
"Localidad simple",-35.000348599,-67.510340476,"50014","General Alvear","INDEC","500014","General Alvear","50014010","50014010","Bowen","Bowen","50","Mendoza"
"Localidad simple",-35.14808103,-67.655274967,"50014","General Alvear","INDEC","500014","General Alvear","50014020","50014020","Carmensa","Carmensa","50","Mendoza"
"Localidad simple",-34.977471584,-67.69618281,"50014","General Alvear","INDEC","500014","General Alvear","50014030","50014030","General Alvear","General Alvear","50","Mendoza"
"Localidad simple",-34.977858624,-67.651170701,"50014","General Alvear","INDEC","500014","General Alvear","50014040","50014040","Los Compartos","Los Compartos","50","Mendoza"
"Componente de localidad compuesta",-33.402538663,-67.155499706,"50042","La Paz","INDEC","500042","La Paz","50042010","50042010","Desaguadero","Desaguadero","50","Mendoza"
"Localidad simple",-33.465140459,-67.593874925,"50042","La Paz","INDEC","500042","La Paz","50042030","50042030","Villa Antigua","Villa Antigua","50","Mendoza"
"Localidad simple",-33.461695637,-67.552276812,"50042","La Paz","INDEC","500042","La Paz","50042020","50042020","La Paz","La Paz","50","Mendoza"
"Localidad simple",-34.842532067,-67.768924866,"50105","San Rafael","INDEC","500105","San Rafael","50105190","50105190","Real del Padre","Real del Padre","50","Mendoza"
"Localidad simple",-32.863433167,-66.849528929,"74014","Belgrano","INDEC","746014","La Calera","74014010","74014010","La Calera","La Calera","74","San Luis"
"Localidad simple",-33.016021165,-66.288056649,"74014","Belgrano","INDEC","746028","Villa de la Quebrada","74014030","74014030","Villa de la Quebrada","Villa de la Quebrada","74","San Luis"
"Localidad simple",-32.91866741,-66.324714581,"74014","Belgrano","INDEC","746021","Nogolí","74014020","74014020","Nogolí","Nogolí","74","San Luis"
"Localidad simple",-33.189597863,-66.152599472,"74021","Coronel Pringles","INDEC","740038","Estancia Grande","74021025","74021025","Estancia Grande","Estancia Grande","74","San Luis"
"Componente de localidad compuesta",-33.109236459,-66.063069241,"74021","Coronel Pringles","INDEC","740039","El Trapiche","74021020","74021020","El Trapiche","El Trapiche","74","San Luis"
"Localidad simple",-33.054496729,-65.621375639,"74021","Coronel Pringles","INDEC","740042","La Toma","74021060","74021060","La Toma","La Toma","74","San Luis"
"Localidad simple",-33.202471528,-65.855323757,"74021","Coronel Pringles","INDEC","746063","Saladillo","74021090","74021090","Saladillo","Saladillo","74","San Luis"
"Localidad simple",-33.116731643,-66.003452803,"74021","Coronel Pringles","INDEC","740039","El Trapiche","74021050","74021050","La Florida","La Florida","74","San Luis"
"Localidad simple",-33.212344139,-65.491184133,"74035","General Pedernera","INDEC","746112","San José del Morro","74035060","74035060","San José del Morro","San José del Morro","74","San Luis"
"Localidad simple",-33.674470984,-65.46219778,"74035","General Pedernera","INDEC","740077","Villa Mercedes","74035070","74035070","Villa Mercedes","Villa Mercedes","74","San Luis"
"Localidad simple",-33.720962439,-65.383626249,"74035","General Pedernera","INDEC","","","74035080","74035080","Villa Reynolds","Villa Reynolds","74","San Luis"
"Localidad simple",-35.153783082,-65.946151682,"74042","Gobernador Dupuy","INDEC","740091","Unión","74042140","74042140","Unión","Unión","74","San Luis"
"Localidad simple",-34.608227301,-65.716984934,"74035","General Pedernera","INDEC","740073","Nación Ranquel","74035055","74035055","Nación Ranquel","Nación Ranquel","74","San Luis"
"Localidad simple",-33.280768727,-65.613960957,"74035","General Pedernera","INDEC","746126","Juan Llerena","74035020","74035020","Juan Llerena","Juan Llerena","74","San Luis"
"Localidad simple",-33.822840925,-65.426491915,"74035","General Pedernera","INDEC","746140","Lavaisse","74035050","74035050","Lavaisse","Lavaisse","74","San Luis"
"Localidad simple",-34.785738803,-66.176330564,"74042","Gobernador Dupuy","INDEC","","","74042110","74042110","Nahuel Mapá","Nahuel Mapá","74","San Luis"
"Localidad simple",-34.757888445,-65.253589203,"74042","Gobernador Dupuy","INDEC","740084","Buena Esperanza","74042050","74042050","Buena Esperanza","Buena Esperanza","74","San Luis"
"Localidad simple",-34.772469056,-65.522757778,"74042","Gobernador Dupuy","INDEC","746175","Fortín El Patria","74042060","74042060","Fortín El Patria","Fortín El Patria","74","San Luis"
"Localidad simple",-35.130700428,-65.38309285,"74042","Gobernador Dupuy","INDEC","746182","Fortuna","74042070","74042070","Fortuna","Fortuna","74","San Luis"
"Localidad simple",-35.115181075,-65.258733995,"74042","Gobernador Dupuy","INDEC","746196","Nueva Galia","74042130","74042130","Nueva Galia","Nueva Galia","74","San Luis"
"Localidad simple",-34.774862985,-66.586441832,"74042","Gobernador Dupuy","INDEC","746189","Navia","74042120","74042120","Navia","Navia","74","San Luis"
"Localidad simple",-34.778346253,-65.69004896,"74042","Gobernador Dupuy","INDEC","746168","Batavia","74042040","74042040","Batavia","Batavia","74","San Luis"
"Localidad simple",-35.143044624,-65.56988317,"74042","Gobernador Dupuy","INDEC","746161","Bagual","74042030","74042030","Bagual","Bagual","74","San Luis"
"Localidad simple",-33.217398192,-66.231269585,"74056","Juan Martín de Pueyrredón","INDEC","740130","Potrero de los Funes","74056120","74056120","Potrero de los Funes","Potrero de los Funes","74","San Luis"
"Localidad simple",-33.837028822,-66.13907334,"74056","Juan Martín de Pueyrredón","INDEC","746231","Alto Pelado","74056010","74056010","Alto Pelado","Alto Pelado","74","San Luis"
"Localidad simple",-33.854770633,-66.369078543,"74056","Juan Martín de Pueyrredón","INDEC","746280","Zanjitas","74056050","74056050","Cazador","Cazador","74","San Luis"
"Localidad simple",-33.671178592,-66.972013852,"74056","Juan Martín de Pueyrredón","INDEC","","","74056110","74056110","Mosmota","Mosmota","74","San Luis"
"Localidad simple",-33.804980729,-66.415049043,"74056","Juan Martín de Pueyrredón","INDEC","746280","Zanjitas","74056160","74056160","Zanjitas","Zanjitas","74","San Luis"
"Localidad simple",-33.183675136,-66.312480949,"74056","Juan Martín de Pueyrredón","INDEC","740126","La Punta","74056105","74056105","La Punta","La Punta","74","San Luis"
"Localidad simple",-33.757483866,-66.64467913,"74056","Juan Martín de Pueyrredón","INDEC","746252","Beazley","74056040","74056040","Beazley","Beazley","74","San Luis"
"Localidad simple",-33.432932478,-66.92594294,"74056","Juan Martín de Pueyrredón","INDEC","746238","Alto Pencoso","74056020","74056020","Alto Pencoso","Alto Pencoso","74","San Luis"
"Localidad simple",-32.87732241,-65.635054992,"74063","Libertador General San Martín","INDEC","746315","Paso Grande","74063050","74063050","Paso Grande","Paso Grande","74","San Luis"
"Localidad simple",-38.742942079,-66.435428074,"42042","Curacó","INDEC","","","42042010","42042010","Gobernador Duval","Gobernador Duval","42","La Pampa"
"Localidad simple",-38.146302088,-65.914040626,"42042","Curacó","INDEC","420280","Puelches","42042020","42042020","Puelches","Puelches","42","La Pampa"
"Localidad simple",-36.398084405,-67.144491462,"42063","Chical Co","INDEC","420011","Algarrobo del Águila","42063010","42063010","Algarrobo del Águila","Algarrobo del Águila","42","La Pampa"
"Localidad simple",-37.15983037,-66.675123682,"42091","Limay Mahuida","INDEC","425084","Limay Mahuida","42091020","42091020","Limay Mahuida","Limay Mahuida","42","La Pampa"
"Localidad simple",-36.216536869,-65.437086415,"42098","Loventué","INDEC","420399","Victorica","42098050","42098050","Victorica","Victorica","42","La Pampa"
"Localidad simple",-37.344173692,-67.619557426,"42112","Puelén","INDEC","420287","Puelén","42112010","42112010","Puelén","Puelén","42","La Pampa"
"Localidad simple",-38.154552595,-67.152497411,"42112","Puelén","INDEC","422007","Casa de Piedra","42112005","42112005","Casa de Piedra","Casa de Piedra","42","La Pampa"
"Localidad simple",-37.774908489,-67.713540376,"42112","Puelén","INDEC","420385","Colonia 25 de Mayo","42112020","42112020","25 de Mayo","25 de Mayo","42","La Pampa"
"Localidad simple",-37.332042541,-65.651623658,"42154","Utracán","INDEC","425049","Chacharramendi","42154020","42154020","Chacharramendi","Chacharramendi","42","La Pampa"
"Localidad simple",-36.154925366,-68.300848818,"50077","Malargüe","INDEC","500077","Malargüe","50077010","50077010","Agua Escondida","Agua Escondida","50","Mendoza"
"Localidad simple",-38.54135831,-68.545169718,"58035","Confluencia","INDEC","","","58035060","58035060","Mari Menuco","Mari Menuco","58","Neuquén"
"Localidad simple",-38.734183066,-68.17282303,"58035","Confluencia","INDEC","580091","Vista Alegre","58035130","58035130","Vista Alegre Norte","Vista Alegre Norte","58","Neuquén"
"Localidad simple",-37.390179487,-68.92518756,"58091","Pehuenches","INDEC","580210","Rincón de los Sauces","58091040","58091040","Rincón de los Sauces","Rincón de los Sauces","58","Neuquén"
"Localidad simple",-37.5896262,-68.258276273,"58091","Pehuenches","INDEC","585105","Octavio Pico","58091030","58091030","Octavio Pico","Octavio Pico","58","Neuquén"
"Localidad simple",-37.679533856,-67.873696853,"62042","General Roca","INDEC","625105","Peñas Blancas","62042297","62042297","Barrio Pinar","Barrio Pinar","62","Río Negro"
"Localidad simple",-37.875520978,-67.794510606,"62042","General Roca","INDEC","620105","Catriel","62042360","62042360","Catriel","Catriel","62","Río Negro"
"Localidad simple",-38.701701572,-68.028233032,"62042","General Roca","INDEC","","","62042500","62042500","Península Ruca Co","Península Ruca Co","62","Río Negro"
"Localidad simple",-38.725635425,-68.155895022,"62042","General Roca","INDEC","620140","Contralmirante Cordero","62042030","62042030","Barda del Medio","Barda del Medio","62","Río Negro"
"Localidad simple",-22.596168608,-63.810999383,"66056","General José de San Martín","INDEC","660147","General Mosconi","66056110","66056110","General Mosconi","General Mosconi","66","Salta"
"Localidad simple",-23.218439113,-63.844126509,"66056","General José de San Martín","INDEC","660133","Embarcación","66056180","66056180","Padre Lozano","Padre Lozano","66","Salta"
"Localidad simple",-22.148080278,-63.712941162,"66056","General José de San Martín","INDEC","660126","Aguaray","66056230","66056230","Tobantirenda","Tobantirenda","66","Salta"
"Localidad simple",-22.736903693,-63.818896507,"66056","General José de San Martín","INDEC","660147","General Mosconi","66056070","66056070","Coronel Cornejo","Coronel Cornejo","66","Salta"
"Localidad simple",-23.110854321,-63.999651054,"66056","General José de San Martín","INDEC","660133","Embarcación","66056030","66056030","Campichuelo","Campichuelo","66","Salta"
"Componente de localidad compuesta",-22.516818326,-63.805604918,"66056","General José de San Martín","INDEC","660161","Tartagal","66056220","66056220","Tartagal","Tartagal","66","Salta"
"Localidad simple",-23.236096225,-63.769112913,"66056","General José de San Martín","INDEC","660133","Embarcación","66056060","66056060","Carboncito","Carboncito","66","Salta"
"Localidad simple",-22.244872658,-63.735334409,"66056","General José de San Martín","INDEC","660126","Aguaray","66056010","66056010","Aguaray","Aguaray","66","Salta"
"Localidad simple",-22.200731988,-63.675741385,"66056","General José de San Martín","INDEC","660126","Aguaray","66056040","66056040","Campo Durán","Campo Durán","66","Salta"
"Localidad simple",-22.203429087,-63.719653719,"66056","General José de San Martín","INDEC","660126","Aguaray","66056050","66056050","Capiazuti","Capiazuti","66","Salta"
"Localidad simple",-23.248755204,-63.341024859,"66056","General José de San Martín","INDEC","660133","Embarcación","66056080","66056080","Dragones","Dragones","66","Salta"
"Localidad simple",-22.93589062,-63.861256936,"66056","General José de San Martín","INDEC","660140","General Ballivián","66056100","66056100","General Ballivián","General Ballivián","66","Salta"
"Localidad simple",-23.212451801,-63.566606625,"66056","General José de San Martín","INDEC","660133","Embarcación","66056120","66056120","Hickman","Hickman","66","Salta"
"Localidad simple",-22.513460593,-63.753249437,"66056","General José de San Martín","INDEC","660161","Tartagal","66056150","66056150","Misión Kilómetro 6","Misión Kilómetro 6","66","Salta"
"Localidad simple",-22.450078226,-63.442005416,"66056","General José de San Martín","INDEC","660161","Tartagal","66056170","66056170","Pacará","Pacará","66","Salta"
"Localidad simple",-22.325044353,-63.753306334,"66056","General José de San Martín","INDEC","660126","Aguaray","66056190","66056190","Piquirenda","Piquirenda","66","Salta"
"Localidad simple",-22.406223277,-63.775362194,"66056","General José de San Martín","INDEC","660161","Tartagal","66056240","66056240","Tranquitas","Tranquitas","66","Salta"
"Localidad simple",-23.2104201,-64.097246324,"66056","General José de San Martín","INDEC","660133","Embarcación","66056090","66056090","Embarcación","Embarcación","66","Salta"
"Localidad simple",-23.262247452,-63.739286562,"66056","General José de San Martín","INDEC","660133","Embarcación","66056130","66056130","Misión Chaqueña","Misión Chaqueña","66","Salta"
"Localidad simple",-22.051657003,-63.691892774,"66056","General José de San Martín","INDEC","660154","Profesor Salvador Mazza","66056200","66056200","Profesor Salvador Mazza","Profesor Salvador Mazza","66","Salta"
"Localidad simple",-22.369317329,-63.768479018,"66056","General José de San Martín","INDEC","660161","Tartagal","66056250","66056250","Yacuy","Yacuy","66","Salta"
"Localidad simple",-22.737117794,-64.353250927,"66126","Orán","INDEC","660290","Aguas Blancas","66126010","66126010","Aguas Blancas","Aguas Blancas","66","Salta"
"Localidad simple",-23.253484703,-64.24575991,"66126","Orán","INDEC","660301","Hipólito Yrigoyen","66126030","66126030","El Tabacal","El Tabacal","66","Salta"
"Localidad simple",-23.394295345,-64.425578583,"66126","Orán","INDEC","660294","Colonia Santa Rosa","66126020","66126020","Colonia Santa Rosa","Colonia Santa Rosa","66","Salta"
"Localidad simple",-23.244343148,-64.276552631,"66126","Orán","INDEC","660301","Hipólito Yrigoyen","66126040","66126040","Hipólito Yrigoyen","Hipólito Yrigoyen","66","Salta"
"Localidad simple",-23.136088719,-64.322927012,"66126","Orán","INDEC","660315","San Ramón de la Nueva Orán","66126070","66126070","San Ramón de la Nueva Orán","San Ramón de la Nueva Orán","66","Salta"
"Localidad simple",-23.324591293,-64.225303427,"66126","Orán","INDEC","660308","Pichanal","66126060","66126060","Pichanal","Pichanal","66","Salta"
"Localidad simple",-28.304519241,-67.247376566,"10105","Tinogasta","INDEC","100231","Tinogasta","10105100","10105100","El Salado","El Salado","10","Catamarca"
"Localidad simple",-28.677702419,-66.490926059,"46007","Arauco","INDEC","460007","Arauco","46007040","46007040","Estación Mazán","Estación Mazán","46","La Rioja"
"Localidad simple",-28.553760255,-66.813432971,"46007","Arauco","INDEC","460007","Arauco","46007010","46007010","Aimogasta","Aimogasta","46","La Rioja"
"Localidad simple",-28.378555807,-66.830578062,"46007","Arauco","INDEC","460007","Arauco","46007030","46007030","Bañado de los Pantanos","Bañado de los Pantanos","46","La Rioja"
"Localidad simple",-28.590538439,-66.555390495,"46007","Arauco","INDEC","460007","Arauco","46007045","46007045","Termas de Santa Teresita","Termas de Santa Teresita","46","La Rioja"
"Localidad simple",-28.664103637,-66.544474061,"46007","Arauco","INDEC","460007","Arauco","46007050","46007050","Villa Mazán","Villa Mazán","46","La Rioja"
"Localidad simple",-29.412884219,-66.855827978,"46014","Capital","INDEC","460014","La Rioja","46014010","46014010","La Rioja","La Rioja","46","La Rioja"
"Localidad simple",-28.847765303,-66.930496598,"46021","Castro Barros","INDEC","460021","Castro Barros","46021010","46021010","Aminga","Aminga","46","La Rioja"
"Localidad simple",-28.806531699,-66.941382012,"46021","Castro Barros","INDEC","460021","Castro Barros","46021020","46021020","Anillaco","Anillaco","46","La Rioja"
"Localidad simple",-28.723847225,-66.923384056,"46021","Castro Barros","INDEC","460021","Castro Barros","46021030","46021030","Anjullón","Anjullón","46","La Rioja"
"Localidad simple",-28.890955989,-66.971627958,"46021","Castro Barros","INDEC","460021","Castro Barros","46021040","46021040","Chuquis","Chuquis","46","La Rioja"
"Localidad simple",-28.746226075,-66.932643305,"46021","Castro Barros","INDEC","460021","Castro Barros","46021050","46021050","Los Molinos","Los Molinos","46","La Rioja"
"Localidad simple",-28.934786715,-66.961168106,"46021","Castro Barros","INDEC","460021","Castro Barros","46021060","46021060","Pinchas","Pinchas","46","La Rioja"
"Localidad simple",-28.661723326,-66.923015472,"46021","Castro Barros","INDEC","460021","Castro Barros","46021070","46021070","San Pedro","San Pedro","46","La Rioja"
"Localidad simple",-28.675748753,-66.96055836,"46021","Castro Barros","INDEC","460021","Castro Barros","46021080","46021080","Santa Vera Cruz","Santa Vera Cruz","46","La Rioja"
"Localidad simple",-29.541568588,-68.099937334,"46028","General Felipe Varela","INDEC","460028","General Felipe Varela","46028040","46028040","Pagancillo","Pagancillo","46","La Rioja"
"Localidad simple",-29.472786903,-67.774606099,"46028","General Felipe Varela","INDEC","460028","General Felipe Varela","46028010","46028010","Aicuña","Aicuñá","46","La Rioja"
"Localidad simple",-29.369304386,-68.235541798,"46028","General Felipe Varela","INDEC","460028","General Felipe Varela","46028030","46028030","Los Palacios","Los Palacios","46","La Rioja"
"Localidad simple",-29.317755337,-68.227748381,"46028","General Felipe Varela","INDEC","460028","General Felipe Varela","46028050","46028050","Villa Unión","Villa Unión","46","La Rioja"
"Localidad simple",-30.359439884,-66.312658278,"46035","Chamical","INDEC","460035","Chamical","46035010","46035010","Chamical","Chamical","46","La Rioja"
"Localidad simple",-30.405421549,-66.367993694,"46035","Chamical","INDEC","460035","Chamical","46035020","46035020","Polco","Polco","46","La Rioja"
"Localidad simple",-29.449555581,-67.487670434,"46042","Chilecito","INDEC","460042","Chilecito","46042050","46042050","Colonia Vichigasta","Colonia Vichigasta","46","La Rioja"
"Localidad simple",-29.302209442,-67.506190766,"46042","Chilecito","INDEC","460042","Chilecito","46042090","46042090","Nonogasta","Nonogasta","46","La Rioja"
"Localidad simple",-29.165105059,-67.495215273,"46042","Chilecito","INDEC","460042","Chilecito","46042010","46042010","Chilecito","Chilecito","46","La Rioja"
"Localidad simple",-29.250576739,-67.44382953,"46042","Chilecito","INDEC","460042","Chilecito","46042020","46042020","Colonia Anguinán","Colonia Anguinán","46","La Rioja"
"Localidad simple",-29.198064066,-67.398172502,"46042","Chilecito","INDEC","460042","Chilecito","46042040","46042040","Colonia Malligasta","Colonia Malligasta","46","La Rioja"
"Localidad simple",-29.190241169,-67.637758228,"46042","Chilecito","INDEC","460042","Chilecito","46042060","46042060","Guanchín","Guanchín","46","La Rioja"
"Localidad simple",-29.176454437,-67.434890405,"46042","Chilecito","INDEC","460042","Chilecito","46042070","46042070","Malligasta","Malligasta","46","La Rioja"
"Localidad simple",-29.339190428,-67.662478232,"46042","Chilecito","INDEC","460042","Chilecito","46042080","46042080","Miranda","Miranda","46","La Rioja"
"Localidad simple",-29.115036827,-67.473599052,"46042","Chilecito","INDEC","460042","Chilecito","46042100","46042100","San Nicolás","San Nicolás","46","La Rioja"
"Localidad simple",-29.129321672,-67.556136598,"46042","Chilecito","INDEC","460042","Chilecito","46042110","46042110","Santa Florentina","Santa Florentina","46","La Rioja"
"Localidad simple",-29.322209459,-67.602829071,"46042","Chilecito","INDEC","460042","Chilecito","46042120","46042120","Sañogasta","Sañogasta","46","La Rioja"
"Localidad simple",-29.143368902,-67.425388112,"46042","Chilecito","INDEC","460042","Chilecito","46042130","46042130","Tilimuqui","Tilimuqui","46","La Rioja"
"Localidad simple",-29.485263251,-67.506777362,"46042","Chilecito","INDEC","460042","Chilecito","46042140","46042140","Vichigasta","Vichigasta","46","La Rioja"
"Localidad simple",-28.655655475,-67.652249652,"46049","Famatina","INDEC","460049","Famatina","46049020","46049020","Angulos","Angulos","46","La Rioja"
"Localidad simple",-28.603193693,-67.58317954,"46049","Famatina","INDEC","460049","Famatina","46049060","46049060","Chañarmuyo","Chañarmuyo","46","La Rioja"
"Localidad simple",-28.866735554,-67.571419803,"46049","Famatina","INDEC","460049","Famatina","46049010","46049010","Alto Carrizal","Alto Carrizal","46","La Rioja"
"Localidad simple",-28.819342176,-67.314855039,"46049","Famatina","INDEC","460049","Famatina","46049030","46049030","Antinaco","Antinaco","46","La Rioja"
"Localidad simple",-28.888064096,-67.564132997,"46049","Famatina","INDEC","460049","Famatina","46049040","46049040","Bajo Carrizal","Bajo Carrizal","46","La Rioja"
"Localidad simple",-28.552580093,-67.627881982,"46049","Famatina","INDEC","460049","Famatina","46049050","46049050","Campanas","Campanas","46","La Rioja"
"Localidad simple",-28.925049358,-67.519593171,"46049","Famatina","INDEC","460049","Famatina","46049070","46049070","Famatina","Famatina","46","La Rioja"
"Localidad simple",-28.468245449,-67.692308183,"46049","Famatina","INDEC","460049","Famatina","46049080","46049080","La Cuadra","La Cuadra","46","La Rioja"
"Localidad simple",-28.575978248,-67.449093705,"46049","Famatina","INDEC","460049","Famatina","46049090","46049090","Pituil","Pituil","46","La Rioja"
"Localidad simple",-28.965459531,-67.516236552,"46049","Famatina","INDEC","460049","Famatina","46049100","46049100","Plaza Vieja","Plaza Vieja","46","La Rioja"
"Localidad simple",-28.483879008,-67.693729048,"46049","Famatina","INDEC","460049","Famatina","46049110","46049110","Santa Cruz","Santa Cruz","46","La Rioja"
"Localidad simple",-28.554375761,-67.671993414,"46049","Famatina","INDEC","460049","Famatina","46049120","46049120","Santo Domingo","Santo Domingo","46","La Rioja"
"Localidad simple",-30.154411478,-66.546737943,"46056","Ángel Vicente Peñaloza","INDEC","460056","Ángel Vicente Peñaloza","46056010","46056010","Punta de los Llanos","Punta de los Llanos","46","La Rioja"
"Localidad simple",-30.506616608,-66.528931275,"46056","Ángel Vicente Peñaloza","INDEC","460056","Ángel Vicente Peñaloza","46056020","46056020","Tama","Tama","46","La Rioja"
"Localidad simple",-29.020142239,-68.229483123,"46077","General Lamadrid","INDEC","460077","General Lamadrid","46077010","46077010","Villa Castelli","Villa Castelli","46","La Rioja"
"Localidad simple",-28.663721178,-68.385740542,"46098","Vinchina","INDEC","460098","Vinchina","46098010","46098010","Jagüé","Jagüé","46","La Rioja"
"Localidad simple",-28.753697102,-68.20484481,"46098","Vinchina","INDEC","460098","Vinchina","46098020","46098020","Villa San José de Vinchina","Villa San José de Vinchina","46","La Rioja"
"Localidad simple",-30.054637492,-67.504436295,"46105","Independencia","INDEC","460105","Independencia","46105010","46105010","Amaná","Amaná","46","La Rioja"
"Localidad simple",-30.048146523,-66.879716562,"46105","Independencia","INDEC","460105","Independencia","46105020","46105020","Patquía","Patquía","46","La Rioja"
"Localidad simple",-28.373841148,-67.070608418,"46119","San Blas de Los Sauces","INDEC","460119","San Blas de los Sauces","46119010","46119010","Salicas - San Blas","Salicas - San Blas","46","La Rioja"
"Localidad simple",-29.282281469,-67.020947168,"46126","Sanagasta","INDEC","460126","Sanagasta","46126010","46126010","Villa Sanagasta","Villa Sanagasta","46","La Rioja"
"Localidad simple",-30.567073513,-67.542055732,"70119","Valle Fértil","INDEC","700119","Valle Fértil","70119050","70119050","Usno","Usno","70","San Juan"
"Localidad simple",-30.221542969,-67.695393362,"70119","Valle Fértil","INDEC","700119","Valle Fértil","70119040","70119040","Los Baldecitos","Los Baldecitos","70","San Juan"
"Localidad simple",-30.320938368,-67.696835232,"70119","Valle Fértil","INDEC","700119","Valle Fértil","70119020","70119020","Balde del Rosario","Balde del Rosario","70","San Juan"
"Localidad simple",-29.340847876,-58.608203653,"18035","Curuzú Cuatiá","INDEC","180070","Perugorría","18035030","18035030","Perugorría","Perugorría","18","Corrientes"
"Localidad simple",-29.150277134,-59.181793381,"18070","Goya","INDEC","180137","Carolina","18070010","18070010","Carolina","Carolina","18","Corrientes"
"Localidad simple",-29.140076381,-59.259891257,"18070","Goya","INDEC","180140","Goya","18070020","18070020","Goya","Goya","18","Corrientes"
"Localidad simple",-28.836123823,-59.00600514,"18091","Lavalle","INDEC","180189","Cruz de los Milagros","18091010","18091010","Cruz de los Milagros","Cruz de los Milagros","18","Corrientes"
"Localidad simple",-28.912338712,-58.936103106,"18091","Lavalle","INDEC","180196","Gobernador Martínez","18091020","18091020","Gobernador Martínez","Gobernador Juan E. Martínez","18","Corrientes"
"Localidad simple",-29.023331219,-59.179154266,"18091","Lavalle","INDEC","180203","Lavalle","18091030","18091030","Lavalle","Lavalle","18","Corrientes"
"Localidad simple",-28.989852248,-59.100762554,"18091","Lavalle","INDEC","180210","Santa Lucía","18091040","18091040","Santa Lucía","Santa Lucía","18","Corrientes"
"Localidad simple",-28.991656545,-59.075188997,"18091","Lavalle","INDEC","180210","Santa Lucía","18091050","18091050","Villa Córdoba","Villa Córdoba","18","Corrientes"
"Localidad simple",-29.028312566,-58.912232686,"18091","Lavalle","INDEC","180217","Yatay Ti Calle","18091060","18091060","Yatay Ti Calle","Yatayti Calle","18","Corrientes"
"Localidad simple",-29.106830626,-58.339630558,"18105","Mercedes","INDEC","180231","Felipe Yofre","18105010","18105010","Felipe Yofre","Felipe Yofré","18","Corrientes"
"Localidad simple",-29.184692808,-58.073531767,"18105","Mercedes","INDEC","180245","Mercedes","18105030","18105030","Mercedes","Mercedes","18","Corrientes"
"Localidad simple",-29.367257277,-56.829729487,"18147","San Martín","INDEC","180364","Guaviraví","18147020","18147020","Guaviraví","Guaviraví","18","Corrientes"
"Localidad simple",-29.178629127,-56.63829499,"18147","San Martín","INDEC","180371","La Cruz","18147030","18147030","La Cruz","La Cruz","18","Corrientes"
"Localidad simple",-29.470897872,-56.815066049,"18147","San Martín","INDEC","180378","Yapeyú","18147040","18147040","Yapeyú","Yapeyú","18","Corrientes"
"Localidad simple",-28.955255712,-58.571767462,"18161","San Roque","INDEC","180413","Chavarría","18161010","18161010","Chavarría","Chavarría","18","Corrientes"
"Localidad simple",-28.84077716,-58.830085717,"18161","San Roque","INDEC","180399","9 de Julio","18161030","18161030","9 de Julio","9 de Julio","18","Corrientes"
"Localidad simple",-28.746340249,-58.65413822,"18161","San Roque","INDEC","180406","Pedro R. Fernández","18161040","18161040","Pedro Ramón Fernández (Estación Mantilla)","Pedro R. Fernández","18","Corrientes"
"Localidad simple",-30.18400405,-62.945668985,"14112","Río Seco","INDEC","142763","La Rinconada","14112050","14112050","La Rinconada","La Rinconada","14","Córdoba"
"Localidad simple",-29.349178439,-62.441769553,"86007","Aguirre","INDEC","866007","Malbrán","86007030","86007030","Malbrán","Malbrán","86","Santiago del Estero"
"Localidad simple",-28.948138845,-62.800102806,"86007","Aguirre","INDEC","866315","Casares","86007020","86007020","Casares","Casares","86","Santiago del Estero"
"Localidad simple",-29.141753807,-62.654548467,"86007","Aguirre","INDEC","860007","Pinto","86007040","86007040","Pinto","Villa General Mitre","86","Santiago del Estero"
"Localidad simple",-28.336351612,-63.339329711,"86028","Avellaneda","INDEC","866049","Lugones","86028040","86028040","Lugones","Lugones","86","Santiago del Estero"
"Localidad simple",-28.482914382,-63.066237819,"86028","Avellaneda","INDEC","866035","Herrera","86028020","86028020","Herrera","Herrera","86","Santiago del Estero"
"Localidad simple",-28.482600684,-63.276050818,"86028","Avellaneda","INDEC","866336","Villa Mailín","86028060","86028060","Villa Mailín","Villa Mailín","86","Santiago del Estero"
"Localidad simple",-28.814689875,-62.843062739,"86028","Avellaneda","INDEC","866056","Real Sayana","86028050","86028050","Real Sayana","Real Sayana","86","Santiago del Estero"
"Localidad simple",-28.604023223,-62.95041814,"86028","Avellaneda","INDEC","860028","Colonia Dora","86028010","86028010","Colonia Dora","Colonia Dora","86","Santiago del Estero"
"Localidad simple",-28.681477284,-62.881180111,"86028","Avellaneda","INDEC","866042","Icaño","86028030","86028030","Icaño","Icaño","86","Santiago del Estero"
"Localidad simple",-28.747614711,-62.450701386,"86077","General Taboada","INDEC","866448","Averías","86077020","86077020","Averías","Averías","86","Santiago del Estero"
"Localidad simple",-28.62653829,-62.60691807,"86077","General Taboada","INDEC","866455","Tacañitas","86077030","86077030","Tacañitas","Estación Tacañitas","86","Santiago del Estero"
"Localidad simple",-28.460203351,-62.833542468,"86077","General Taboada","INDEC","860084","Añatuya","86077010","86077010","Añatuya","Añatuya","86","Santiago del Estero"
"Localidad simple",-29.413622968,-62.790403928,"86112","Mitre","INDEC","866189","Villa Unión","86112010","86112010","Villa Unión","Villa Unión","86","Santiago del Estero"
"Localidad simple",-26.011264859,-64.671151252,"66140","Rosario de la Frontera","INDEC","660350","El Potrero","66140020","66140020","Copo Quile","Copo Quile","66","Salta"
"Localidad simple",-26.047172816,-64.64478319,"66140","Rosario de la Frontera","INDEC","660350","El Potrero","66140040","66140040","El Potrero","El Potrero","66","Salta"
"Localidad simple",-26.119576607,-64.593399169,"66140","Rosario de la Frontera","INDEC","660350","El Potrero","66140010","66140010","Antilla","Antillá","66","Salta"
"Localidad simple",-25.717521847,-64.836827528,"66140","Rosario de la Frontera","INDEC","660357","Rosario de la Frontera","66140060","66140060","San Felipe","San Felipe","66","Salta"
"Localidad simple",-26.690598138,-63.55921045,"86014","Alberdi","INDEC","866329","Santos Lugares","86014050","86014050","Santos Lugares","Santos Lugares","86","Santiago del Estero"
"Localidad simple",-26.119210389,-63.704038251,"86056","Copo","INDEC","866413","San José del Boquerón","86056080","86056080","San José del Boquerón","San José del Boquerón","86","Santiago del Estero"
"Localidad simple",-26.724041906,-64.396364883,"86091","Jiménez","INDEC","866154","El Bobadal","86091010","86091010","El Bobadal","El Bobadal","86","Santiago del Estero"
"Localidad simple",-26.770692324,-64.602874475,"86091","Jiménez","INDEC","866483","El Arenal","86091005","86091005","El Arenal","El Arenal","86","Santiago del Estero"
"Localidad simple",-26.723644116,-64.445591832,"86091","Jiménez","INDEC","","","86091030","86091030","El Rincón","El Rincón","86","Santiago del Estero"
"Localidad simple",-26.743619738,-64.391226927,"86091","Jiménez","INDEC","","","86091080","86091080","San Pedro","San Pedro","86","Santiago del Estero"
"Localidad simple",-26.393318495,-64.505051276,"86133","Pellegrini","INDEC","866553","Rapelli","86133050","86133050","Rapelli","Rapelli","86","Santiago del Estero"
"Localidad simple",-26.200185358,-64.240017551,"86133","Pellegrini","INDEC","860147","Nueva Esperanza","86133030","86133030","Nueva Esperanza","Nueva Esperanza","86","Santiago del Estero"
"Localidad simple",-26.40980926,-64.337061103,"86133","Pellegrini","INDEC","866539","Pozo Betbeder","86133040","86133040","Pozo Betbeder","Pozo Betbeder","86","Santiago del Estero"
"Localidad simple",-26.676914487,-64.005896675,"86133","Pellegrini","INDEC","866532","Las Delicias","86133020","86133020","Las Delicias","Las Delicias","86","Santiago del Estero"
"Localidad simple",-26.216364113,-63.777496279,"86133","Pellegrini","INDEC","866555","Santo Domingo","86133060","86133060","Santo Domingo","Santo Domingo","86","Santiago del Estero"
"Localidad simple",-26.09273929,-64.309154398,"86133","Pellegrini","INDEC","866210","El Mojón","86133010","86133010","El Mojón","El Mojón","86","Santiago del Estero"
"Localidad simple",-26.500473448,-64.743672253,"90007","Burruyacú","INDEC","900007","Burruyacú","90007100","90007100","Villa Burruyacú","Villa Burruyacú","90","Tucumán"
"Localidad simple",-26.288189418,-64.501376264,"90007","Burruyacú","INDEC","908007","7 de Abril","90007080","90007080","7 de Abril","7 de Abril","90","Tucumán"
"Localidad simple",-26.738347334,-64.648161101,"90007","Burruyacú","INDEC","908049","Gobernador Piedrabuena","90007070","90007070","Gobernador Piedrabuena","Piedrabuena","90","Tucumán"
"Localidad simple",-26.568539613,-64.557527327,"90007","Burruyacú","INDEC","908042","Garmendia","90007040","90007040","Garmendia","Garmendia","90","Tucumán"
"Localidad simple",-26.556059988,-64.797717572,"90007","Burruyacú","INDEC","908063","Benjamín Aráoz y El Tajamar","90007090","90007090","Villa Benjamín Aráoz","Villa Benjamín Aráoz","90","Tucumán"
"Localidad simple",-37.15047026,-64.011525376,"42007","Atreucó","INDEC","420112","Doblas","42007010","42007010","Doblas","Doblas","42","La Pampa"
"Localidad simple",-36.856394935,-63.687825606,"42007","Atreucó","INDEC","420259","Miguel Riglos","42007030","42007030","Miguel Riglos","Miguel Riglos","42","La Pampa"
"Componente de localidad compuesta",-38.985330267,-64.090534318,"42014","Caleu Caleu","INDEC","","","42014020","42014020","La Adela","La Adela","42","La Pampa"
"Localidad simple",-36.52683804,-64.011702843,"42021","Capital","INDEC","420028","Anguil","42021010","42021010","Anguil","Anguil","42","La Pampa"
"Componente de localidad compuesta",-36.620401195,-64.290630036,"42021","Capital","INDEC","420336","Santa Rosa","42021020","42021020","Santa Rosa","Santa Rosa","42","La Pampa"
"Localidad simple",-35.916063084,-64.295575748,"42035","Conhelo","INDEC","420119","Eduardo Castex","42035020","42035020","Eduardo Castex","Eduardo Castex","42","La Pampa"
"Localidad simple",-36.227465675,-64.233507343,"42035","Conhelo","INDEC","420413","Winifreda","42035060","42035060","Winifreda","Winifreda","42","La Pampa"
"Localidad simple",-36.000531872,-64.5985082,"42035","Conhelo","INDEC","420098","Conhelo","42035010","42035010","Conhelo","Conhelo","42","La Pampa"
"Localidad simple",-36.211535014,-64.033135808,"42035","Conhelo","INDEC","420238","Mauricio Mayer","42035030","42035030","Mauricio Mayer","Mauricio Mayer","42","La Pampa"
"Localidad simple",-35.861584512,-64.153174325,"42035","Conhelo","INDEC","420266","Monte Nievas","42035040","42035040","Monte Nievas","Monte Nievas","42","La Pampa"
"Localidad simple",-36.041797074,-64.835721092,"42035","Conhelo","INDEC","425133","Rucanelo","42035050","42035050","Rucanelo","Rucanelo","42","La Pampa"
"Localidad simple",-37.661208179,-64.139246013,"42070","Guatraché","INDEC","425105","Perú","42070040","42070040","Perú","Perú","42","La Pampa"
"Localidad simple",-37.376833032,-63.773233062,"42070","Guatraché","INDEC","420014","Alpachiri","42070010","42070010","Alpachiri","Alpachiri","42","La Pampa"
"Localidad simple",-37.896563792,-63.850434502,"42077","Hucal","INDEC","420007","Abramo","42077010","42077010","Abramo","Abramo","42","La Pampa"
"Localidad simple",-37.978881474,-63.603493006,"42077","Hucal","INDEC","420154","General San Martín","42077030","42077030","General San Martín","General San Martín","42","La Pampa"
"Localidad simple",-37.791142028,-64.025253659,"42077","Hucal","INDEC","420007","Abramo","42077040","42077040","Hucal","Hucal","42","La Pampa"
"Localidad simple",-38.333678475,-64.642252696,"42084","Lihuel Calel","INDEC","425042","Cuchillo Có","42084010","42084010","Cuchillo Co","Cuchillo Co","42","La Pampa"
"Localidad simple",-36.264278421,-65.511173929,"42098","Loventué","INDEC","420350","Telén","42098040","42098040","Telén","Telén","42","La Pampa"
"Localidad simple",-36.474925731,-65.344656492,"42098","Loventué","INDEC","420070","Carro Quemado","42098010","42098010","Carro Quemado","Carro Quemado","42","La Pampa"
"Localidad simple",-36.188895393,-65.289332461,"42098","Loventué","INDEC","425091","Loventué","42098020","42098020","Loventuel","Loventué","42","La Pampa"
"Localidad simple",-36.203952675,-65.099651136,"42098","Loventué","INDEC","420224","Luan Toro","42098030","42098030","Luan Toro","Luan Toro","42","La Pampa"
"Localidad simple",-36.117051446,-63.904070861,"42119","Quemú Quemú","INDEC","420091","Colonia Barón","42119020","42119020","Colonia San José","Colonia San José","42","La Pampa"
"Localidad simple",-36.076368862,-63.886324148,"42119","Quemú Quemú","INDEC","420406","Villa Mirasol","42119060","42119060","Villa Mirasol","Villa Mirasol","42","La Pampa"
"Localidad simple",-35.703461222,-65.102967862,"42126","Rancul","INDEC","420210","La Maruja","42126020","42126020","Ingeniero Foster","Ingeniero Foster","42","La Pampa"
"Localidad simple",-35.67387896,-64.942139647,"42126","Rancul","INDEC","420210","La Maruja","42126030","42126030","La Maruja","La Maruja","42","La Pampa"
"Localidad simple",-35.648606694,-64.769781949,"42126","Rancul","INDEC","425112","Pichi Huinca","42126050","42126050","Pichi Huinca","Pichi Huinca","42","La Pampa"
"Localidad simple",-36.747396152,-64.367390702,"42140","Toay","INDEC","420357","Toay","42140005","42140005","Cachirulo","Cachirulo","42","La Pampa"
"Localidad simple",-37.12182235,-64.51517673,"42154","Utracán","INDEC","420294","Quehué","42154050","42154050","Quehué","Quehué","42","La Pampa"
"Localidad simple",-37.031809218,-64.285339598,"42154","Utracán","INDEC","420042","Ataliva Roca","42154010","42154010","Ataliva Roca","Ataliva Roca","42","La Pampa"
"Localidad simple",-37.494790658,-64.224116759,"42154","Utracán","INDEC","425028","Colonia Santa María","42154030","42154030","Colonia Santa María","Colonia Santa María","42","La Pampa"
"Localidad simple",-37.378212777,-64.604218734,"42154","Utracán","INDEC","420133","General Acha","42154040","42154040","General Acha","General Acha","42","La Pampa"
"Localidad simple",-37.544152276,-64.351256122,"42154","Utracán","INDEC","425154","Unanué","42154060","42154060","Unanué","Unanué","42","La Pampa"
"Componente de localidad compuesta",-38.9908343,-64.095825075,"62063","Pichi Mahuida","INDEC","620210","Río Colorado","62063020","62063020","Río Colorado","Río Colorado","62","Río Negro"
"Localidad simple",-38.831969747,-64.9340278,"62063","Pichi Mahuida","INDEC","625133","Pichi Mahuida","62063017","62063017","Pichi Mahuida","Pichi Mahuida","62","Río Negro"
"Localidad simple",-38.823999055,-64.820730936,"62063","Pichi Mahuida","INDEC","620210","Río Colorado","62063060","62063060","Salto Andersen","Salto Andersen","62","Río Negro"
"Localidad simple",-35.675709553,-65.424639083,"74042","Gobernador Dupuy","INDEC","746147","Anchorena","74042010","74042010","Anchorena","Anchorena","74","San Luis"
"Localidad simple",-35.725078491,-65.320487582,"74042","Gobernador Dupuy","INDEC","746154","Arizona","74042020","74042020","Arizona","Arizona","74","San Luis"
"Localidad simple",-26.333687024,-54.624609626,"54042","Eldorado","INDEC","540147","Colonia Victoria","54042010","54042010","Colonia Victoria","Colonia Victoria","54","Misiones"
"Localidad simple",-26.237282954,-54.602896419,"54042","Eldorado","INDEC","540140","Colonia Delicia","54042030","54042030","María Magdalena","María Magdalena","54","Misiones"
"Localidad simple",-26.181728708,-54.591216449,"54042","Eldorado","INDEC","540140","Colonia Delicia","54042035","54042035","Nueva Delicia","Nueva Delicia","54","Misiones"
"Localidad simple",-26.430280529,-54.466472426,"54042","Eldorado","INDEC","540161","9 de Julio","54042040","54042040","9 de Julio Kilómetro 28","9 de Julio Kilómetro 28","54","Misiones"
"Localidad simple",-26.414716415,-54.495858794,"54042","Eldorado","INDEC","540161","9 de Julio","54042050","54042050","9 de Julio Kilómetro 20","9 de Julio Kilómetro 20","54","Misiones"
"Localidad simple",-26.243414744,-54.591222969,"54042","Eldorado","INDEC","540140","Colonia Delicia","54042055","54042055","Pueblo Nuevo","Pueblo Nuevo","54","Misiones"
"Localidad simple",-26.229744172,-54.623547911,"54042","Eldorado","INDEC","540140","Colonia Delicia","54042060","54042060","Puerto Mado","Puerto Mado","54","Misiones"
"Localidad simple",-26.427338969,-54.682964258,"54042","Eldorado","INDEC","540154","Eldorado","54042070","54042070","Puerto Pinares","Puerto Pinares","54","Misiones"
"Localidad simple",-26.384422433,-54.463462173,"54042","Eldorado","INDEC","540161","9 de Julio","54042090","54042090","Valle Hermoso","Valle Hermoso","54","Misiones"
"Localidad simple",-26.442368819,-54.640468772,"54042","Eldorado","INDEC","540154","Eldorado","54042100","54042100","Villa Roulet","Villa Roulet","54","Misiones"
"Localidad simple",-26.40118992,-54.415647354,"54042","Eldorado","INDEC","540168","Santiago de Liniers","54042080","54042080","Santiago de Liniers","Santiago de Liniers","54","Misiones"
"Localidad simple",-26.408876964,-54.60705304,"54042","Eldorado","INDEC","540154","Eldorado","54042020","54042020","Eldorado","Eldorado","54","Misiones"
"Localidad simple",-25.667164844,-54.049861747,"54049","General Manuel Belgrano","INDEC","540182","Comandante Andresito","54049010","54049010","Comandante Andresito","Comandante Andresito","54","Misiones"
"Localidad simple",-25.68213426,-54.141360061,"54049","General Manuel Belgrano","INDEC","540182","Comandante Andresito","54049025","54049025","Caburei","Caburei","54","Misiones"
"Localidad simple",-26.293079427,-53.756929936,"54049","General Manuel Belgrano","INDEC","540175","Bernardo de Irigoyen","54049030","54049030","Dos Hermanas","Dos Hermanas","54","Misiones"
"Localidad simple",-25.770961345,-53.855180906,"54049","General Manuel Belgrano","INDEC","540182","Comandante Andresito","54049040","54049040","Integración","Integración","54","Misiones"
"Localidad simple",-25.596214401,-54.002414243,"54049","General Manuel Belgrano","INDEC","540182","Comandante Andresito","54049045","54049045","Puerto Andresito","Puerto Andresito","54","Misiones"
"Localidad simple",-25.785836198,-54.038953983,"54049","General Manuel Belgrano","INDEC","540182","Comandante Andresito","54049047","54049047","Puerto Deseado","Puerto Deseado","54","Misiones"
"Localidad simple",-26.057370901,-53.734119528,"54049","General Manuel Belgrano","INDEC","540189","San Antonio","54049050","54049050","San Antonio","San Antonio","54","Misiones"
"Localidad simple",-25.933114576,-53.932962201,"54049","General Manuel Belgrano","INDEC","540189","San Antonio","54049043","54049043","Piñalito Norte","Piñalito Norte","54","Misiones"
"Localidad simple",-26.255330197,-53.646734574,"54049","General Manuel Belgrano","INDEC","540175","Bernardo de Irigoyen","54049020","54049020","Bernardo de Irigoyen","Bernardo de Irigoyen","54","Misiones"
"Localidad simple",-25.921468152,-54.584317606,"54063","Iguazú","INDEC","540224","Libertad","54063020","54063020","Puerto Libertad","Puerto Libertad","54","Misiones"
"Localidad simple",-25.597210098,-54.577223001,"54063","Iguazú","INDEC","540217","Puerto Iguazú","54063030","54063030","Puerto Iguazú","Puerto Iguazú","54","Misiones"
"Localidad simple",-25.944195774,-54.544941067,"54063","Iguazú","INDEC","540224","Libertad","54063035","54063035","Villa Cooperativa","Villa Cooperativa","54","Misiones"
"Localidad simple",-26.020612398,-54.615201171,"54063","Iguazú","INDEC","540210","Puerto Esperanza","54063010","54063010","Puerto Esperanza","Puerto Esperanza","54","Misiones"
"Localidad simple",-25.973366376,-54.563039701,"54063","Iguazú","INDEC","540231","Colonia Wanda","54063040","54063040","Colonia Wanda","Colonia Wanda","54","Misiones"
"Localidad simple",-26.550296954,-54.68054517,"54084","Montecarlo","INDEC","540343","Montecarlo","54084003","54084003","Barrio Cuatro Bocas","Barrio Cuatro Bocas","54","Misiones"
"Localidad simple",-26.60552401,-54.69870744,"54084","Montecarlo","INDEC","540343","Montecarlo","54084005","54084005","Barrio Guatambú","Barrio Guatambu","54","Misiones"
"Localidad simple",-26.5295241,-54.706804918,"54084","Montecarlo","INDEC","540343","Montecarlo","54084007","54084007","Barrio Itá","Bario Ita","54","Misiones"
"Localidad simple",-26.53539118,-54.649738878,"54084","Montecarlo","INDEC","540343","Montecarlo","54084020","54084020","Laharrague","Laharrague","54","Misiones"
"Localidad simple",-26.56665372,-54.766126798,"54084","Montecarlo","INDEC","540343","Montecarlo","54084030","54084030","Montecarlo","Montecarlo","54","Misiones"
"Localidad simple",-26.516051107,-54.591418606,"54084","Montecarlo","INDEC","540350","Puerto Piray","54084040","54084040","Piray Kilómetro 18","Piray Kilómetro 18","54","Misiones"
"Localidad simple",-26.498904587,-54.678301269,"54084","Montecarlo","INDEC","540343","Montecarlo","54084070","54084070","Villa Parodi","Villa Parodi","54","Misiones"
"Localidad simple",-26.467338607,-54.718026749,"54084","Montecarlo","INDEC","540350","Puerto Piray","54084050","54084050","Puerto Piray","Puerto Piray","54","Misiones"
"Localidad simple",-26.426102248,-53.84143004,"54112","San Pedro","INDEC","540504","San Pedro","54112030","54112030","Piñalito Sur","Piñalito Sur","54","Misiones"
"Localidad simple",-26.625531405,-54.116301908,"54112","San Pedro","INDEC","540504","San Pedro","54112040","54112040","San Pedro","San Pedro","54","Misiones"
"Localidad simple",-26.469972895,-53.89112617,"54112","San Pedro","INDEC","540504","San Pedro","54112050","54112050","Tobuna","Tobuna","54","Misiones"
"Localidad simple",-26.54209914,-53.941879089,"54112","San Pedro","INDEC","540504","San Pedro","54112010","54112010","Cruce Caballero","Cruce Caballero","54","Misiones"
"Localidad simple",-29.525240142,-68.562746154,"46028","General Felipe Varela","INDEC","460028","General Felipe Varela","46028020","46028020","Guandacol","Guandacol","46","La Rioja"
"Localidad simple",-30.057247494,-69.174124635,"70049","Iglesia","INDEC","700049","Iglesia","70049010","70049010","Angualasto","Angualasto","70","San Juan"
"Localidad simple",-30.280225404,-69.22794667,"70049","Iglesia","INDEC","700049","Iglesia","70049050","70049050","Pismanta","Pismanta","70","San Juan"
"Localidad simple",-30.21015899,-69.131594182,"70049","Iglesia","INDEC","700049","Iglesia","70049060","70049060","Rodeo","Rodeo","70","San Juan"
"Localidad simple",-30.188156041,-69.270738713,"70049","Iglesia","INDEC","700049","Iglesia","70049070","70049070","Tudcum","Tudcum","70","San Juan"
"Localidad simple",-30.411056912,-69.223702082,"70049","Iglesia","INDEC","700049","Iglesia","70049030","70049030","Iglesia - Bella Vista","Iglesia","70","San Juan"
"Localidad simple",-30.322485159,-69.204300813,"70049","Iglesia","INDEC","700049","Iglesia","70049040","70049040","Las Flores","Las Flores","70","San Juan"
"Localidad simple",-30.218139634,-68.688163453,"70056","Jáchal","INDEC","700056","Jáchal","70056060","70056060","Pampa Vieja","Pampa Vieja","70","San Juan"
"Localidad simple",-30.408903787,-68.691347018,"70056","Jáchal","INDEC","700056","Jáchal","70056050","70056050","Niquivil","Niquivil","70","San Juan"
"Localidad simple",-30.222074254,-68.733909208,"70056","Jáchal","INDEC","700056","Jáchal","70056100","70056100","Villa Malvinas Argentinas","Villa Malvinas Argentinas","70","San Juan"
"Localidad simple",-30.241746076,-68.746456479,"70056","Jáchal","INDEC","700056","Jáchal","70056080","70056080","San José de Jáchal","San José de Jáchal","70","San Juan"
"Localidad simple",-30.12035846,-68.728187717,"70056","Jáchal","INDEC","700056","Jáchal","70056020","70056020","Gran China","Gran China","70","San Juan"
"Localidad simple",-30.127014454,-68.681440327,"70056","Jáchal","INDEC","700056","Jáchal","70056010","70056010","El Médano","El Médano","70","San Juan"
"Localidad simple",-30.141216027,-68.705885621,"70056","Jáchal","INDEC","700056","Jáchal","70056070","70056070","San Isidro","San Isidro","70","San Juan"
"Localidad simple",-30.183024024,-68.726012501,"70056","Jáchal","INDEC","700056","Jáchal","70056090","70056090","Tamberías","Tamberías","70","San Juan"
"Localidad simple",-30.108374383,-68.703200258,"70056","Jáchal","INDEC","700056","Jáchal","70056110","70056110","Villa Mercedes","Villa Mercedes","70","San Juan"
"Localidad simple",-30.157754601,-68.482427596,"70056","Jáchal","INDEC","700056","Jáchal","70056030","70056030","Huaco","Huaco","70","San Juan"
"Localidad simple",-27.53497313,-66.505336894,"10021","Andalgalá","INDEC","100049","Andalgalá","10021010","10021010","Amanao","Amanao","10","Catamarca"
"Localidad simple",-26.982863601,-66.73906362,"10035","Belén","INDEC","100119","Villa Vil","10035010","10035010","Barranca Larga","Barranca Larga","10","Catamarca"
"Localidad simple",-27.649529254,-67.026316606,"10035","Belén","INDEC","100063","Belén","10035020","10035020","Belén","Belén","10","Catamarca"
"Localidad simple",-27.493250806,-67.102088563,"10035","Belén","INDEC","100091","Pozo de Piedra","10035030","10035030","Cóndor Huasi","Cóndor Huasi","10","Catamarca"
"Localidad simple",-27.144801068,-66.944758604,"10035","Belén","INDEC","100070","Corral Quemado","10035040","10035040","Corral Quemado","Corral Quemado","10","Catamarca"
"Localidad simple",-27.247233272,-67.032218894,"10035","Belén","INDEC","100098","Puerta de Corral Quemado","10035050","10035050","El Durazno","El Durazno","10","Catamarca"
"Localidad simple",-27.304162374,-66.682243063,"10035","Belén","INDEC","100077","Hualfín","10035060","10035060","Farallón Negro","Farallón Negro","10","Catamarca"
"Localidad simple",-27.224766793,-66.833999277,"10035","Belén","INDEC","100077","Hualfín","10035070","10035070","Hualfín","Hualfín","10","Catamarca"
"Localidad simple",-27.242435068,-67.00835087,"10035","Belén","INDEC","100098","Puerta de Corral Quemado","10035080","10035080","Jacipunco","Jacipunco","10","Catamarca"
"Localidad simple",-27.685016844,-66.993662112,"10035","Belén","INDEC","100063","Belén","10035090","10035090","La Puntilla","La Puntilla","10","Catamarca"
"Localidad simple",-27.535958633,-67.117313312,"10035","Belén","INDEC","100091","Pozo de Piedra","10035100","10035100","Las Juntas","Las Juntas","10","Catamarca"
"Localidad simple",-27.712565859,-67.135512149,"10035","Belén","INDEC","100084","Londres","10035110","10035110","Londres","Londres","10","Catamarca"
"Localidad simple",-27.164345821,-66.735515411,"10035","Belén","INDEC","100077","Hualfín","10035120","10035120","Los Nacimientos","Los Nacimientos","10","Catamarca"
"Localidad simple",-27.227608827,-66.932820508,"10035","Belén","INDEC","100098","Puerta de Corral Quemado","10035130","10035130","Puerta de Corral Quemado","Puerta de Corral Quemado","10","Catamarca"
"Localidad simple",-27.548030426,-67.005240538,"10035","Belén","INDEC","100105","Puerta de San José","10035140","10035140","Puerta de San José","Puerta de San José","10","Catamarca"
"Localidad simple",-27.093516712,-66.822059796,"10035","Belén","INDEC","100119","Villa Vil","10035150","10035150","Villa Vil","Villa Vil","10","Catamarca"
"Localidad simple",-27.908814253,-67.621922618,"10105","Tinogasta","INDEC","100231","Tinogasta","10105010","10105010","Anillaco","Anillaco","10","Catamarca"
"Localidad simple",-28.176530983,-67.488018705,"10105","Tinogasta","INDEC","100231","Tinogasta","10105050","10105050","Copacabana","Copacabana","10","Catamarca"
"Localidad simple",-27.955033347,-67.63367979,"10105","Tinogasta","INDEC","100231","Tinogasta","10105090","10105090","El Puesto","El Puesto","10","Catamarca"
"Localidad simple",-27.692193352,-67.618906389,"10105","Tinogasta","INDEC","100224","Fiambalá","10105110","10105110","Fiambalá","Fiambalá","10","Catamarca"
"Localidad simple",-27.524240463,-67.591287799,"10105","Tinogasta","INDEC","100224","Fiambalá","10105130","10105130","Medanitos","Medanitos","10","Catamarca"
"Localidad simple",-27.334929203,-67.754981184,"10105","Tinogasta","INDEC","100224","Fiambalá","10105140","10105140","Palo Blanco","Palo Blanco","10","Catamarca"
"Localidad simple",-27.570873215,-67.62199421,"10105","Tinogasta","INDEC","100224","Fiambalá","10105160","10105160","Saujil","Saujil","10","Catamarca"
"Localidad simple",-28.065561631,-67.564368979,"10105","Tinogasta","INDEC","100231","Tinogasta","10105180","10105180","Tinogasta","Tinogasta","10","Catamarca"
"Localidad simple",-26.079568398,-65.393091519,"66084","La Candelaria","INDEC","660203","El Jardín","66084010","66084010","El Jardín","El Jardín","66","Salta"
"Localidad simple",-26.112211595,-65.277838621,"66084","La Candelaria","INDEC","660210","El Tala","66084020","66084020","El Tala","El Tala","66","Salta"
"Localidad simple",-26.127343301,-65.051322103,"66084","La Candelaria","INDEC","660217","La Candelaria","66084030","66084030","La Candelaria","La Candelaria","66","Salta"
"Localidad simple",-25.798563422,-64.973858091,"66140","Rosario de la Frontera","INDEC","660357","Rosario de la Frontera","66140050","66140050","Rosario de la Frontera","Rosario de la Frontera","66","Salta"
"Localidad simple",-25.722202714,-65.013832095,"66140","Rosario de la Frontera","INDEC","660357","Rosario de la Frontera","66140030","66140030","El Naranjo","El Naranjo","66","Salta"
"Localidad simple",-26.730461086,-65.010723352,"90007","Burruyacú","INDEC","908014","El Chañar","90007060","90007060","Macomitas","Macomitas","90","Tucumán"
"Localidad simple",-26.661741843,-65.048804621,"90007","Burruyacú","INDEC","908021","El Naranjo y El Sunchal","90007030","90007030","El Naranjo","El Naranjo","90","Tucumán"
"Localidad simple",-26.757358499,-65.067964533,"90007","Burruyacú","INDEC","908014","El Chañar","90007020","90007020","El Chañar","El Chañar","90","Tucumán"
"Localidad simple",-26.510534931,-64.994619008,"90007","Burruyacú","INDEC","908070","Villa Padre Monti","90007110","90007110","Villa Padre Monti","Villa Padre Monti","90","Tucumán"
"Localidad simple",-26.718014789,-65.225378256,"90105","Tafí Viejo","INDEC","908616","Los Nogales","90105030","90105030","Los Nogales","Barrio Mutual San Martín","90","Tucumán"
"Localidad simple",-26.631866154,-65.207106215,"90105","Tafí Viejo","INDEC","908602","El Cadillal","90105070","90105070","El Cadillal","El Cadillal","90","Tucumán"
"Localidad simple",-26.729982822,-65.262843936,"90105","Tafí Viejo","INDEC","900119","Tafí Viejo","90105080","90105080","Tafí Viejo","Tafí Viejo","90","Tucumán"
"Localidad simple",-26.230908163,-65.283446639,"90112","Trancas","INDEC","900126","Trancas","90112030","90112030","Villa de Trancas","Villa de Trancas","90","Tucumán"
"Localidad simple",-26.234960848,-65.494765768,"90112","Trancas","INDEC","908630","San Pedro de Colalao","90112020","90112020","San Pedro de Colalao","San Pedro de Colalao","90","Tucumán"
"Localidad simple",-26.4112743,-65.319956994,"90112","Trancas","INDEC","908623","Choromoro","90112010","90112010","Choromoro","Choromoro","90","Tucumán"
"Localidad simple",-26.767972753,-65.272409063,"90119","Yerba Buena","INDEC","908644","Cevil Redondo","90119020","90119020","Cevil Redondo","Villa Carmela","90","Tucumán"
"Localidad simple",-37.44901788,-63.11715636,"06007","Adolfo Alsina","INDEC","060007","Adolfo Alsina","06007020","06007020","Colonia San Miguel Arcángel","Colonia San Miguel Arcángel","06","Buenos Aires"
"Localidad simple",-37.32110752,-63.234384727,"06007","Adolfo Alsina","INDEC","060007","Adolfo Alsina","06007030","06007030","Delfín Huergo","Delfín Huergo","06","Buenos Aires"
"Localidad simple",-37.455836511,-63.25431155,"06007","Adolfo Alsina","INDEC","060007","Adolfo Alsina","06007050","06007050","Esteban Agustín Gascón - Villa Margarita","Esteban Agustín Gascón","06","Buenos Aires"
"Localidad simple",-36.663920357,-63.366465604,"06007","Adolfo Alsina","INDEC","060007","Adolfo Alsina","06007060","06007060","La Pala","La Pala","06","Buenos Aires"
"Localidad simple",-36.800316053,-63.339281172,"06007","Adolfo Alsina","INDEC","060007","Adolfo Alsina","06007070","06007070","Maza","Maza","06","Buenos Aires"
"Localidad simple",-37.160596744,-63.241789724,"06007","Adolfo Alsina","INDEC","060007","Adolfo Alsina","06007080","06007080","Rivera","Rivera","06","Buenos Aires"
"Localidad simple",-36.987320407,-63.132027906,"06007","Adolfo Alsina","INDEC","060007","Adolfo Alsina","06007110","06007110","Yutuyaco","Yutuyaco","06","Buenos Aires"
"Localidad simple",-36.34714827,-61.254035044,"06105","Bolívar","INDEC","060105","Bolívar","06105020","06105020","Juan Francisco Ibarra","Juan F. Ibarra","06","Buenos Aires"
"Localidad simple",-36.503570818,-61.024831384,"06105","Bolívar","INDEC","060105","Bolívar","06105040","06105040","Paula","Paula","06","Buenos Aires"
"Localidad simple",-36.510157487,-61.555518995,"06105","Bolívar","INDEC","060105","Bolívar","06105050","06105050","Pirovano","Pirovano","06","Buenos Aires"
"Localidad simple",-38.216477789,-61.314888842,"06196","Coronel Pringles","INDEC","060196","Coronel Pringles","06196030","06196030","El Pensamiento","El Pensamiento","06","Buenos Aires"
"Localidad simple",-38.330445704,-60.885241835,"06196","Coronel Pringles","INDEC","060196","Coronel Pringles","06196040","06196040","Indio Rico","Indio Rico","06","Buenos Aires"
"Localidad simple",-37.458528918,-61.932893831,"06203","Coronel Suárez","INDEC","060203","Coronel Suárez","06203020","06203020","Coronel Suárez","Coronel Suárez","06","Buenos Aires"
"Localidad simple",-37.058875263,-61.932541117,"06203","Coronel Suárez","INDEC","060203","Coronel Suárez","06203050","06203050","Huanguelén","Huanguelén","06","Buenos Aires"
"Componente de localidad compuesta",-38.137030131,-61.78736281,"06203","Coronel Suárez","INDEC","060203","Coronel Suárez","06203100","06203100","Villa Arcadia","Villa La Arcadia","06","Buenos Aires"
"Localidad simple",-36.599632936,-61.747542406,"06231","Daireaux","INDEC","060231","Daireaux","06231030","06231030","Daireaux","Daireaux","06","Buenos Aires"
"Localidad simple",-37.359386906,-61.535744907,"06322","General La Madrid","INDEC","060322","General La Madrid","06322020","06322020","La Colina","La Colina","06","Buenos Aires"
"Localidad simple",-37.199198589,-61.122549744,"06322","General La Madrid","INDEC","060322","General La Madrid","06322030","06322030","Las Martinetas","Las Martinetas","06","Buenos Aires"
"Localidad simple",-37.532154726,-61.285266621,"06322","General La Madrid","INDEC","060322","General La Madrid","06322040","06322040","Líbano","Líbano","06","Buenos Aires"
"Localidad simple",-37.082157219,-62.540308804,"06399","Guaminí","INDEC","060399","Guaminí","06399010","06399010","Arroyo Venado","Arroyo Venado","06","Buenos Aires"
"Localidad simple",-37.010920943,-62.422249738,"06399","Guaminí","INDEC","060399","Guaminí","06399040","06399040","Guaminí","Guaminí","06","Buenos Aires"
"Localidad simple",-37.544226005,-60.801027326,"06448","Laprida","INDEC","060448","Laprida","06448010","06448010","Laprida","Laprida","06","Buenos Aires"
"Localidad simple",-37.523701213,-60.774082604,"06448","Laprida","INDEC","060448","Laprida","06448020","06448020","Pueblo Nuevo","Pueblo Nuevo","06","Buenos Aires"
"Localidad simple",-37.228861355,-60.961042342,"06448","Laprida","INDEC","060448","Laprida","06448030","06448030","Pueblo San Jorge","Pueblo San Jorge","06","Buenos Aires"
"Localidad simple",-36.534532454,-60.885392737,"06595","Olavarría","INDEC","060595","Olavarría","06595010","06595010","Blancagrande","Blancagrande","06","Buenos Aires"
"Localidad simple",-36.412958282,-60.673148957,"06595","Olavarría","INDEC","060595","Olavarría","06595050","06595050","Espigas","Espigas","06","Buenos Aires"
"Localidad simple",-36.084476688,-61.722329392,"06609","Pehuajó","INDEC","060609","Pehuajó","06609050","06609050","Magdala","Magdala","06","Buenos Aires"
"Localidad simple",-36.227749125,-62.006738621,"06609","Pehuajó","INDEC","060609","Pehuajó","06609060","06609060","Mones Cazón","Mones Cazón","06","Buenos Aires"
"Localidad simple",-36.206099536,-63.077533215,"06616","Pellegrini","INDEC","060616","Pellegrini","06616010","06616010","Bocayuva","Bocayuva","06","Buenos Aires"
"Localidad simple",-36.340501894,-63.259674075,"06616","Pellegrini","INDEC","060616","Pellegrini","06616020","06616020","De Bary","De Bary","06","Buenos Aires"
"Localidad simple",-36.267914188,-63.1647219,"06616","Pellegrini","INDEC","060616","Pellegrini","06616030","06616030","Pellegrini","Pellegrini","06","Buenos Aires"
"Localidad simple",-37.704214793,-62.901286008,"06651","Puán","INDEC","060651","Puan","06651010","06651010","Azopardo","Azopardo","06","Buenos Aires"
"Localidad simple",-37.805514709,-63.043373578,"06651","Puán","INDEC","060651","Puan","06651020","06651020","Bordenave","Bordenave","06","Buenos Aires"
"Localidad simple",-37.689452998,-63.16102681,"06651","Puán","INDEC","060651","Puan","06651030","06651030","Darregueira","Darregueira","06","Buenos Aires"
"Localidad simple",-38.109915223,-62.914783052,"06651","Puán","INDEC","060651","Puan","06651050","06651050","Estela","Estela","06","Buenos Aires"
"Localidad simple",-38.009240659,-62.822420697,"06651","Puán","INDEC","060651","Puan","06651060","06651060","Felipe Solá","Felipe Solá","06","Buenos Aires"
"Localidad simple",-38.119493981,-62.726206118,"06651","Puán","INDEC","060651","Puan","06651070","06651070","López Lecube","López Lecube","06","Buenos Aires"
"Localidad simple",-37.548095016,-62.768336468,"06651","Puán","INDEC","060651","Puan","06651080","06651080","Puan","Puán","06","Buenos Aires"
"Localidad simple",-38.301759057,-62.981284931,"06651","Puán","INDEC","060651","Puan","06651090","06651090","San Germán","San Germán","06","Buenos Aires"
"Localidad simple",-38.171752954,-63.235342905,"06651","Puán","INDEC","060651","Puan","06651110","06651110","Villa Iris","Villa Iris","06","Buenos Aires"
"Localidad simple",-37.97686342,-62.332483625,"06700","Saavedra","INDEC","060700","Saavedra","06700020","06700020","Colonia San Martín","Colonia San Martín","06","Buenos Aires"
"Localidad simple",-37.942811479,-62.283088645,"06700","Saavedra","INDEC","060700","Saavedra","06700030","06700030","Dufaur","Dufaur","06","Buenos Aires"
"Componente de localidad compuesta",-37.361125596,-62.433850469,"06700","Saavedra","INDEC","060700","Saavedra","06700040","06700040","Espartillar","Espartillar","06","Buenos Aires"
"Localidad simple",-37.761376909,-62.348638891,"06700","Saavedra","INDEC","060700","Saavedra","06700070","06700070","Saavedra","Saavedra","06","Buenos Aires"
"Localidad simple",-36.569343012,-63.08811076,"06721","Salliqueló","INDEC","060721","Salliqueló","06721010","06721010","Quenumá","Quenumá","06","Buenos Aires"
"Localidad simple",-36.751513384,-62.959131142,"06721","Salliqueló","INDEC","060721","Salliqueló","06721020","06721020","Salliqueló","Salliqueló","06","Buenos Aires"
"Localidad simple",-38.337332028,-62.644585207,"06819","Tornquist","INDEC","060819","Tornquist","06819010","06819010","Chasicó","Chasicó","06","Buenos Aires"
"Localidad simple",-38.205223596,-61.76962818,"06819","Tornquist","INDEC","060819","Tornquist","06819020","06819020","Saldungaray","Saldungaray","06","Buenos Aires"
"Localidad simple",-38.101281418,-62.222954326,"06819","Tornquist","INDEC","060819","Tornquist","06819040","06819040","Tornquist","Tornquist","06","Buenos Aires"
"Localidad simple",-38.081944343,-61.92980529,"06819","Tornquist","INDEC","060819","Tornquist","06819070","06819070","Villa Ventana","Villa Ventana","06","Buenos Aires"
"Localidad simple",-36.463173212,-62.484727264,"06826","Trenque Lauquen","INDEC","060826","Trenque Lauquen","06826060","06826060","Trongé","Trongé","06","Buenos Aires"
"Localidad simple",-36.459189328,-62.862576171,"06847","Tres Lomas","INDEC","060847","Tres Lomas","06847020","06847020","Tres Lomas","Tres Lomas","06","Buenos Aires"
"Localidad simple",-37.166579495,-63.415025086,"42007","Atreucó","INDEC","420322","Rolón","42007040","42007040","Rolón","Rolón","42","La Pampa"
"Localidad simple",-37.13697913,-63.666738846,"42007","Atreucó","INDEC","420231","Macachín","42007020","42007020","Macachín","Macachín","42","La Pampa"
"Localidad simple",-36.840340864,-63.524822016,"42007","Atreucó","INDEC","420364","Tomás M. Anchorena","42007050","42007050","Tomás M. Anchorena","Tomás M. Anchorena","42","La Pampa"
"Localidad simple",-36.506320244,-63.860108974,"42028","Catriló","INDEC","420378","Uriburu","42028040","42028040","Uriburu","Uriburu","42","La Pampa"
"Localidad simple",-36.406677774,-63.423337095,"42028","Catriló","INDEC","420077","Catriló","42028010","42028010","Catriló","Catriló","42","La Pampa"
"Localidad simple",-36.508384139,-63.74310853,"42028","Catriló","INDEC","420378","Uriburu","42028020","42028020","La Gloria","La Gloria","42","La Pampa"
"Localidad simple",-36.466407933,-63.623614547,"42028","Catriló","INDEC","420217","Lonquimay","42028030","42028030","Lonquimay","Lonquimay","42","La Pampa"
"Localidad simple",-37.461454343,-63.585757519,"42070","Guatraché","INDEC","420140","General Campos","42070020","42070020","General Manuel J. Campos","General Manuel J. Campos","42","La Pampa"
"Localidad simple",-37.67072693,-63.535760653,"42070","Guatraché","INDEC","420161","Guatraché","42070030","42070030","Guatraché","Guatraché","42","La Pampa"
"Localidad simple",-37.574787179,-63.431318402,"42070","Guatraché","INDEC","420343","Colonia Santa Teresa","42070050","42070050","Santa Teresa","Santa Teresa","42","La Pampa"
"Localidad simple",-37.90225262,-63.74295358,"42077","Hucal","INDEC","420056","Bernasconi","42077020","42077020","Bernasconi","Bernasconi","42","La Pampa"
"Localidad simple",-38.082874555,-63.429437831,"42077","Hucal","INDEC","420182","Jacinto Aráuz","42077050","42077050","Jacinto Aráuz","Jacinto Aráuz","42","La Pampa"
"Localidad simple",-36.157183735,-63.512597853,"42119","Quemú Quemú","INDEC","420252","Miguel Cané","42119030","42119030","Miguel Cané","Miguel Cané","42","La Pampa"
"Localidad simple",-36.15361003,-63.85520472,"42119","Quemú Quemú","INDEC","420091","Colonia Barón","42119010","42119010","Colonia Barón","Colonia Barón","42","La Pampa"
"Localidad simple",-36.256504512,-63.448089295,"42119","Quemú Quemú","INDEC","425126","Relmo","42119050","42119050","Relmo","Relmo","42","La Pampa"
"Localidad simple",-23.342641372,-66.089744998,"38007","Cochinoca","INDEC","386007","Abdón Castro Tolay","38007010","38007010","Abdón Castro Tolay","Abdón Castro Tolay","38","Jujuy"
"Localidad simple",-23.217512301,-65.806865462,"38007","Cochinoca","INDEC","386014","Abralaite","38007035","38007035","Agua de Castilla","Agua de Castilla","38","Jujuy"
"Localidad simple",-22.986827916,-66.03292615,"38007","Cochinoca","INDEC","380014","Abra Pampa","38007040","38007040","Casabindo","Casabindo","38","Jujuy"
"Localidad simple",-22.745353774,-65.896077336,"38007","Cochinoca","INDEC","380014","Abra Pampa","38007050","38007050","Cochinoca","Cochinoca","38","Jujuy"
"Localidad simple",-23.286231168,-65.769884805,"38007","Cochinoca","INDEC","386014","Abralaite","38007063","38007063","Quebraleña","Quebraleña","38","Jujuy"
"Localidad simple",-23.10082688,-65.763575957,"38007","Cochinoca","INDEC","386014","Abralaite","38007067","38007067","Quera","Quera","38","Jujuy"
"Localidad simple",-23.385501256,-65.957052342,"38007","Cochinoca","INDEC","386007","Abdón Castro Tolay","38007070","38007070","Rinconadillas","Rinconadillas","38","Jujuy"
"Localidad simple",-23.319842977,-65.973953698,"38007","Cochinoca","INDEC","386007","Abdón Castro Tolay","38007080","38007080","San Francisco de Alfarcito","San Francisco de Alfarcito","38","Jujuy"
"Localidad simple",-23.126210411,-66.053166655,"38007","Cochinoca","INDEC","386007","Abdón Castro Tolay","38007085","38007085","Santa Ana de la Puna","Santa Ana de la Puna","38","Jujuy"
"Localidad simple",-23.532666814,-65.962601299,"38007","Cochinoca","INDEC","386007","Abdón Castro Tolay","38007090","38007090","Santuario de Tres Pozos","Santuario de Tres Pozos","38","Jujuy"
"Localidad simple",-22.897096889,-65.962885023,"38007","Cochinoca","INDEC","380014","Abra Pampa","38007095","38007095","Tambillos","Tambillos","38","Jujuy"
"Localidad simple",-23.189291006,-65.987514044,"38007","Cochinoca","INDEC","386007","Abdón Castro Tolay","38007100","38007100","Tusaquillas","Tusaquillas","38","Jujuy"
"Localidad simple",-22.462145248,-66.627967586,"38049","Rinconada","INDEC","386140","Cusi Cusi","38049010","38049010","Lagunillas de Farallón","Lagunillas de Farallón","38","Jujuy"
"Localidad simple",-22.325940637,-66.283946151,"38049","Rinconada","INDEC","386077","Rinconada","38049003","38049003","Casa Colorada","Casa Colorada","38","Jujuy"
"Localidad simple",-22.769417341,-66.440907644,"38049","Rinconada","INDEC","386070","Mina Pirquitas","38049007","38049007","Coyaguaima","Coyaguaima","38","Jujuy"
"Localidad simple",-22.52106523,-66.33768306,"38049","Rinconada","INDEC","386070","Mina Pirquitas","38049020","38049020","Liviara","Liviara","38","Jujuy"
"Localidad simple",-22.472262739,-66.484107555,"38049","Rinconada","INDEC","386070","Mina Pirquitas","38049025","38049025","Loma Blanca","Loma Blanca","38","Jujuy"
"Localidad simple",-22.687955422,-66.456375668,"38049","Rinconada","INDEC","386070","Mina Pirquitas","38049030","38049030","Nuevo Pirquitas","Nuevo Pirquitas","38","Jujuy"
"Localidad simple",-22.556887591,-66.356787167,"38049","Rinconada","INDEC","386070","Mina Pirquitas","38049035","38049035","Orosmayo","Orosmayo","38","Jujuy"
"Localidad simple",-22.4407002,-66.16715051,"38049","Rinconada","INDEC","386077","Rinconada","38049040","38049040","Rinconada","Rinconada","38","Jujuy"
"Localidad simple",-22.100628977,-65.86682231,"38077","Santa Catalina","INDEC","386133","Cieneguillas","38077030","38077030","Cieneguillas","Cieneguillas","38","Jujuy"
"Localidad simple",-22.259912244,-66.367987167,"38077","Santa Catalina","INDEC","386147","Santa Catalina","38077060","38077060","Misarrumi","Misarrumi","38","Jujuy"
"Localidad simple",-21.977680938,-65.896059523,"38077","Santa Catalina","INDEC","386133","Cieneguillas","38077010","38077010","Casira","Casira","38","Jujuy"
"Localidad simple",-22.178561881,-66.412569134,"38077","Santa Catalina","INDEC","386140","Cusi Cusi","38077020","38077020","Ciénega de Paicone","Ciénega de Paicone","38","Jujuy"
"Localidad simple",-22.340338272,-66.493487093,"38077","Santa Catalina","INDEC","386140","Cusi Cusi","38077040","38077040","Cusi Cusi","Cusi Cusi","38","Jujuy"
"Localidad simple",-21.876801534,-66.18856281,"38077","Santa Catalina","INDEC","386147","Santa Catalina","38077045","38077045","El Angosto","El Angosto","38","Jujuy"
"Localidad simple",-21.962300012,-66.262741633,"38077","Santa Catalina","INDEC","386147","Santa Catalina","38077050","38077050","La Ciénega","La Ciénega","38","Jujuy"
"Localidad simple",-22.098918212,-66.132468655,"38077","Santa Catalina","INDEC","386147","Santa Catalina","38077070","38077070","Oratorio","Oratorio","38","Jujuy"
"Localidad simple",-22.219546777,-66.424977404,"38077","Santa Catalina","INDEC","386140","Cusi Cusi","38077080","38077080","Paicone","Paicone","38","Jujuy"
"Localidad simple",-22.225686701,-66.248745385,"38077","Santa Catalina","INDEC","386147","Santa Catalina","38077090","38077090","San Juan de Oros","San Juan de Oros","38","Jujuy"
"Localidad simple",-21.94710868,-66.051768431,"38077","Santa Catalina","INDEC","386147","Santa Catalina","38077100","38077100","Santa Catalina","Santa Catalina","38","Jujuy"
"Localidad simple",-22.166953963,-66.024578042,"38077","Santa Catalina","INDEC","386133","Cieneguillas","38077110","38077110","Yoscaba","Yoscaba","38","Jujuy"
"Localidad simple",-23.393670145,-66.803092208,"38084","Susques","INDEC","386168","Susques","38084060","38084060","Olaroz Chico","Olaroz Chico","38","Jujuy"
"Localidad simple",-23.397540583,-66.367350613,"38084","Susques","INDEC","386168","Susques","38084100","38084100","Susques","Susques","38","Jujuy"
"Localidad simple",-23.564098731,-66.409950175,"38084","Susques","INDEC","386168","Susques","38084040","38084040","Huáncar","Huáncar","38","Jujuy"
"Localidad simple",-23.870126941,-67.004496869,"38084","Susques","INDEC","386154","Catua","38084010","38084010","Catua","Catua","38","Jujuy"
"Localidad simple",-23.013785241,-66.366647572,"38084","Susques","INDEC","386161","Coranzuli","38084020","38084020","Coranzuli","Coranzuli","38","Jujuy"
"Localidad simple",-23.083419667,-66.702216926,"38084","Susques","INDEC","386168","Susques","38084030","38084030","El Toro","El Toro","38","Jujuy"
"Localidad simple",-23.239863442,-67.018100442,"38084","Susques","INDEC","386168","Susques","38084045","38084045","Jama","Jama","38","Jujuy"
"Localidad simple",-23.26292392,-66.798517789,"38084","Susques","INDEC","386168","Susques","38084050","38084050","Mina Providencia","Mina Providencia","38","Jujuy"
"Localidad simple",-24.114148661,-66.719369464,"38084","Susques","INDEC","386168","Susques","38084055","38084055","Olacapato","Olacapato","38","Jujuy"
"Localidad simple",-23.765991183,-66.437379121,"38084","Susques","INDEC","386168","Susques","38084070","38084070","Pastos Chicos","Pastos Chicos","38","Jujuy"
"Localidad simple",-23.945562486,-66.48826389,"38084","Susques","INDEC","386168","Susques","38084080","38084080","Puesto Sey","Puesto Sey","38","Jujuy"
"Localidad simple",-23.230693154,-66.34277692,"38084","Susques","INDEC","386161","Coranzuli","38084090","38084090","San Juan de Quillaques","San Juan de Quillaqués","38","Jujuy"
"Localidad simple",-23.853706118,-65.831796631,"38098","Tumbaya","INDEC","386179","El Moreno","38098020","38098020","El Moreno","El Moreno","38","Jujuy"
"Localidad simple",-23.650504079,-66.288571502,"66091","La Poma","INDEC","660224","La Poma","66091010","66091010","Cobres","Cobres","66","Salta"
"Localidad simple",-24.467615273,-66.673566459,"66105","Los Andes","INDEC","660245","San Antonio de los Cobres","66105030","66105030","Santa Rosa de los Pastos Grandes","Santa Rosa de los Pastos Grandes","66","Salta"
"Localidad simple",-24.137486432,-66.718826415,"66105","Los Andes","INDEC","660245","San Antonio de los Cobres","66105010","66105010","Olacapato","Olacapato","66","Salta"
"Localidad simple",-24.216144277,-66.321064486,"66105","Los Andes","INDEC","660245","San Antonio de los Cobres","66105020","66105020","San Antonio de los Cobres","San Antonio de los Cobres","66","Salta"
"Localidad simple",-26.143715381,-59.59502918,"22084","Libertador General San Martín","INDEC","220294","Presidencia Roca","22084070","22084070","Presidencia Roca","Presidencia Roca","22","Chaco"
"Localidad simple",-25.408047924,-59.570759592,"34035","Patiño","INDEC","340091","Comandante Fontana","34035010","34035010","Bartolomé de las Casas","Bartolomé de las Casas","34","Formosa"
"Localidad simple",-24.643921202,-59.434058606,"34035","Patiño","INDEC","340119","Villa General Güemes","34035020","34035020","Colonia Sarmiento","Colonia Sarmiento","34","Formosa"
"Localidad simple",-25.330640381,-59.680989769,"34035","Patiño","INDEC","340091","Comandante Fontana","34035030","34035030","Comandante Fontana","Comandante Fontana","34","Formosa"
"Localidad simple",-25.040780484,-59.294241636,"34035","Patiño","INDEC","340112","General Manuel Belgrano","34035040","34035040","El Recreo","El Recreo","34","Formosa"
"Localidad simple",-24.55411179,-59.385116205,"34035","Patiño","INDEC","340119","Villa General Güemes","34035070","34035070","Fortín Sargento 1° Leyes","Fortín Sargento 1º Leyes","34","Formosa"
"Localidad simple",-25.732649819,-59.109808063,"34056","Pirané","INDEC","340245","Pirané","34056040","34056040","Pirané","Pirané","34","Formosa"
"Localidad simple",-24.755783305,-59.48851006,"34035","Patiño","INDEC","340119","Villa General Güemes","34035160","34035160","Villa General Güemes","Villa General Güemes","34","Formosa"
"Localidad simple",-24.938533856,-59.026389294,"34035","Patiño","INDEC","340112","General Manuel Belgrano","34035170","34035170","Villa General Manuel Belgrano","Villa General Manuel Belgrano","34","Formosa"
"Localidad simple",-26.204686883,-59.080025184,"34056","Pirané","INDEC","340231","Mayor Villafañe","34056010","34056010","Colonia Campo Villafañe","Colonia Campo Villafañe","34","Formosa"
"Localidad simple",-25.564593878,-59.337719095,"34056","Pirané","INDEC","340238","Palo Santo","34056030","34056030","Palo Santo","Palo Santo","34","Formosa"
"Localidad simple",-26.187165695,-59.367155479,"34056","Pirané","INDEC","340252","Villa Dos Trece","34056050","34056050","Villa Kilómetro 213","Villa Kilómetro 213","34","Formosa"
"Localidad simple",-32.384393729,-59.530847043,"30077","Nogoyá","INDEC","300280","Lucas González","30077060","30077060","Lucas González","Lucas González","30","Entre Ríos"
"Localidad simple",-32.087780098,-59.174731601,"30091","Tala","INDEC","309790","Altamirano Sur","30091010","30091010","Altamirano Sur","Altamirano Sur","30","Entre Ríos"
"Localidad simple",-31.985880782,-59.279294025,"30091","Tala","INDEC","303091","Durazno","30091020","30091020","Durazno","Durazno","30","Entre Ríos"
"Localidad simple",-32.393372197,-59.275889643,"30091","Tala","INDEC","303098","Gobernador Echagüe","30091040","30091040","Gobernador Echagüe","Gobernador Echagüe","30","Entre Ríos"
"Localidad simple",-32.336522574,-59.372785344,"30091","Tala","INDEC","303112","Gobernador Sola","30091060","30091060","Gobernador Sola","Gobernador Solá","30","Entre Ríos"
"Localidad simple",-32.081145325,-59.305953641,"30091","Tala","INDEC","303119","Guardamonte","30091070","30091070","Guardamonte","Guardamonte","30","Entre Ríos"
"Localidad simple",-32.470218809,-59.172925916,"30091","Tala","INDEC","309825","Las Guachas","30091080","30091080","Las Guachas","Las Guachas","30","Entre Ríos"
"Localidad simple",-32.174684219,-59.397970453,"30091","Tala","INDEC","300399","Maciá","30091090","30091090","Maciá","Maciá","30","Entre Ríos"
"Localidad simple",-32.300675506,-59.139066804,"30091","Tala","INDEC","300406","Rosario del Tala","30091100","30091100","Rosario del Tala","Rosario del Tala","30","Entre Ríos"
"Localidad simple",-32.372159979,-58.878671817,"30098","Uruguay","INDEC","300413","Basavilbaso","30098010","30098010","Basavilbaso","Basavilbaso","30","Entre Ríos"
"Localidad simple",-32.092103266,-58.957514648,"30098","Uruguay","INDEC","303161","Las Moscas","30098070","30098070","Las Moscas","Las Moscas","30","Entre Ríos"
"Localidad simple",-32.26189544,-58.90695289,"30098","Uruguay","INDEC","","","30098080","30098080","Líbaros","Líbaros","30","Entre Ríos"
"Localidad simple",-32.344663629,-58.973009669,"30098","Uruguay","INDEC","303175","Rocamora","30098110","30098110","Rocamora","Rocamora","30","Entre Ríos"
"Localidad simple",-32.174416618,-58.785975864,"30098","Uruguay","INDEC","300455","Santa Anita","30098120","30098120","Santa Anita","Santa Anita","30","Entre Ríos"
"Localidad simple",-32.398361829,-58.746018695,"30098","Uruguay","INDEC","300462","Villa Mantero","30098130","30098130","Villa Mantero","Villa Mantero","30","Entre Ríos"
"Localidad simple",-32.180068914,-58.928538084,"30098","Uruguay","INDEC","303189","San Marcial","30098150","30098150","San Marcial","Villa San Marcial (Est. Gobernador Urquiza)","30","Entre Ríos"
"Localidad simple",-31.908551727,-59.261232719,"30113","Villaguay","INDEC","309920","Estación Raíces","30113010","30113010","Estación Raíces","Estación Raíces","30","Entre Ríos"
"Localidad simple",-31.956885993,-58.849488779,"30113","Villaguay","INDEC","303273","Ingeniero Sajaroff","30113020","30113020","Ingeniero Miguel Sajaroff","Ingeniero Miguel Sajaroff","30","Entre Ríos"
"Localidad simple",-31.803520452,-59.159807935,"30113","Villaguay","INDEC","303329","Paso de la Laguna","30113050","30113050","Paso de La Laguna","Paso de la Laguna","30","Entre Ríos"
"Localidad simple",-31.829799034,-58.821609898,"30113","Villaguay","INDEC","300476","Villa Clara","30113060","30113060","Villa Clara","Villa Clara","30","Entre Ríos"
"Localidad simple",-31.986288895,-58.961532847,"30113","Villaguay","INDEC","300483","Villa Domínguez","30113070","30113070","Villa Domínguez","Villa Domínguez","30","Entre Ríos"
"Localidad simple",-31.867637571,-59.026885213,"30113","Villaguay","INDEC","300490","Villaguay","30113080","30113080","Villaguay","Villaguay","30","Entre Ríos"
"Localidad simple",-30.894130531,-63.001396303,"14105","Río Primero","INDEC","140903","La Para","14105110","14105110","La Para","La Para","14","Córdoba"
"Localidad simple",-30.893707695,-63.117152941,"14105","Río Primero","INDEC","140952","Villa Fontana","14105270","14105270","Villa Fontana","Villa Fontana","14","Córdoba"
"Localidad simple",-30.957180513,-62.338368627,"14140","San Justo","INDEC","141169","Altos de Chipión","14140020","14140020","Altos de Chipión","Altos de Chipión","14","Córdoba"
"Localidad simple",-31.419229766,-63.050702589,"14140","San Justo","INDEC","141176","Arroyito","14140030","14140030","Arroyito","Arroyito","14","Córdoba"
"Localidad simple",-31.012851397,-62.665374089,"14140","San Justo","INDEC","141183","Balnearia","14140040","14140040","Balnearia","Balnearia","14","Córdoba"
"Localidad simple",-30.866479579,-62.043106735,"14140","San Justo","INDEC","141190","Brinkmann","14140050","14140050","Brinkmann","Brinkmann","14","Córdoba"
"Localidad simple",-31.119928186,-62.234322997,"14140","San Justo","INDEC","142931","Colonia Anita","14140060","14140060","Colonia Anita","Colonia Anita","14","Córdoba"
"Localidad simple",-31.245622019,-62.925319084,"14140","San Justo","INDEC","142945","Colonia Las Pichanas","14140080","14140080","Colonia Las Pichanas","Colonia Las Pichanas","14","Córdoba"
"Localidad simple",-31.248760006,-62.363905954,"14140","San Justo","INDEC","141197","Colonia Marina","14140090","14140090","Colonia Marina","Colonia Marina","14","Córdoba"
"Localidad simple",-31.628704306,-62.365339862,"14140","San Justo","INDEC","141204","Colonia Prosperidad","14140100","14140100","Colonia Prosperidad","Colonia Prosperidad","14","Córdoba"
"Localidad simple",-31.527908367,-62.723704084,"14140","San Justo","INDEC","141211","Colonia San Bartolomé","14140110","14140110","Colonia San Bartolomé","Colonia San Bartolomé","14","Córdoba"
"Localidad simple",-30.783090824,-61.917929238,"14140","San Justo","INDEC","142952","Colonia San Pedro","14140120","14140120","Colonia San Pedro","Colonia San Pedro","14","Córdoba"
"Localidad simple",-31.607881203,-62.428503145,"14140","San Justo","INDEC","141204","Colonia Prosperidad","14140130","14140130","Colonia Santa María","Colonia Santa María","14","Córdoba"
"Localidad simple",-31.053662728,-62.234464022,"14140","San Justo","INDEC","142959","Colonia Valtelina","14140140","14140140","Colonia Valtelina","Colonia Valtelina","14","Córdoba"
"Localidad simple",-30.841419162,-61.956613651,"14140","San Justo","INDEC","141218","Colonia Vignaud","14140150","14140150","Colonia Vignaud","Colonia Vignaud","14","Córdoba"
"Localidad simple",-31.401782158,-62.306222698,"14140","San Justo","INDEC","141225","Devoto","14140160","14140160","Devoto","Devoto","14","Córdoba"
"Localidad simple",-31.743034525,-62.889626755,"14140","San Justo","INDEC","141232","El Arañado","14140170","14140170","El Arañado","El Arañado","14","Córdoba"
"Localidad simple",-31.403706313,-62.973701244,"14140","San Justo","INDEC","141176","Arroyito","14140190","14140190","El Fuertecito","El Fuertecito","14","Córdoba"
"Localidad simple",-31.385420521,-62.828197702,"14140","San Justo","INDEC","141246","El Tío","14140200","14140200","El Tío","El Tío","14","Córdoba"
"Localidad simple",-31.305184758,-62.133753979,"14140","San Justo","INDEC","142966","Plaza Luxardo","14140210","14140210","Estación Luxardo","Estación Luxardo","14","Córdoba"
"Localidad simple",-31.207836269,-62.110310103,"14140","San Justo","INDEC","142938","Colonia Iturraspe","14140215","14140215","Colonia Iturraspe","Colonia Iturraspe","14","Córdoba"
"Localidad simple",-31.164572258,-62.096318845,"14140","San Justo","INDEC","141253","Freyre","14140220","14140220","Freyre","Freyre","14","Córdoba"
"Localidad simple",-31.40629587,-62.633217539,"14140","San Justo","INDEC","141260","La Francia","14140230","14140230","La Francia","La Francia","14","Córdoba"
"Localidad simple",-30.909289745,-62.216112314,"14140","San Justo","INDEC","141267","La Paquita","14140240","14140240","La Paquita","La Paquita","14","Córdoba"
"Localidad simple",-31.23653777,-63.061080501,"14140","San Justo","INDEC","141274","La Tordilla","14140250","14140250","La Tordilla","La Tordilla","14","Córdoba"
"Localidad simple",-30.993864965,-62.825338477,"14140","San Justo","INDEC","141295","Marull","14140280","14140280","Marull","Marull","14","Córdoba"
"Localidad simple",-30.91515318,-62.675009545,"14140","San Justo","INDEC","141302","Miramar de Ansenuza","14140290","14140290","Miramar de Ansenuza","Miramar","14","Córdoba"
"Localidad simple",-30.710667779,-62.007236458,"14140","San Justo","INDEC","141309","Morteros","14140300","14140300","Morteros","Morteros","14","Córdoba"
"Localidad simple",-31.301747989,-62.229167344,"14140","San Justo","INDEC","142966","Plaza Luxardo","14140310","14140310","Plaza Luxardo","Plaza Luxardo","14","Córdoba"
"Localidad simple",-31.371136641,-62.09818964,"14140","San Justo","INDEC","141337","San Francisco","14140320","14140320","Plaza San Francisco","Plaza San Francisco","14","Córdoba"
"Localidad simple",-31.014049314,-62.062044534,"14140","San Justo","INDEC","141316","Porteña","14140330","14140330","Porteña","Porteña","14","Córdoba"
"Localidad simple",-31.549013741,-62.224956686,"14140","San Justo","INDEC","141323","Quebracho Herrado","14140340","14140340","Quebracho Herrado","Quebracho Herrado","14","Córdoba"
"Localidad simple",-31.663398253,-63.047961379,"14140","San Justo","INDEC","141330","Sacanta","14140350","14140350","Sacanta","Sacanta","14","Córdoba"
"Componente de localidad compuesta",-31.424938943,-62.083876734,"14140","San Justo","INDEC","141337","San Francisco","14140360","14140360","San Francisco","San Francisco","14","Córdoba"
"Localidad simple",-31.703481693,-62.483462241,"14140","San Justo","INDEC","141344","Saturnino María Laspiur","14140370","14140370","Saturnino María Laspiur","Saturnino María Laspiur","14","Córdoba"
"Localidad simple",-30.925725472,-61.974159336,"14140","San Justo","INDEC","141351","Seeber","14140380","14140380","Seeber","Seeber","14","Córdoba"
"Localidad simple",-31.108904932,-62.987027697,"14140","San Justo","INDEC","142973","Toro Pujio","14140390","14140390","Toro Pujio","Toro Pujio","14","Córdoba"
"Localidad simple",-31.322100174,-62.813998095,"14140","San Justo","INDEC","141365","Villa Concepción del Tío","14140420","14140420","Villa Concepción del Tío","Villa Concepción del Tío","14","Córdoba"
"Localidad simple",-31.633775408,-62.897066225,"14140","San Justo","INDEC","142980","Villa San Esteban","14140440","14140440","Villa San Esteban","Villa San Esteban","14","Córdoba"
"Localidad simple",-30.836834428,-61.488042998,"82021","Castellanos","INDEC","822196","Colonia Raquel","82021120","82021120","Colonia Raquel","Colonia Raquel","82","Santa Fe"
"Localidad simple",-31.336665808,-61.621579192,"82021","Castellanos","INDEC","822392","Villa San José","82021410","82021410","Villa San José","Villa San José","82","Santa Fe"
"Localidad simple",-31.560095315,-61.896236275,"82021","Castellanos","INDEC","822406","Zenón Pereyra","82021430","82021430","Zenón Pereyra","Zenón Pereyra","82","Santa Fe"
"Localidad simple",-31.31627317,-61.696209027,"82021","Castellanos","INDEC","822336","Saguier","82021170","82021170","Estación Saguier","Estación Saguier","82","Santa Fe"
"Localidad simple",-31.576622654,-61.783534187,"82021","Castellanos","INDEC","822238","Eustolia","82021190","82021190","Eustolia","Eustolia","82","Santa Fe"
"Localidad simple",-31.649452585,-61.805867845,"82021","Castellanos","INDEC","822259","Garibaldi","82021210","82021210","Garibaldi","Garibaldi","82","Santa Fe"
"Localidad simple",-30.996267611,-61.431909257,"82021","Castellanos","INDEC","822119","Ataliva","82021030","82021030","Ataliva","Ataliva","82","Santa Fe"
"Localidad simple",-31.283208041,-61.409257777,"82021","Castellanos","INDEC","822140","Bella Italia","82021070","82021070","Bella Italia","Bella Italia","82","Santa Fe"
"Localidad simple",-31.190530472,-61.832903433,"82021","Castellanos","INDEC","822385","Vila","82021390","82021390","Vila","Vila","82","Santa Fe"
"Localidad simple",-31.612968991,-61.932872239,"82021","Castellanos","INDEC","822217","Esmeralda","82021150","82021150","Esmeralda","Esmeralda","82","Santa Fe"
"Localidad simple",-30.846265297,-61.59174895,"82021","Castellanos","INDEC","822371","Tacural","82021380","82021380","Tacural","Tacural","82","Santa Fe"
"Localidad simple",-31.406301897,-61.991956193,"82021","Castellanos","INDEC","822280","Josefina","82021230","82021230","Josefina","Josefina","82","Santa Fe"
"Localidad simple",-31.67560822,-61.751679502,"82021","Castellanos","INDEC","822294","María Juana","82021250","82021250","María Juana","María Juana","82","Santa Fe"
"Localidad simple",-31.452680946,-61.706783342,"82021","Castellanos","INDEC","822308","Plaza Clucellas","82021270","82021270","Plaza Clucellas","Plaza Clucellas","82","Santa Fe"
"Componente de localidad compuesta",-31.212319675,-61.724745119,"82021","Castellanos","INDEC","822343","San Antonio","82021330","82021330","San Antonio","San Antonio","82","Santa Fe"
"Localidad simple",-31.35576005,-61.515779945,"82021","Castellanos","INDEC","822364","Susana","82021370","82021370","Susana","Susana","82","Santa Fe"
"Localidad simple",-31.440752583,-62.02624284,"82021","Castellanos","INDEC","820035","Frontera","82021400","82021400","Villa Josefina","Villa Josefina","82","Santa Fe"
"Localidad simple",-30.73950056,-61.340126292,"82021","Castellanos","INDEC","822399","Virginia","82021420","82021420","Virginia","Virginia","82","Santa Fe"
"Localidad simple",-31.125373024,-61.452378576,"82021","Castellanos","INDEC","822287","Lehmann","82021240","82021240","Lehmann","Lehmann","82","Santa Fe"
"Localidad simple",-31.252667533,-61.49166156,"82021","Castellanos","INDEC","820042","Rafaela","82021310","82021310","Rafaela","Rafaela","82","Santa Fe"
"Localidad simple",-31.091856396,-61.902472287,"82021","Castellanos","INDEC","822329","Ramona","82021320","82021320","Ramona","Ramona","82","Santa Fe"
"Localidad simple",-31.699160362,-61.567374013,"82021","Castellanos","INDEC","820045","San Vicente","82021340","82021340","San Vicente","San Vicente","82","Santa Fe"
"Localidad simple",-31.038725665,-61.88938202,"82021","Castellanos","INDEC","822322","Pueblo Marini","82021300","82021300","Pueblo Marini","Pueblo Marini","82","Santa Fe"
"Localidad simple",-31.118904986,-61.515198965,"82021","Castellanos","INDEC","822287","Lehmann","82021260","82021260","Nueva Lehmann","Nueva Lehmann","82","Santa Fe"
"Localidad simple",-31.212176108,-61.613522422,"82021","Castellanos","INDEC","822315","Presidente Roca","82021290","82021290","Presidente Roca","Presidente Roca","82","Santa Fe"
"Localidad simple",-30.868332801,-61.347942837,"82021","Castellanos","INDEC","822273","Humberto Primo","82021220","82021220","Humberto Primo","Humberto Primo","82","Santa Fe"
"Componente de localidad compuesta",-31.20885937,-61.724231167,"82021","Castellanos","INDEC","822168","Castellanos","82021080","82021080","Castellanos","Castellanos","82","Santa Fe"
"Localidad simple",-30.947727782,-61.856075857,"82021","Castellanos","INDEC","822231","Eusebia y Carolina","82021180","82021180","Eusebia y Carolina","Eusebia y Carolina","82","Santa Fe"
"Componente de localidad compuesta",-31.426463302,-62.059209345,"82021","Castellanos","INDEC","820035","Frontera","82021200","82021200","Frontera","Frontera","82","Santa Fe"
"Localidad simple",-31.095454412,-61.627924813,"82021","Castellanos","INDEC","822210","Egusquiza","82021140","82021140","Egusquiza","Egusquiza","82","Santa Fe"
"Localidad simple",-30.854129552,-61.849535459,"82021","Castellanos","INDEC","822154","Colonia Bicha","82021090","82021090","Colonia Bicha","Colonia Bicha","82","Santa Fe"
"Localidad simple",-31.524108222,-61.718355133,"82021","Castellanos","INDEC","822224","Estación Clucellas","82021160","82021160","Estación Clucellas","Estación Clucellas","82","Santa Fe"
"Localidad simple",-31.432128799,-61.841375042,"82021","Castellanos","INDEC","822175","Colonia Cello","82021100","82021100","Colonia Cello","Colonia Cello","82","Santa Fe"
"Localidad simple",-31.174469175,-61.917483026,"82021","Castellanos","INDEC","822203","Coronel Fraga","82021130","82021130","Coronel Fraga","Coronel Fraga","82","Santa Fe"
"Localidad simple",-31.685992475,-61.647722614,"82021","Castellanos","INDEC","822189","Colonia Margarita","82021110","82021110","Colonia Margarita","Colonia Margarita","82","Santa Fe"
"Localidad simple",-31.271558704,-61.943017604,"82021","Castellanos","INDEC","822133","Bauer y Sigel","82021060","82021060","Bauer y Sigel","Bauer y Sigel","82","Santa Fe"
"Localidad simple",-30.980576882,-61.743253033,"82021","Castellanos","INDEC","822147","Colonia Aldao","82021010","82021010","Aldao","Aldao","82","Santa Fe"
"Localidad simple",-31.550731817,-61.546338555,"82021","Castellanos","INDEC","822112","Angélica","82021020","82021020","Angélica","Angélica","82","Santa Fe"
"Componente de localidad compuesta",-31.415400689,-62.058620606,"82021","Castellanos","INDEC","822280","Josefina","82021050","82021050","Barrios Acapulco y Veracruz","Barrios Acapulco y Veracruz","82","Santa Fe"
"Localidad simple",-31.419651196,-61.422461823,"82021","Castellanos","INDEC","822126","Aurelia","82021040","82021040","Aurelia","Aurelia","82","Santa Fe"
"Localidad simple",-31.324284368,-61.66805393,"82021","Castellanos","INDEC","822336","Saguier","82021280","82021280","Plaza Saguier","Plaza Saguier","82","Santa Fe"
"Localidad simple",-30.945077034,-61.560662139,"82021","Castellanos","INDEC","820049","Sunchales","82021360","82021360","Sunchales","Sunchales","82","Santa Fe"
"Localidad simple",-31.335748809,-61.817838486,"82021","Castellanos","INDEC","822357","Santa Clara de Saguier","82021350","82021350","Santa Clara de Saguier","Santa Clara de Saguier","82","Santa Fe"
"Localidad simple",-31.57045581,-61.376534144,"82070","Las Colonias","INDEC","823190","Sa Pereira","82070210","82070210","Sa Pereira","Sa Pereyra","82","Santa Fe"
"Localidad simple",-31.44041069,-61.259598056,"82070","Las Colonias","INDEC","823155","Pilar","82070170","82070170","Pilar","Pilar","82","Santa Fe"
"Localidad simple",-31.609029308,-61.141353895,"82070","Las Colonias","INDEC","823218","San Jerónimo del Sauce","82070260","82070260","San Jerónimo del Sauce","San Jerónimo del Sauce","82","Santa Fe"
"Localidad simple",-31.345007458,-61.235134582,"82070","Las Colonias","INDEC","823148","Nuevo Torino","82070160","82070160","Nuevo Torino","Nuevo Torino","82","Santa Fe"
"Localidad simple",-31.668413073,-61.347442643,"82070","Las Colonias","INDEC","823232","San Mariano","82070280","82070280","San Mariano","San Mariano","82","Santa Fe"
"Localidad simple",-31.762372441,-61.315799002,"82070","Las Colonias","INDEC","823239","Santa Clara de Buena Vista","82070290","82070290","Santa Clara de Buena Vista","Santa Clara de Buena Vista","82","Santa Fe"
"Localidad simple",-31.244546373,-61.212186497,"82070","Las Colonias","INDEC","823071","Felicia","82070060","82070060","Felicia","Felicia","82","Santa Fe"
"Localidad simple",-31.058806815,-61.16719748,"82070","Las Colonias","INDEC","823267","Sarmiento","82070310","82070310","Sarmiento","Sarmiento","82","Santa Fe"
"Localidad simple",-30.715584856,-61.469507799,"82091","San Cristóbal","INDEC","823603","Moisés Ville","82091180","82091180","Moisés Ville","Moisés Ville","82","Santa Fe"
"Localidad simple",-30.708584246,-61.622652425,"82091","San Cristóbal","INDEC","823631","Palacios","82091210","82091210","Palacios","Palacios","82","Santa Fe"
"Localidad simple",-31.739847034,-62.037592663,"82126","San Martín","INDEC","824079","Crispi","82126060","82126060","Crispi","Crispi","82","Santa Fe"
"Localidad simple",-31.76757528,-61.828876261,"82126","San Martín","INDEC","820322","Sastre y Ortiz","82126160","82126160","Sastre","Sastre","82","Santa Fe"
"Localidad simple",-31.668567931,-62.090135566,"82126","San Martín","INDEC","824065","Castelar","82126040","82126040","Castelar","Castelar","82","Santa Fe"
"Localidad simple",-31.889833171,-60.590793265,"30021","Diamante","INDEC","300074","Aldea Brasilera","30021010","30021010","Aldea Brasilera","Aldea Brasilera","30","Entre Ríos"
"Localidad simple",-31.960518768,-60.498983753,"30021","Diamante","INDEC","309080","Aldea Grapschental","30021015","30021015","Aldea Grapschental","Aldea Grapschental","30","Entre Ríos"
"Localidad simple",-32.029302789,-60.561808131,"30021","Diamante","INDEC","302112","Aldea Protestante","30021020","30021020","Aldea Protestante","Aldea Protestante","30","Entre Ríos"
"Localidad simple",-31.924833218,-60.547351891,"30021","Diamante","INDEC","309090","Aldea Salto","30021030","30021030","Aldea Salto","Aldea Salto","30","Entre Ríos"
"Localidad simple",-31.961226667,-60.635259938,"30021","Diamante","INDEC","309120","General Alvear","30021040","30021040","Aldea San Francisco","Aldea San Francisco","30","Entre Ríos"
"Localidad simple",-31.946179035,-60.580862734,"30021","Diamante","INDEC","302126","Aldea Spatzenkutter","30021050","30021050","Aldea Spatzenkutter","Aldea Spatzenkutter","30","Entre Ríos"
"Localidad simple",-31.990092366,-60.587726231,"30021","Diamante","INDEC","300077","Valle María","30021060","30021060","Aldea Valle María","Aldea Valle María","30","Entre Ríos"
"Localidad simple",-31.86518817,-60.574690249,"30021","Diamante","INDEC","302133","Colonia Ensayo","30021070","30021070","Colonia Ensayo","Colonia Ensayo","30","Entre Ríos"
"Localidad simple",-32.070757252,-60.638208336,"30021","Diamante","INDEC","300084","Diamante","30021080","30021080","Diamante","Diamante","30","Entre Ríos"
"Localidad simple",-32.112516236,-60.227288922,"30021","Diamante","INDEC","309110","Estación Camps","30021090","30021090","Estación Camps","Estación Camps","30","Entre Ríos"
"Localidad simple",-31.945514885,-60.680121898,"30021","Diamante","INDEC","309120","General Alvear","30021100","30021100","General Alvear","General Alvear","30","Entre Ríos"
"Localidad simple",-31.979149051,-60.405666327,"30021","Diamante","INDEC","302161","General Racedo","30021110","30021110","General Racedo","General Racedo (El Carmen)","30","Entre Ríos"
"Localidad simple",-32.177268137,-60.201646736,"30021","Diamante","INDEC","300091","General Ramírez","30021120","30021120","General Ramírez","General Ramírez","30","Entre Ríos"
"Localidad simple",-31.875048407,-60.648956079,"30021","Diamante","INDEC","302133","Colonia Ensayo","30021123","30021123","La Juanita","La Juanita","30","Entre Ríos"
"Localidad simple",-31.827043378,-60.60531814,"30021","Diamante","INDEC","302133","Colonia Ensayo","30021127","30021127","Las Jaulas","Las Jaulas","30","Entre Ríos"
"Localidad simple",-31.916638558,-60.653609235,"30021","Diamante","INDEC","300074","Aldea Brasilera","30021130","30021130","Paraje La Virgen","Paraje La Virgen","30","Entre Ríos"
"Localidad simple",-32.32870769,-60.48650118,"30021","Diamante","INDEC","302175","Las Cuevas","30021140","30021140","Puerto Las Cuevas","Puerto Las Cuevas","30","Entre Ríos"
"Localidad simple",-32.073442183,-60.465916522,"30021","Diamante","INDEC","300098","Libertador San Martín","30021150","30021150","Villa Libertador San Martín","Villa Libertador San Martín","30","Entre Ríos"
"Localidad simple",-32.245775516,-60.158350574,"30077","Nogoyá","INDEC","300266","Aranguren","30077010","30077010","Villa Aranguren","Aranguren","30","Entre Ríos"
"Localidad simple",-32.372179763,-59.928407834,"30077","Nogoyá","INDEC","309520","Betbeder","30077020","30077020","Betbeder","Betbeder","30","Entre Ríos"
"Localidad simple",-32.071354187,-59.994730981,"30077","Nogoyá","INDEC","302780","Don Cristóbal II","30077030","30077030","Don Cristóbal II","Don Cristóbal","30","Entre Ríos"
"Localidad simple",-32.475267675,-59.918901078,"30077","Nogoyá","INDEC","302787","Febre","30077040","30077040","Febre","Febré","30","Entre Ríos"
"Localidad simple",-32.338271417,-60.032126119,"30077","Nogoyá","INDEC","300273","Villa Sabá Z. Hernández","30077050","30077050","Villa Sabá Z. Hernández","Hernández","30","Entre Ríos"
"Localidad simple",-32.398961525,-59.787695342,"30077","Nogoyá","INDEC","300287","Nogoyá","30077070","30077070","Nogoyá","Nogoyá","30","Entre Ríos"
"Localidad simple",-32.385918828,-59.66222063,"30077","Nogoyá","INDEC","302808","XX de Septiembre","30077080","30077080","XX de Septiembre","XX de Setiembre","30","Entre Ríos"
"Localidad simple",-31.883851698,-60.410506328,"30084","Paraná","INDEC","300291","Aldea María Luisa","30084010","30084010","Aldea María Luisa","Aldea María Luisa","30","Entre Ríos"
"Localidad simple",-31.996719561,-60.358160358,"30084","Paraná","INDEC","300301","Crespo","30084015","30084015","Aldea San Juan","Aldea San Juan","30","Entre Ríos"
"Localidad simple",-31.957411232,-60.254630645,"30084","Paraná","INDEC","309590","Aldea San Rafael","30084020","30084020","Aldea San Rafael","Aldea San Rafael","30","Entre Ríos"
"Localidad simple",-32.013160116,-60.239209953,"30084","Paraná","INDEC","302843","Aldea Santa Rosa","30084040","30084040","Aldea Santa Rosa","Aldea Santa Rosa","30","Entre Ríos"
"Componente de localidad compuesta",-31.762649294,-60.411981206,"30084","Paraná","INDEC","300297","Colonia Avellaneda","30084060","30084060","Colonia Avellaneda","Colonia Avellaneda","30","Entre Ríos"
"Localidad simple",-31.68288122,-60.231081888,"30084","Paraná","INDEC","302899","Colonia Crespo","30084065","30084065","Colonia Crespo","Colonia Crespo","30","Entre Ríos"
"Localidad simple",-32.030759507,-60.306092049,"30084","Paraná","INDEC","300301","Crespo","30084070","30084070","Crespo","Crespo","30","Entre Ríos"
"Localidad simple",-31.653756741,-60.166616458,"30084","Paraná","INDEC","302927","El Palenque","30084080","30084080","El Palenque","El Palenque","30","Entre Ríos"
"Localidad simple",-31.846876483,-60.101252123,"30084","Paraná","INDEC","309730","Quebracho","30084095","30084095","El Ramblón","El Ramblón","30","Entre Ríos"
"Localidad simple",-31.725004529,-60.297549106,"30084","Paraná","INDEC","302955","La Picada","30084120","30084120","La Picada","La Picada","30","Entre Ríos"
"Localidad simple",-31.868596561,-59.728864073,"30084","Paraná","INDEC","302976","Paraje Las Tunas","30084130","30084130","Paraje Las Tunas","Las Tunas","30","Entre Ríos"
"Localidad simple",-31.662807499,-59.904014596,"30084","Paraná","INDEC","300322","María Grande","30084140","30084140","María Grande","María Grande","30","Entre Ríos"
"Componente de localidad compuesta",-31.8227547,-60.51753343,"30084","Paraná","INDEC","300329","Oro Verde","30084150","30084150","Oro Verde","Oro Verde","30","Entre Ríos"
"Componente de localidad compuesta",-31.740160162,-60.527426049,"30084","Paraná","INDEC","300336","Paraná","30084160","30084160","Paraná","Paraná","30","Entre Ríos"
"Componente de localidad compuesta",-31.783022339,-60.441459312,"30084","Paraná","INDEC","300343","San Benito","30084200","30084200","San Benito","San Benito","30","Entre Ríos"
"Componente de localidad compuesta",-31.744808813,-60.355757337,"30084","Paraná","INDEC","303020","Sauce Montrull","30084210","30084210","Sauce Montrull","Sauce Montrull","30","Entre Ríos"
"Localidad simple",-31.843082336,-60.371600721,"30084","Paraná","INDEC","303027","Sauce Pinto","30084220","30084220","Sauce Pinto","Sauce Pinto","30","Entre Ríos"
"Localidad simple",-31.954339772,-60.125650552,"30084","Paraná","INDEC","300350","Seguí","30084230","30084230","Seguí","Seguí","30","Entre Ríos"
"Localidad simple",-31.736233298,-59.91113589,"30084","Paraná","INDEC","302941","Estación Sosa","30084240","30084240","Estación Sosa","Sosa","30","Entre Ríos"
"Localidad simple",-31.801659589,-59.93595294,"30084","Paraná","INDEC","300357","Tabossi","30084250","30084250","Tabossi","Tabossi","30","Entre Ríos"
"Localidad simple",-31.871698599,-60.494414737,"30084","Paraná","INDEC","303034","Tezanos Pinto","30084260","30084260","Tezanos Pinto","Tezanos Pinto","30","Entre Ríos"
"Localidad simple",-31.872109033,-60.012951248,"30084","Paraná","INDEC","300364","Viale","30084270","30084270","Viale","Viale","30","Entre Ríos"
"Localidad simple",-31.905343317,-60.473694155,"30084","Paraná","INDEC","303041","Villa Fontana","30084280","30084280","Villa Fontana","Villa Fontana","30","Entre Ríos"
"Localidad simple",-31.93506991,-60.427167661,"30084","Paraná","INDEC","302948","Villa Gobernador Luis F. Etchevehere","30084290","30084290","Gobernador Etchevehere","Villa Gdor. Luis F. Etchevehere","30","Entre Ríos"
"Localidad simple",-31.649521209,-60.376895909,"30084","Paraná","INDEC","300371","Villa Urquiza","30084300","30084300","Villa Urquiza","Villa Urquiza","30","Entre Ríos"
"Localidad simple",-32.53354175,-60.035452775,"30105","Victoria","INDEC","","","30105010","30105010","Antelo","Antelo","30","Entre Ríos"
"Localidad simple",-32.306824974,-60.423089443,"30105","Victoria","INDEC","","","30105040","30105040","Molino Doll","Molino Doll","30","Entre Ríos"
"Localidad simple",-32.621605823,-60.157953952,"30105","Victoria","INDEC","300469","Victoria","30105060","30105060","Victoria","Victoria","30","Entre Ríos"
"Localidad simple",-32.603740815,-60.947400636,"82056","Iriondo","INDEC","822938","Serodino","82056130","82056130","Serodino","Serodino","82","Santa Fe"
"Componente de localidad compuesta",-32.634973064,-60.820226567,"82056","Iriondo","INDEC","822917","Oliveros","82056160","82056160","Villa La Ribera","Villa La Rivera (Oliveros)","82","Santa Fe"
"Componente de localidad compuesta",-32.638865936,-60.822665216,"82056","Iriondo","INDEC","822924","Pueblo Andino","82056170","82056170","Villa La Ribera","Villa La Rivera (Pueblo Andino)","82","Santa Fe"
"Localidad simple",-32.669942108,-60.875378374,"82056","Iriondo","INDEC","822924","Pueblo Andino","82056110","82056110","Pueblo Andino","Pueblo Andino","82","Santa Fe"
"Localidad simple",-32.666058803,-61.088208098,"82056","Iriondo","INDEC","822931","Salto Grande","82056120","82056120","Salto Grande","Salto Grande","82","Santa Fe"
"Localidad simple",-32.508738933,-61.032203576,"82056","Iriondo","INDEC","822889","Carrizales","82056040","82056040","Carrizales","Carrizales","82","Santa Fe"
"Localidad simple",-32.573933426,-60.854642319,"82056","Iriondo","INDEC","822917","Oliveros","82056100","82056100","Oliveros","Oliveros","82","Santa Fe"
"Localidad simple",-32.715396241,-61.017458827,"82056","Iriondo","INDEC","822910","Lucio V. López","82056090","82056090","Lucio V. López","Lucio V. López","82","Santa Fe"
"Componente de localidad compuesta",-31.657474953,-60.710478441,"82063","La Capital","INDEC","820147","Santa Fe","82063170","82063170","Santa Fe","Santa Fe","82","Santa Fe"
"Componente de localidad compuesta",-31.663018754,-60.761722306,"82063","La Capital","INDEC","820154","Santo Tomé","82063180","82063180","Santo Tomé","Santo Tomé","82","Santa Fe"
"Componente de localidad compuesta",-31.771093503,-60.837143685,"82063","La Capital","INDEC","820158","Sauce Viejo","82063190","82063190","Sauce Viejo","Sauce Viejo","82","Santa Fe"
"Localidad simple",-31.673544579,-61.074767025,"82070","Las Colonias","INDEC","823204","San Carlos Norte","82070240","82070240","San Carlos Norte","San Carlos Norte","82","Santa Fe"
"Localidad simple",-31.796266884,-61.01001349,"82070","Las Colonias","INDEC","823141","Matilde","82070180","82070180","Plaza Matilde","Plaza Matilde","82","Santa Fe"
"Localidad simple",-31.682873649,-60.940635723,"82070","Las Colonias","INDEC","823197","San Agustín","82070220","82070220","San Agustín","San Agustín","82","Santa Fe"
"Componente de localidad compuesta",-31.760820285,-61.100577845,"82070","Las Colonias","INDEC","823211","San Carlos Sud","82070250","82070250","San Carlos Sud","San Carlos Sud","82","Santa Fe"
"Componente de localidad compuesta",-31.72658762,-61.090730135,"82070","Las Colonias","INDEC","820168","San Carlos Centro","82070230","82070230","San Carlos Centro","San Carlos Centro","82","Santa Fe"
"Localidad simple",-31.791578104,-60.979945396,"82070","Las Colonias","INDEC","823141","Matilde","82070150","82070150","Matilde","Matilde","82","Santa Fe"
"Componente de localidad compuesta",-32.861830506,-60.70633324,"82084","Rosario","INDEC","820196","Granadero Baigorria","82084160","82084160","Granadero Baigorria","Granadero Baigorria","82","Santa Fe"
"Localidad simple",-32.85186411,-60.785479908,"82084","Rosario","INDEC","823414","Ibarlucea","82084170","82084170","Ibarlucea","Ibarlucea","82","Santa Fe"
"Componente de localidad compuesta",-32.920864509,-60.81143629,"82084","Rosario","INDEC","820189","Funes","82084140","82084140","Funes","Funes","82","Santa Fe"
"Localidad simple",-32.030281753,-61.224328628,"82105","San Jerónimo","INDEC","820252","Gálvez","82105130","82105130","Gálvez","Gálvez","82","Santa Fe"
"Localidad simple",-31.874298951,-61.12686402,"82105","San Jerónimo","INDEC","823785","Gessler","82105140","82105140","Gessler","Gessler","82","Santa Fe"
"Localidad simple",-32.242952198,-60.923312581,"82105","San Jerónimo","INDEC","823729","Barrancas","82105210","82105210","Puerto Aragón","Puerto Aragón","82","Santa Fe"
"Localidad simple",-32.360370427,-60.942830274,"82105","San Jerónimo","INDEC","823827","Monje","82105200","82105200","Monje","Monje","82","Santa Fe"
"Localidad simple",-31.935414926,-61.045751646,"82105","San Jerónimo","INDEC","823799","Larrechea","82105160","82105160","Larrechea","Larrechea","82","Santa Fe"
"Localidad simple",-32.076171757,-61.115798786,"82105","San Jerónimo","INDEC","823834","San Eugenio","82105220","82105220","San Eugenio","San Eugenio","82","Santa Fe"
"Localidad simple",-31.974484813,-60.916091917,"82105","San Jerónimo","INDEC","820245","Coronda","82105090","82105090","Coronda","Coronda","82","Santa Fe"
"Componente de localidad compuesta",-32.371651348,-61.359944034,"82105","San Jerónimo","INDEC","820256","San Genaro","82105240","82105240","San Genaro","San Genaro","82","Santa Fe"
"Localidad simple",-32.456841756,-60.892460199,"82105","San Jerónimo","INDEC","823820","Maciel","82105190","82105190","Maciel","Maciel","82","Santa Fe"
"Localidad simple",-31.870551333,-60.889246045,"82105","San Jerónimo","INDEC","823764","Desvío Arijón","82105100","82105100","Desvío Arijón","Desvío Arijón","82","Santa Fe"
"Localidad simple",-32.169683404,-61.156687488,"82105","San Jerónimo","INDEC","823736","Bernardo de Irigoyen","82105060","82105060","Bernardo de Irigoyen","Bernardo de Irigoyen","82","Santa Fe"
"Localidad simple",-32.082486532,-60.976814467,"82105","San Jerónimo","INDEC","823722","Arocena","82105010","82105010","Arocena","Arocena","82","Santa Fe"
"Localidad simple",-32.334040252,-60.876548368,"82105","San Jerónimo","INDEC","823827","Monje","82105020","82105020","Balneario Monje","Balneario Monje","82","Santa Fe"
"Localidad simple",-32.2960243,-61.407247569,"82105","San Jerónimo","INDEC","823757","Centeno","82105080","82105080","Centeno","Centeno","82","Santa Fe"
"Localidad simple",-31.904815997,-61.277753876,"82105","San Jerónimo","INDEC","823813","López","82105180","82105180","López","López","82","Santa Fe"
"Localidad simple",-32.128576179,-60.930556832,"82105","San Jerónimo","INDEC","823722","Arocena","82105050","82105050","Barrio El Pacaá - Barrio Comipini","Barrio El Pacaá - Barrio Comipini","82","Santa Fe"
"Localidad simple",-31.96195712,-61.176711321,"82105","San Jerónimo","INDEC","823806","Loma Alta","82105170","82105170","Loma Alta","Loma Alta","82","Santa Fe"
"Localidad simple",-31.837920072,-60.865032589,"82105","San Jerónimo","INDEC","823764","Desvío Arijón","82105040","82105040","Barrio Caima","Barrio Caima","82","Santa Fe"
"Localidad simple",-32.158147325,-61.110229851,"82105","San Jerónimo","INDEC","823792","Irigoyen","82105150","82105150","Irigoyen","Irigoyen","82","Santa Fe"
"Localidad simple",-32.234580757,-60.983514923,"82105","San Jerónimo","INDEC","823729","Barrancas","82105030","82105030","Barrancas","Barrancas","82","Santa Fe"
"Localidad simple",-32.370580822,-61.086448415,"82105","San Jerónimo","INDEC","823771","Díaz","82105110","82105110","Díaz","Díaz","82","Santa Fe"
"Localidad simple",-32.263008471,-61.126468041,"82105","San Jerónimo","INDEC","823750","Casalegno","82105070","82105070","Casalegno","Casalegno","82","Santa Fe"
"Localidad simple",-32.137926717,-60.983122613,"82105","San Jerónimo","INDEC","823841","San Fabián","82105230","82105230","San Fabián","San Fabián","82","Santa Fe"
"Localidad simple",-32.432524427,-60.817814409,"82105","San Jerónimo","INDEC","823778","Gaboto","82105120","82105120","Gaboto","Gaboto","82","Santa Fe"
"Localidad simple",-32.879398784,-61.027695155,"82119","San Lorenzo","INDEC","824023","San Jerónimo Sud","82119120","82119120","San Jerónimo Sud","San Jerónimo Sud","82","Santa Fe"
"Componente de localidad compuesta",-32.747261404,-60.73568746,"82119","San Lorenzo","INDEC","820301","San Lorenzo","82119130","82119130","San Lorenzo","San Lorenzo","82","Santa Fe"
"Componente de localidad compuesta",-32.641338202,-60.818275778,"82119","San Lorenzo","INDEC","824030","Timbúes","82119150","82119150","Villa Elvira","Villa Elvira","82","Santa Fe"
"Localidad simple",-32.770632551,-60.784071882,"82119","San Lorenzo","INDEC","824016","Ricardone","82119100","82119100","Ricardone","Ricardone","82","Santa Fe"
"Componente de localidad compuesta",-32.826456238,-60.716155755,"82119","San Lorenzo","INDEC","820266","Capitán Bermúdez","82119020","82119020","Capitán Bermúdez","Capitán Bermúdez","82","Santa Fe"
"Localidad simple",-32.667812155,-60.793646441,"82119","San Lorenzo","INDEC","824030","Timbúes","82119140","82119140","Timbúes","Timbúes","82","Santa Fe"
"Componente de localidad compuesta",-32.71603864,-60.73139389,"82119","San Lorenzo","INDEC","820287","Puerto General San Martín","82119080","82119080","Puerto General San Martín","Puerto General San Martín","82","Santa Fe"
"Localidad simple",-32.704476159,-60.815902776,"82119","San Lorenzo","INDEC","823981","Aldao","82119010","82119010","Aldao","Aldao","82","Santa Fe"
"Componente de localidad compuesta",-32.78154811,-60.731011469,"82119","San Lorenzo","INDEC","820280","Fray Luis Beltrán","82119050","82119050","Fray Luis Beltrán","Fray Luis Beltrán","82","Santa Fe"
"Componente de localidad compuesta",-32.898143152,-60.909647448,"82119","San Lorenzo","INDEC","820294","Roldán","82119110","82119110","Roldán","Roldán","82","Santa Fe"
"Localidad simple",-32.782339978,-60.90458177,"82119","San Lorenzo","INDEC","824002","Luis Palacios","82119070","82119070","Luis Palacios","Luis Palacios","82","Santa Fe"
"Localidad simple",-31.909451031,-61.400918585,"82126","San Martín","INDEC","824072","Colonia Belgrano","82126050","82126050","Colonia Belgrano","Colonia Belgrano","82","Santa Fe"
"Localidad simple",-31.944834106,-61.401333649,"82126","San Martín","INDEC","824072","Colonia Belgrano","82126180","82126180","Wildermuth","Wildermuth","82","Santa Fe"
"Localidad simple",-38.762796487,-61.920512874,"06182","Coronel de Marina Leonardo Rosales","INDEC","060182","Coronel de Marina Leonardo Rosales","06182010","06182010","Bajo Hondo","Bajo Hondo","06","Buenos Aires"
"Localidad simple",-38.880458219,-62.074996636,"06182","Coronel de Marina Leonardo Rosales","INDEC","060182","Coronel de Marina Leonardo Rosales","06182030","06182030","Punta Alta","Punta Alta","06","Buenos Aires"
"Localidad simple",-38.621072356,-60.882815103,"06189","Coronel Dorrego","INDEC","060189","Coronel Dorrego","06189010","06189010","Aparicio","Aparicio","06","Buenos Aires"
"Localidad simple",-38.718799875,-61.288360247,"06189","Coronel Dorrego","INDEC","060189","Coronel Dorrego","06189030","06189030","Coronel Dorrego","Coronel Dorrego","06","Buenos Aires"
"Localidad simple",-38.677259659,-61.086179168,"06189","Coronel Dorrego","INDEC","060189","Coronel Dorrego","06189040","06189040","El Perdido","El Perdido","06","Buenos Aires"
"Localidad simple",-38.796524605,-61.070387709,"06189","Coronel Dorrego","INDEC","060189","Coronel Dorrego","06189050","06189050","Faro","Faro","06","Buenos Aires"
"Localidad simple",-38.554575533,-60.696298249,"06189","Coronel Dorrego","INDEC","060189","Coronel Dorrego","06189060","06189060","Irene","Irene","06","Buenos Aires"
"Localidad simple",-38.744398789,-60.609362577,"06189","Coronel Dorrego","INDEC","060189","Coronel Dorrego","06189070","06189070","Oriente","Oriente","06","Buenos Aires"
"Localidad simple",-38.652348646,-60.865910124,"06189","Coronel Dorrego","INDEC","060189","Coronel Dorrego","06189075","06189075","Paraje La Ruta","Paraje La Ruta","06","Buenos Aires"
"Localidad simple",-38.844353412,-62.73690198,"06875","Villarino","INDEC","060875","Villarino","06875025","06875025","Country Club Los Médanos","Country Los Medanos","06","Buenos Aires"
"Localidad simple",-38.894442235,-63.140734764,"06875","Villarino","INDEC","060875","Villarino","06875040","06875040","Juan Cousté","Juan Cousté","06","Buenos Aires"
"Localidad simple",-38.963052677,-63.860888246,"42014","Caleu Caleu","INDEC","420189","La Adela","42014010","42014010","Anzoátegui","Anzoátegui","42","La Pampa"
"Localidad simple",-39.045383456,-63.997195292,"62063","Pichi Mahuida","INDEC","620210","Río Colorado","62063005","62063005","Barrio Esperanza","Barrio Esperanza","62","Río Negro"
"Localidad simple",-39.034559154,-64.028466932,"62063","Pichi Mahuida","INDEC","620210","Río Colorado","62063010","62063010","Colonia Juliá y Echarren","Colonia Juliá y Echarren","62","Río Negro"
"Localidad simple",-39.017720575,-64.065801826,"62063","Pichi Mahuida","INDEC","620210","Río Colorado","62063013","62063013","Juventud Unida","Juventud Unida","62","Río Negro"
"Localidad simple",-45.732039771,-67.49199595,"26021","Escalante","INDEC","260049","Comodoro Rivadavia","26021010","26021010","Astra","Astra","26","Chubut"
"Localidad simple",-45.12830193,-66.536646262,"26021","Escalante","INDEC","","","26021020","26021020","Bahía Bustamante","Bahía Bustamante","26","Chubut"
"Localidad simple",-45.865418147,-67.482159774,"26021","Escalante","INDEC","260049","Comodoro Rivadavia","26021030","26021030","Comodoro Rivadavia","Comodoro Rivadavia","26","Chubut"
"Localidad simple",-45.92496645,-67.553724437,"26021","Escalante","INDEC","260056","Rada Tilly","26021050","26021050","Rada Tilly","Rada Tilly","26","Chubut"
"Localidad simple",-43.699068408,-66.471325556,"26042","Gaiman","INDEC","268028","Dique Florentino Ameghino","26042010","26042010","Dique Florentino Ameghino","Dique Florentino Ameghino","26","Chubut"
"Localidad simple",-43.307978842,-65.709872277,"26042","Gaiman","INDEC","260091","Dolavon","26042020","26042020","Dolavon","Dolavon","26","Chubut"
"Localidad simple",-43.389222163,-65.840426478,"26042","Gaiman","INDEC","265014","28 de Julio","26042040","26042040","28 de Julio","28 de Julio","26","Chubut"
"Localidad simple",-43.089762802,-68.539867671,"26049","Gastre","INDEC","","","26049020","26049020","El Escorial","El Escorial","26","Chubut"
"Localidad simple",-43.283655209,-67.761428271,"26063","Mártires","INDEC","","","26063010","26063010","El Mirasol","El Mirasol","26","Chubut"
"Localidad simple",-43.721624883,-67.284237797,"26063","Mártires","INDEC","268077","Las Plumas","26063020","26063020","Las Plumas","Las Plumas","26","Chubut"
"Localidad simple",-43.88611468,-68.411643996,"26070","Paso de Indios","INDEC","268084","Los Altares","26070020","26070020","Los Altares","Los Altares","26","Chubut"
"Localidad simple",-43.864386006,-69.046586174,"26070","Paso de Indios","INDEC","265021","Paso de Indios","26070030","26070030","Paso de Indios","Paso de Indios","26","Chubut"
"Localidad simple",-45.58686791,-69.068940961,"26091","Sarmiento","INDEC","260140","Sarmiento","26091020","26091020","Sarmiento","Sarmiento","26","Chubut"
"Localidad simple",-49.985576992,-68.909299297,"78007","Corpen Aike","INDEC","780007","Comandante Luis Piedra Buena","78007010","78007010","Comandante Luis Piedra Buena","Comandante Luis Piedrabuena","78","Santa Cruz"
"Localidad simple",-50.018658749,-68.521364232,"78007","Corpen Aike","INDEC","780014","Puerto Santa Cruz","78007020","78007020","Puerto Santa Cruz","Puerto Santa Cruz","78","Santa Cruz"
"Localidad simple",-47.184028411,-67.144724008,"78014","Deseado","INDEC","785014","Jaramillo y Fitz Roy","78014040","78014040","Jaramillo","Jaramillo","78","Santa Cruz"
"Localidad simple",-46.561534169,-67.610632755,"78014","Deseado","INDEC","785007","Cañadón Seco","78014020","78014020","Cañadón Seco","Cañadón Seco","78","Santa Cruz"
"Localidad simple",-46.541313529,-68.932272491,"78014","Deseado","INDEC","780028","Las Heras","78014060","78014060","Las Heras","Las Heras","78","Santa Cruz"
"Localidad simple",-47.751719409,-65.900948727,"78014","Deseado","INDEC","780042","Puerto Deseado","78014080","78014080","Puerto Deseado","Puerto Deseado","78","Santa Cruz"
"Localidad simple",-46.799420176,-67.95785168,"78014","Deseado","INDEC","780035","Pico Truncado","78014070","78014070","Pico Truncado","Pico Truncado","78","Santa Cruz"
"Localidad simple",-47.649030825,-66.040043277,"78014","Deseado","INDEC","780042","Puerto Deseado","78014090","78014090","Tellier","Tellier","78","Santa Cruz"
"Localidad simple",-46.716815393,-68.223580908,"78014","Deseado","INDEC","785021","Nuestra Señora de los Dolores de Koluel Kaike","78014050","78014050","Nuestra Señora de los Dolores de Koluel Kaike","Koluel Kaike","78","Santa Cruz"
"Localidad simple",-46.447846523,-67.522740902,"78014","Deseado","INDEC","780021","Caleta Olivia","78014010","78014010","Caleta Olivia","Caleta Olivia","78","Santa Cruz"
"Localidad simple",-47.026347789,-67.247396841,"78014","Deseado","INDEC","785014","Jaramillo y Fitz Roy","78014030","78014030","Fitz Roy","Fitz Roy","78","Santa Cruz"
"Localidad simple",-51.623463266,-69.215864533,"78021","Güer Aike","INDEC","780049","Río Gallegos","78021040","78021040","Río Gallegos","Río Gallegos","78","Santa Cruz"
"Localidad simple",-49.314086297,-67.719744221,"78042","Magallanes","INDEC","780091","Puerto San Julián","78042010","78042010","Puerto San Julián","Puerto San Julián","78","Santa Cruz"
"Localidad simple",-48.750897337,-70.24851966,"78049","Río Chico","INDEC","780098","Gobernador Gregores","78049020","78049020","Gobernador Gregores","Gobernador Gregores","78","Santa Cruz"
"Componente de localidad compuesta",-33.327581039,-60.217058045,"06763","San Nicolás","INDEC","060763","San Nicolás","06763050","06763050","San Nicolás de los Arroyos","San Nicolás de los Arroyos","06","Buenos Aires"
"Componente de localidad compuesta",-33.251723013,-60.38883548,"82028","Constitución","INDEC","822490","Pavón","82028030","82028030","Barrio Mitre","Barrio Mitre","82","Santa Fe"
"Localidad simple",-33.357997655,-60.657374548,"82028","Constitución","INDEC","822476","La Vanguardia","82028130","82028130","La Vanguardia","La Vanguardia","82","Santa Fe"
"Componente de localidad compuesta",-33.261169076,-60.379604726,"82028","Constitución","INDEC","822441","Empalme Villa Constitución","82028070","82028070","Empalme Villa Constitución","Empalme Villa Constitución","82","Santa Fe"
"Localidad simple",-33.367191002,-60.509301699,"82028","Constitución","INDEC","822455","Godoy","82028100","82028100","Godoy","Godoy","82","Santa Fe"
"Localidad simple",-33.242900662,-60.407112415,"82028","Constitución","INDEC","822490","Pavón","82028150","82028150","Pavón","Pavón","82","Santa Fe"
"Componente de localidad compuesta",-33.283614422,-60.271423804,"82028","Constitución","INDEC","820056","Villa Constitución","82028020","82028020","Barrio Arroyo del Medio","Barrio Arroyo del Medio","82","Santa Fe"
"Localidad simple",-33.310977361,-60.312373215,"82028","Constitución","INDEC","822532","Theobald","82028220","82028220","Theobald","Theobald","82","Santa Fe"
"Localidad simple",-33.227270027,-60.329749816,"82028","Constitución","INDEC","820056","Villa Constitución","82028230","82028230","Villa Constitución","Villa Constitución","82","Santa Fe"
"Localidad simple",-33.335935158,-60.458780719,"82028","Constitución","INDEC","822511","Rueda","82028180","82028180","Rueda","Rueda","82","Santa Fe"
"Localidad simple",-33.311588517,-60.824298558,"82028","Constitución","INDEC","822497","Pavón Arriba","82028160","82028160","Pavón Arriba","Pavón Arriba","82","Santa Fe"
"Localidad simple",-33.072293033,-60.574993569,"82084","Rosario","INDEC","820207","Pueblo Esther","82084230","82084230","Pueblo Esther","Pueblo Esther","82","Santa Fe"
"Localidad simple",-33.158138521,-60.511938219,"82084","Rosario","INDEC","820182","Arroyo Seco","82084070","82084070","Arroyo Seco","Arroyo Seco","82","Santa Fe"
"Localidad simple",-33.090297933,-60.736330044,"82084","Rosario","INDEC","823421","Piñero","82084190","82084190","Los Muchachos - La Alborada","Los Muchachos - La Alborada","82","Santa Fe"
"Localidad simple",-33.175907959,-60.664101151,"82084","Rosario","INDEC","823456","Villa Amelia","82084290","82084290","Villa Amelia","Villa Amelia","82","Santa Fe"
"Componente de localidad compuesta",-33.126294569,-60.706921673,"82084","Rosario","INDEC","823456","Villa Amelia","82084300","82084300","Villa del Plata","Villa del Plata","82","Santa Fe"
"Localidad simple",-33.091065759,-60.698477648,"82084","Rosario","INDEC","823372","Alvear","82084050","82084050","Arbilla","Arbilla","82","Santa Fe"
"Localidad simple",-33.128090119,-60.806189982,"82084","Rosario","INDEC","823365","Álvarez","82084030","82084030","Álvarez","Álvarez","82","Santa Fe"
"Localidad simple",-33.057841175,-60.619843473,"82084","Rosario","INDEC","823372","Alvear","82084040","82084040","Alvear","Alvear","82","Santa Fe"
"Componente de localidad compuesta",-33.128516221,-60.713401087,"82084","Rosario","INDEC","823365","Álvarez","82084120","82084120","El Caramelo","El Caramelo","82","Santa Fe"
"Localidad simple",-33.236026673,-60.811771058,"82084","Rosario","INDEC","823386","Carmen del Sauce","82084080","82084080","Carmen del Sauce","Carmen del Sauce","82","Santa Fe"
"Localidad simple",-33.239538678,-60.636760641,"82084","Rosario","INDEC","823358","Albarellos","82084020","82084020","Albarellos","Albarellos","82","Santa Fe"
"Localidad simple",-33.17204632,-60.898073763,"82084","Rosario","INDEC","823435","Pueblo Muñoz","82084240","82084240","Pueblo Muñoz","Pueblo Muñóz","82","Santa Fe"
"Localidad simple",-33.263575925,-60.967881949,"82084","Rosario","INDEC","823379","Arminda","82084060","82084060","Arminda","Arminda","82","Santa Fe"
"Localidad simple",-33.076337757,-60.633435017,"82084","Rosario","INDEC","823372","Alvear","82084200","82084200","Monte Flores","Monte Flores","82","Santa Fe"
"Localidad simple",-33.241763958,-60.83648037,"82084","Rosario","INDEC","823351","Acebal","82084010","82084010","Acebal","Acébal","82","Santa Fe"
"Localidad simple",-33.130415387,-60.505845853,"82084","Rosario","INDEC","820182","Arroyo Seco","82084260","82084260","Puerto Arroyo Seco","Puerto Arroyo Seco","82","Santa Fe"
"Localidad simple",-33.193862118,-60.469438049,"82084","Rosario","INDEC","823400","Fighiera","82084130","82084130","Fighiera","Fighiera","82","Santa Fe"
"Localidad simple",-33.10913966,-60.79611239,"82084","Rosario","INDEC","823421","Piñero","82084220","82084220","Piñero","Piñero","82","Santa Fe"
"Localidad simple",-33.183704879,-60.721981056,"82084","Rosario","INDEC","823470","Coronel Domínguez","82084100","82084100","Coronel Domínguez","Coronel Rodolfo S. Domínguez","82","Santa Fe"
"Componente de localidad compuesta",-32.998872169,-60.769868612,"82084","Rosario","INDEC","820203","Pérez","82084210","82084210","Pérez","Pérez","82","Santa Fe"
"Localidad simple",-33.058789857,-60.684972315,"82084","Rosario","INDEC","823372","Alvear","82084180","82084180","Kilómetro 101","Kilómetro 101","82","Santa Fe"
"Componente de localidad compuesta",-33.027584022,-60.756754849,"82084","Rosario","INDEC","823442","Soldini","82084280","82084280","Soldini","Soldini","82","Santa Fe"
"Localidad simple",-33.26603727,-60.705249593,"82084","Rosario","INDEC","823449","Uranga","82084250","82084250","Pueblo Uranga","Pueblo Uranga","82","Santa Fe"
"Localidad simple",-33.019631886,-60.878497011,"82084","Rosario","INDEC","823463","Zavalla","82084320","82084320","Zavalla","Zavalla","82","Santa Fe"
"Localidad simple",-33.315854534,-60.602677216,"82084","Rosario","INDEC","823393","Coronel Bogado","82084090","82084090","Coronel Bogado","Coronel Bogado","82","Santa Fe"
"Localidad simple",-33.244261433,-60.764324899,"82084","Rosario","INDEC","823386","Carmen del Sauce","82084110","82084110","Cuatro Esquinas","Cuatro Esquinas","82","Santa Fe"
"Localidad simple",-33.110043043,-60.564557843,"82084","Rosario","INDEC","823407","General Lagos","82084150","82084150","General Lagos","General Lagos","82","Santa Fe"
"Componente de localidad compuesta",-32.947213384,-60.633175576,"82084","Rosario","INDEC","820210","Rosario","82084270","82084270","Rosario","Rosario","82","Santa Fe"
"Componente de localidad compuesta",-33.025131924,-60.633689288,"82084","Rosario","INDEC","820217","Villa Gobernador Gálvez","82084310","82084310","Villa Gobernador Gálvez","Villa Gobernador Gálvez","82","Santa Fe"
"Localidad simple",-33.311964956,-61.056294656,"82119","San Lorenzo","INDEC","824037","Villa Mugueta","82119160","82119160","Villa Mugueta","Villa Mugueta","82","Santa Fe"
"Localidad simple",-33.01764822,-61.043053541,"82119","San Lorenzo","INDEC","824009","Pujato","82119090","82119090","Pujato","Pujato","82","Santa Fe"
"Localidad simple",-33.106020936,-60.966809694,"82119","San Lorenzo","INDEC","823988","Coronel Arnold","82119040","82119040","Coronel Arnold","Coronel Arnold","82","Santa Fe"
"Localidad simple",-33.172495667,-61.07413011,"82119","San Lorenzo","INDEC","823995","Fuentes","82119060","82119060","Fuentes","Fuentes","82","Santa Fe"
"Localidad simple",-30.767438455,-65.190431099,"14028","Cruz del Eje","INDEC","142210","Paso Viejo","14028160","14028160","Paso Viejo","Paso Viejo","14","Córdoba"
"Localidad simple",-30.638772415,-65.38874113,"14028","Cruz del Eje","INDEC","140196","Serrezuela","14028180","14028180","Serrezuela","Serrezuela","14","Córdoba"
"Localidad simple",-30.746591448,-65.23562126,"14028","Cruz del Eje","INDEC","142217","Tuclame","14028190","14028190","Tuclame","Tuclame","14","Córdoba"
"Localidad simple",-31.009668976,-65.3612672,"14070","Minas","INDEC","142385","La Playa","14070050","14070050","La Playa","La Playa","14","Córdoba"
"Localidad simple",-31.042421887,-65.283525095,"14070","Minas","INDEC","142357","Ciénaga del Coro","14070010","14070010","Ciénaga del Coro","Ciénaga del Coro","14","Córdoba"
"Localidad simple",-30.800382636,-65.656404221,"14070","Minas","INDEC","142364","El Chacho","14070020","14070020","El Chacho","El Chacho","14","Córdoba"
"Localidad simple",-31.130075737,-65.215975468,"14070","Minas","INDEC","142371","Estancia de Guadalupe","14070030","14070030","Estancia de Guadalupe","Estancia de Guadalupe","14","Córdoba"
"Localidad simple",-31.101592949,-65.329209345,"14070","Minas","INDEC","142378","Guasapampa","14070040","14070040","Guasapampa","Guasapampa","14","Córdoba"
"Localidad simple",-31.249850218,-65.169287078,"14070","Minas","INDEC","142392","Talaini","14070070","14070070","Talaini","Talaini","14","Córdoba"
"Localidad simple",-30.959873819,-65.310397267,"14070","Minas","INDEC","142399","Tosno","14070080","14070080","Tosno","Tosno","14","Córdoba"
"Localidad simple",-31.415963635,-65.451253237,"14077","Pocho","INDEC","142406","Chancani","14077010","14077010","Chancani","Chancani","14","Córdoba"
"Localidad simple",-31.377775939,-65.289836231,"14077","Pocho","INDEC","142413","Las Palmas","14077020","14077020","Las Palmas","Las Palmas","14","Córdoba"
"Localidad simple",-31.490157577,-65.280950546,"14077","Pocho","INDEC","142441","Villa de Pocho","14077080","14077080","Villa de Pocho","Villa de Pocho","14","Córdoba"
"Localidad simple",-31.885536035,-65.477466618,"14126","San Alberto","INDEC","142875","San Vicente","14126150","14126150","San Martín","San Martín","14","Córdoba"
"Localidad simple",-31.85055697,-65.429474357,"14126","San Alberto","INDEC","142875","San Vicente","14126170","14126170","San Vicente","San Vicente","14","Córdoba"
"Localidad simple",-31.9726992,-65.444638225,"14133","San Javier","INDEC","141132","Los Cerrillos","14133110","14133110","Los Cerrillos","Los Cerrillos","14","Córdoba"
"Localidad simple",-31.956501268,-65.3118043,"14133","San Javier","INDEC","141141","San José","14133180","14133180","San José","San José","14","Córdoba"
"Componente de localidad compuesta",-31.944976763,-65.190239696,"14133","San Javier","INDEC","141155","Villa Dolores","14133200","14133200","Villa Dolores","Villa Dolores","14","Córdoba"
"Localidad simple",-30.578893736,-65.727110293,"46063","General Belgrano","INDEC","460063","General Belgrano","46063010","46063010","Castro Barros","Castro Barros","46","La Rioja"
"Localidad simple",-32.024043929,-65.372505193,"74049","Junín","INDEC","746210","Lafinur","74049040","74049040","Los Cajones","Los Cajones","74","San Luis"
"Localidad simple",-32.062581975,-65.350141542,"74049","Junín","INDEC","746210","Lafinur","74049030","74049030","Lafinur","Lafinur","74","San Luis"
"Localidad simple",-32.248952357,-65.583238234,"74049","Junín","INDEC","746224","Talita","74049080","74049080","Talita","Talita","74","San Luis"
"Localidad simple",-32.342833348,-65.208905898,"74049","Junín","INDEC","740098","Santa Rosa del Conlara","74049070","74049070","Santa Rosa del Conlara","Santa Rosa del Conlara","74","San Luis"
"Localidad simple",-32.375884353,-65.501135014,"74063","Libertador General San Martín","INDEC","746294","Las Aguadas","74063020","74063020","Las Aguadas","Las Aguadas","74","San Luis"
"Localidad simple",-31.046243815,-59.086722666,"30035","Federal","INDEC","300140","Conscripto Bernardi","30035010","30035010","Conscripto Bernardi","Conscripto Bernardi","30","Entre Ríos"
"Localidad simple",-30.974102305,-58.996413544,"30035","Federal","INDEC","302287","El Cimarrón","30035020","30035020","El Cimarrón","Aldea San Isidro (El Cimarrón)","30","Entre Ríos"
"Localidad simple",-30.956214281,-58.779587505,"30035","Federal","INDEC","300147","Federal","30035030","30035030","Federal","Federal","30","Entre Ríos"
"Localidad simple",-31.239523266,-59.217371084,"30035","Federal","INDEC","300154","Sauce de Luna","30035050","30035050","Sauce de Luna","Sauce de Luna","30","Entre Ríos"
"Localidad simple",-30.485189962,-59.02834138,"30042","Feliciano","INDEC","302376","San Víctor","30042020","30042020","San Víctor","San Víctor","30","Entre Ríos"
"Localidad simple",-31.457365346,-59.598572312,"30070","La Paz","INDEC","300231","Alcaraz","30070005","30070005","Alcaraz","Alcaraz","30","Entre Ríos"
"Localidad simple",-31.343579683,-59.446389766,"30070","La Paz","INDEC","300238","Bovril","30070010","30070010","Bovril","Bovril","30","Entre Ríos"
"Localidad simple",-31.1831955,-59.408237281,"30070","La Paz","INDEC","302596","Colonia Avigdor","30070020","30070020","Colonia Avigdor","Colonia Avigdor","30","Entre Ríos"
"Localidad simple",-31.179544085,-59.733134063,"30070","La Paz","INDEC","302638","El Solar, Bertozzi y San Carlos","30070030","30070030","El Solar","El Solar","30","Entre Ríos"
"Localidad simple",-30.740476624,-59.644301279,"30070","La Paz","INDEC","300245","La Paz","30070040","30070040","La Paz","La Paz","30","Entre Ríos"
"Localidad simple",-31.185006148,-59.949957714,"30070","La Paz","INDEC","300252","Piedras Blancas","30070050","30070050","Piedras Blancas","Piedras Blancas","30","Entre Ríos"
"Localidad simple",-30.690287748,-59.394984294,"30070","La Paz","INDEC","300255","San Gustavo","30070070","30070070","San Gustavo","San Gustavo","30","Entre Ríos"
"Localidad simple",-30.944460002,-59.789121291,"30070","La Paz","INDEC","300259","Santa Elena","30070080","30070080","Santa Elena","Santa Elena","30","Entre Ríos"
"Localidad simple",-31.388921151,-59.501061936,"30070","La Paz","INDEC","309500","Sir Leonard","30070090","30070090","Sir Leonard","Sir Leonard","30","Entre Ríos"
"Localidad simple",-31.611332991,-60.006886951,"30084","Paraná","INDEC","302836","Aldea Santa María","30084030","30084030","Aldea Santa María","Aldea Santa María","30","Entre Ríos"
"Localidad simple",-31.582967604,-59.890848298,"30084","Paraná","INDEC","300305","El Pingo","30084090","30084090","El Pingo","El Pingo","30","Entre Ríos"
"Localidad simple",-31.512168875,-59.835282789,"30084","Paraná","INDEC","300308","Hasenkamp","30084100","30084100","Hasenkamp","Hasenkamp","30","Entre Ríos"
"Localidad simple",-31.230008248,-59.988286446,"30084","Paraná","INDEC","300315","Villa Hernandarias","30084110","30084110","Hernandarias","Hernandarias","30","Entre Ríos"
"Localidad simple",-31.427426874,-59.744493262,"30084","Paraná","INDEC","302962","Las Garzas","30084170","30084170","Las Garzas","Pueblo Bellocq (Las Garzas)","30","Entre Ríos"
"Localidad simple",-31.387329093,-60.091814125,"30084","Paraná","INDEC","300340","Pueblo Brugo","30084180","30084180","Pueblo Brugo","Pueblo Brugo","30","Entre Ríos"
"Localidad simple",-31.458360874,-60.169052456,"30084","Paraná","INDEC","302999","Puerto Curtiembre","30084190","30084190","Puerto Curtiembre","Pueblo General San Martín","30","Entre Ríos"
"Localidad simple",-31.102358366,-60.088892157,"82035","Garay","INDEC","822553","Helvecia","82035020","82035020","Helvecia","Helvecia","82","Santa Fe"
"Localidad simple",-31.420386333,-60.332683108,"82035","Garay","INDEC","822567","Santa Rosa de Calchines","82035050","82035050","Santa Rosa de Calchines","Santa Rosa de Calchines","82","Santa Fe"
"Localidad simple",-31.200750661,-60.159353791,"82035","Garay","INDEC","822539","Cayastá","82035010","82035010","Cayastá","Cayastá","82","Santa Fe"
"Localidad simple",-31.492003054,-60.428977487,"82035","Garay","INDEC","822567","Santa Rosa de Calchines","82035030","82035030","Los Zapallos","Los Zapallos","82","Santa Fe"
"Localidad simple",-30.880605099,-60.035242547,"82035","Garay","INDEC","822560","Saladero Mariano Cabal","82035040","82035040","Saladero Mariano Cabal","Saladero Mariano Cabal","82","Santa Fe"
"Componente de localidad compuesta",-31.558725564,-60.517508005,"82063","La Capital","INDEC","822959","Arroyo Leyes","82063030","82063030","Arroyo Leyes","Arroyo Leyes","82","Santa Fe"
"Localidad simple",-31.56650715,-60.661519542,"82063","La Capital","INDEC","823001","Monte Vera","82063120","82063120","Paraje Chaco Chico","Paraje Chaco Chico","82","Santa Fe"
"Localidad simple",-31.307357755,-60.659922468,"82063","La Capital","INDEC","820140","Laguna Paiva","82063080","82063080","Laguna Paiva","Laguna Paiva","82","Santa Fe"
"Localidad simple",-31.239054918,-60.529807032,"82063","La Capital","INDEC","822973","Campo Andino","82063050","82063050","Campo Andino","Campo Andino","82","Santa Fe"
"Localidad simple",-31.265832506,-60.7644508,"82063","La Capital","INDEC","823008","Nelson","82063110","82063110","Nelson","Nelson","82","Santa Fe"
"Localidad simple",-31.184183474,-60.74768043,"82063","La Capital","INDEC","822994","Llambí Campbell","82063090","82063090","Llambí Campbell","Llambi Campbell","82","Santa Fe"
"Localidad simple",-31.555826315,-60.678416469,"82063","La Capital","INDEC","823001","Monte Vera","82063010","82063010","Ángel Gallardo","Angel Gallardo","82","Santa Fe"
"Localidad simple",-31.059019116,-60.744908207,"82063","La Capital","INDEC","822987","Emilia","82063070","82063070","Emilia","Emilia","82","Santa Fe"
"Localidad simple",-31.528997202,-60.479997067,"82063","La Capital","INDEC","822959","Arroyo Leyes","82063150","82063150","Rincón Potrero","Rincón Potrero","82","Santa Fe"
"Componente de localidad compuesta",-31.606505912,-60.567441943,"82063","La Capital","INDEC","820143","San José del Rincón","82063160","82063160","San José del Rincón","San José del Rincón","82","Santa Fe"
"Localidad simple",-31.372064899,-60.66229261,"82063","La Capital","INDEC","822952","Arroyo Aguiar","82063200","82063200","Villa Laura","Villa Laura","82","Santa Fe"
"Componente de localidad compuesta",-31.49089311,-60.73544887,"82063","La Capital","INDEC","820142","Recreo","82063140","82063140","Recreo","Recreo","82","Santa Fe"
"Localidad simple",-31.432087138,-60.667931227,"82063","La Capital","INDEC","822952","Arroyo Aguiar","82063020","82063020","Arroyo Aguiar","Arroyo Aguiar","82","Santa Fe"
"Localidad simple",-31.516801566,-60.678676504,"82063","La Capital","INDEC","823001","Monte Vera","82063100","82063100","Monte Vera","Monte Vera","82","Santa Fe"
"Localidad simple",-31.515355416,-60.613211484,"82063","La Capital","INDEC","823001","Monte Vera","82063130","82063130","Paraje La Costa","Paraje La Costa","82","Santa Fe"
"Localidad simple",-31.401390352,-60.748981611,"82063","La Capital","INDEC","822980","Candioti","82063060","82063060","Candioti","Candioti","82","Santa Fe"
"Localidad simple",-31.103990753,-60.727151845,"82063","La Capital","INDEC","822966","Cabal","82063040","82063040","Cabal","Cabal","82","Santa Fe"
"Localidad simple",-31.547704815,-60.813712665,"82070","Las Colonias","INDEC","823064","Empalme San Carlos","82070040","82070040","Empalme San Carlos","Empalme San Carlos","82","Santa Fe"
"Localidad simple",-31.448890097,-60.930152876,"82070","Las Colonias","INDEC","820161","Esperanza","82070050","82070050","Esperanza","Esperanza","82","Santa Fe"
"Localidad simple",-31.268690116,-61.071972168,"82070","Las Colonias","INDEC","823085","Grutly","82070080","82070080","Grutly","Grutly","82","Santa Fe"
"Localidad simple",-31.364804459,-61.0165432,"82070","Las Colonias","INDEC","823036","Cavour","82070010","82070010","Cavour","Cavour","82","Santa Fe"
"Localidad simple",-31.571890246,-60.996131603,"82070","Las Colonias","INDEC","823127","Las Tunas","82070130","82070130","Las Tunas","Las Tunas","82","Santa Fe"
"Localidad simple",-31.400858425,-61.082298172,"82070","Las Colonias","INDEC","823099","Humboldt","82070100","82070100","Humboldt","Humboldt","82","Santa Fe"
"Localidad simple",-31.010843839,-60.910761578,"82070","Las Colonias","INDEC","823134","María Luisa","82070140","82070140","María Luisa","María Luisa","82","Santa Fe"
"Localidad simple",-30.982740314,-61.021127137,"82070","Las Colonias","INDEC","823169","Providencia","82070200","82070200","Providencia","Providencia","82","Santa Fe"
"Localidad simple",-30.734298215,-60.975553325,"82070","Las Colonias","INDEC","823113","Jacinto L. Aráuz","82070110","82070110","Jacinto L. Aráuz","Jacinto L. Aráuz","82","Santa Fe"
"Localidad simple",-31.120466213,-60.887993951,"82070","Las Colonias","INDEC","823260","Santo Domingo","82070300","82070300","Santo Domingo","Santo Domingo","82","Santa Fe"
"Localidad simple",-31.206092138,-60.930019008,"82070","Las Colonias","INDEC","823050","Cululú","82070020","82070020","Cululú","Cululú","82","Santa Fe"
"Localidad simple",-31.1378669,-60.989642227,"82070","Las Colonias","INDEC","823162","Progreso","82070190","82070190","Progreso","Progreso","82","Santa Fe"
"Localidad simple",-30.866241488,-60.968292585,"82070","Las Colonias","INDEC","823120","La Pelada","82070120","82070120","La Pelada","La Pelada","82","Santa Fe"
"Localidad simple",-31.552707917,-61.077923536,"82070","Las Colonias","INDEC","820171","San Jerónimo Norte","82070270","82070270","San Jerónimo Norte","San Jerónimo Norte","82","Santa Fe"
"Localidad simple",-31.587189684,-60.938340404,"82070","Las Colonias","INDEC","823078","Franck","82070070","82070070","Franck","Franck","82","Santa Fe"
"Localidad simple",-31.125576584,-61.033006408,"82070","Las Colonias","INDEC","823092","Hipatía","82070090","82070090","Hipatía","Hipatía","82","Santa Fe"
"Localidad simple",-30.694492683,-61.049400274,"82070","Las Colonias","INDEC","823057","Elisa","82070030","82070030","Elisa","Elisa","82","Santa Fe"
"Localidad simple",-30.540840937,-60.746778975,"82091","San Cristóbal","INDEC","823673","Villa Saralegui","82091270","82091270","Villa Saralegui","Villa Saralegui","82","Santa Fe"
"Localidad simple",-30.619649247,-60.914513768,"82091","San Cristóbal","INDEC","823659","Soledad","82091250","82091250","Soledad","Soledad","82","Santa Fe"
"Localidad simple",-30.581667539,-59.928100523,"82098","San Javier","INDEC","820238","San Javier","82098060","82098060","San Javier","San Javier","82","Santa Fe"
"Localidad simple",-30.656342437,-60.229808156,"82098","San Javier","INDEC","823694","Cacique Ariacaiquín","82098020","82098020","Cacique Ariacaiquín","Cacique Ariacaiquín","82","Santa Fe"
"Localidad simple",-30.447781739,-60.140936695,"82098","San Javier","INDEC","823708","La Brava","82098040","82098040","La Brava","La Brava","82","Santa Fe"
"Localidad simple",-30.671950034,-60.505951998,"82112","San Justo","INDEC","823939","Ramayón","82112110","82112110","Ramayón","Ramayón","82","Santa Fe"
"Localidad simple",-30.44730089,-60.430562562,"82112","San Justo","INDEC","823960","Silva","82112150","82112150","Silva","Silva","82","Santa Fe"
"Localidad simple",-30.789171151,-60.593300591,"82112","San Justo","INDEC","820259","San Justo","82112130","82112130","San Justo","San Justo","82","Santa Fe"
"Localidad simple",-31.040692586,-60.6451918,"82112","San Justo","INDEC","823883","Esther","82112040","82112040","Esther","Esther","82","Santa Fe"
"Localidad simple",-30.58093514,-60.468307556,"82112","San Justo","INDEC","823918","Marcelino Escalada","82112080","82112080","Marcelino Escalada","Marcelino Escalada","82","Santa Fe"
"Localidad simple",-30.855665886,-60.650175532,"82112","San Justo","INDEC","823862","Angeloni","82112010","82112010","Angeloni","Angeloni","82","Santa Fe"
"Localidad simple",-30.948776173,-60.467036125,"82112","San Justo","INDEC","823925","Naré","82112090","82112090","Naré","Naré","82","Santa Fe"
"Localidad simple",-30.942921848,-60.657012597,"82112","San Justo","INDEC","823974","Videla","82112170","82112170","Videla","Videla","82","Santa Fe"
"Localidad simple",-30.889177536,-60.573977216,"82112","San Justo","INDEC","823946","San Bernardo","82112120","82112120","San Bernardo","San Bernardo","82","Santa Fe"
"Localidad simple",-31.112809702,-60.579878395,"82112","San Justo","INDEC","823869","Cayastacito","82112020","82112020","Cayastacito","Cayastacito","82","Santa Fe"
"Localidad simple",-32.423631502,-61.88973606,"82007","Belgrano","INDEC","822007","Bouquet","82007020","82007020","Bouquet","Bouquet","82","Santa Fe"
"Localidad simple",-32.201187006,-63.16512476,"14042","General San Martín","INDEC","140266","Arroyo Algodón","14042010","14042010","Arroyo Algodón","Arroyo Algodón","14","Córdoba"
"Localidad simple",-32.097001584,-63.034350873,"14042","General San Martín","INDEC","140315","La Playosa","14042080","14042080","La Playosa","La Playosa","14","Córdoba"
"Localidad simple",-32.249625296,-62.93088116,"14042","General San Martín","INDEC","140336","Silvio Pellico","14042130","14042130","Silvio Pellico","Silvio Pellico","14","Córdoba"
"Localidad simple",-32.409712987,-62.102348922,"14063","Marcos Juárez","INDEC","140595","Saira","14063210","14063210","Saira","Saira","14","Córdoba"
"Localidad simple",-31.873714881,-63.117398136,"14119","Río Segundo","INDEC","140994","Carrilobo","14119040","14119040","Carrilobo","Carrilobo","14","Córdoba"
"Localidad simple",-32.021336576,-62.919308799,"14119","Río Segundo","INDEC","141064","Pozo del Molle","14119170","14119170","Pozo del Molle","Pozo del Molle","14","Córdoba"
"Localidad simple",-31.938847228,-62.464245769,"14140","San Justo","INDEC","141162","Alicia","14140010","14140010","Alicia","Alicia","14","Córdoba"
"Localidad simple",-31.966920207,-62.300176296,"14140","San Justo","INDEC","141239","El Fortín","14140180","14140180","El Fortín","El Fortín","14","Córdoba"
"Localidad simple",-31.802437611,-62.616597453,"14140","San Justo","INDEC","141281","Las Varas","14140260","14140260","Las Varas","Las Varas","14","Córdoba"
"Localidad simple",-31.870384794,-62.71966478,"14140","San Justo","INDEC","141288","Las Varillas","14140270","14140270","Las Varillas","Las Varillas","14","Córdoba"
"Localidad simple",-32.344688717,-62.884913584,"14182","Unión","INDEC","141589","Alto Alegre","14182020","14182020","Alto Alegre","Alto Alegre","14","Córdoba"
"Localidad simple",-32.390952848,-63.057232438,"14182","Unión","INDEC","143232","Ana Zumarán","14182030","14182030","Ana Zumarán","Ana Zumarán","14","Córdoba"
"Localidad simple",-32.332692033,-62.510795668,"14182","Unión","INDEC","141631","Chilibroste","14182090","14182090","Chilibroste","Chilibroste","14","Córdoba"
"Localidad simple",-32.30633182,-62.651606075,"14182","Unión","INDEC","141638","Cintra","14182100","14182100","Cintra","Cintra","14","Córdoba"
"Localidad simple",-32.366022494,-62.307174837,"14182","Unión","INDEC","141694","Noetinger","14182190","14182190","Noetinger","Noetinger","14","Córdoba"
"Localidad simple",-32.213580739,-62.63132888,"14182","Unión","INDEC","141722","San Antonio de Litín","14182240","14182240","San Antonio de Litín","San Antonio de Litín","14","Córdoba"
"Localidad simple",-32.012754071,-62.06228099,"82126","San Martín","INDEC","824086","Landeta","82126080","82126080","Landeta","Landeta","82","Santa Fe"
"Localidad simple",-31.921522362,-61.702627127,"82126","San Martín","INDEC","824135","Traill","82126170","82126170","Traill","Traill","82","Santa Fe"
"Localidad simple",-32.14392576,-61.980441593,"82126","San Martín","INDEC","824121","Piamonte","82126130","82126130","Piamonte","Piamonte","82","Santa Fe"
"Localidad simple",-31.821185928,-62.110499381,"82126","San Martín","INDEC","824100","Las Petacas","82126100","82126100","Las Petacas","Las Petacas","82","Santa Fe"
"Localidad simple",-32.197475347,-61.492279018,"82126","San Martín","INDEC","824093","Las Bandurrias","82126090","82126090","Las Bandurrias","Las Bandurrias","82","Santa Fe"
"Localidad simple",-31.857863512,-61.569620354,"82126","San Martín","INDEC","824128","San Martín de las Escobas","82126150","82126150","San Martín de las Escobas","San Martín de las Escobas","82","Santa Fe"
"Localidad simple",-32.322261344,-61.631586341,"82126","San Martín","INDEC","824107","Los Cardos","82126110","82126110","Los Cardos","Los Cardos","82","Santa Fe"
"Localidad simple",-32.054368292,-61.601859243,"82126","San Martín","INDEC","824044","Cañada Rosquín","82126010","82126010","Cañada Rosquín","Cañada Rosquín","82","Santa Fe"
"Localidad simple",-32.125633653,-61.539842909,"82126","San Martín","INDEC","824058","Casas","82126030","82126030","Casas","Casas","82","Santa Fe"
"Localidad simple",-32.266977408,-61.905867844,"82126","San Martín","INDEC","824114","María Susana","82126120","82126120","María Susana","María Susana","82","Santa Fe"
"Localidad simple",-32.198041432,-61.701915596,"82126","San Martín","INDEC","820308","El Trébol","82126070","82126070","El Trébol","El Trébol","82","Santa Fe"
"Localidad simple",-31.896153096,-61.859653304,"82126","San Martín","INDEC","820315","San Jorge","82126140","82126140","San Jorge","San Jorge","82","Santa Fe"
"Localidad simple",-32.050451788,-61.782730951,"82126","San Martín","INDEC","824051","Carlos Pellegrini","82126020","82126020","Carlos Pellegrini","Carlos Pellegrini","82","Santa Fe"
"Localidad simple",-42.066968043,-71.214813982,"26014","Cushamen","INDEC","260028","El Maitén","26014010","26014010","Buenos Aires Chico","Buenos Aires Chico","26","Chubut"
"Localidad simple",-42.511351143,-71.431134384,"26014","Cushamen","INDEC","260014","Cholila","26014020","26014020","Cholila","Cholila","26","Chubut"
"Localidad simple",-42.603935018,-70.457030292,"26014","Cushamen","INDEC","","","26014025","26014025","Costa del Chubut","Costa del Chubut","26","Chubut"
"Localidad simple",-42.173017612,-70.661397788,"26014","Cushamen","INDEC","268014","Cushamen","26014030","26014030","Cushamen Centro","Cushamen Centro","26","Chubut"
"Localidad simple",-42.064050303,-71.519143292,"26014","Cushamen","INDEC","260021","El Hoyo","26014040","26014040","El Hoyo","El Hoyo","26","Chubut"
"Localidad simple",-42.05032089,-71.167787457,"26014","Cushamen","INDEC","260028","El Maitén","26014050","26014050","El Maitén","El Maitén","26","Chubut"
"Localidad simple",-42.229226035,-71.371059779,"26014","Cushamen","INDEC","260035","Epuyén","26014060","26014060","Epuyén","Epuyén","26","Chubut"
"Localidad simple",-42.408211663,-70.530714862,"26014","Cushamen","INDEC","","","26014065","26014065","Fofo Cahuel","Fofo Cahuel","26","Chubut"
"Localidad simple",-42.723832262,-70.537720017,"26014","Cushamen","INDEC","265007","Gualjaina","26014070","26014070","Gualjaina","Gualjaina","26","Chubut"
"Localidad simple",-42.216890434,-71.429670892,"26014","Cushamen","INDEC","260035","Epuyén","26014080","26014080","Lago Epuyén","Lago Epuyén","26","Chubut"
"Localidad simple",-42.060132162,-71.597140032,"26014","Cushamen","INDEC","260042","Lago Puelo","26014090","26014090","Lago Puelo","Lago Puelo","26","Chubut"
"Localidad simple",-42.412947255,-71.071151709,"26014","Cushamen","INDEC","","","26014100","26014100","Leleque","Leleque","26","Chubut"
"Localidad simple",-43.133019601,-71.550982828,"26035","Futaleufú","INDEC","260084","Trevelin","26035010","26035010","Aldea Escolar (Los Rápidos)","Aldea Escolar (Los Rápidos)","26","Chubut"
"Localidad simple",-43.539302185,-71.468855332,"26035","Futaleufú","INDEC","260070","Corcovado","26035020","26035020","Corcovado","Corcovado","26","Chubut"
"Localidad simple",-42.91732071,-71.321572554,"26035","Futaleufú","INDEC","260077","Esquel","26035030","26035030","Esquel","Esquel","26","Chubut"
"Localidad simple",-43.247160399,-71.348946811,"26035","Futaleufú","INDEC","260084","Trevelin","26035040","26035040","Lago Rosario","Lago Rosario","26","Chubut"
"Localidad simple",-43.183358362,-71.641603536,"26035","Futaleufú","INDEC","260084","Trevelin","26035050","26035050","Los Cipreses","Los Cipreses","26","Chubut"
"Localidad simple",-43.079161352,-71.464032921,"26035","Futaleufú","INDEC","260084","Trevelin","26035060","26035060","Trevelin","Trevelín","26","Chubut"
"Localidad simple",-42.89384961,-71.617489444,"26035","Futaleufú","INDEC","","","26035070","26035070","Villa Futalaufquen","Villa Futalaufquen","26","Chubut"
"Localidad simple",-42.620060668,-68.904304619,"26049","Gastre","INDEC","","","26049010","26049010","Blancuntre","Blancuntre","26","Chubut"
"Localidad simple",-42.26319813,-69.222143804,"26049","Gastre","INDEC","268035","Gastre","26049030","26049030","Gastre","Gastre","26","Chubut"
"Localidad simple",-42.742232747,-69.14900587,"26049","Gastre","INDEC","268042","Lagunita Salada","26049040","26049040","Lagunita Salada","Lagunita Salada","26","Chubut"
"Localidad simple",-42.759145121,-68.867552327,"26049","Gastre","INDEC","","","26049050","26049050","Yala Laubat","Yala Laubat","26","Chubut"
"Localidad simple",-43.320822744,-69.692293161,"26056","Languiñeo","INDEC","268049","Aldea Epulef","26056010","26056010","Aldea Epulef","Aldea Epulef","26","Chubut"
"Localidad simple",-43.587897929,-71.702134687,"26056","Languiñeo","INDEC","268056","Carrenleufú","26056020","26056020","Carrenleufú","Carrenleufú","26","Chubut"
"Localidad simple",-43.241370273,-69.930334884,"26056","Languiñeo","INDEC","268063","Colan Conhué","26056030","26056030","Colan Conhué","Colan Conhué","26","Chubut"
"Localidad simple",-42.735115873,-69.608153689,"26056","Languiñeo","INDEC","268070","Paso del Sapo","26056040","26056040","Paso del Sapo","Paso del Sapo","26","Chubut"
"Localidad simple",-43.492864944,-70.81078074,"26056","Languiñeo","INDEC","260105","Tecka","26056050","26056050","Tecka","Tecka","26","Chubut"
"Localidad simple",-43.419784606,-69.164267673,"26070","Paso de Indios","INDEC","","","26070010","26070010","Cerro Cóndor","Cerro Cóndor","26","Chubut"
"Localidad simple",-40.762995839,-71.641001922,"58070","Los Lagos","INDEC","580133","Villa La Angostura","58070010","58070010","Villa La Angostura","Villa La Angostura","58","Neuquén"
"Localidad simple",-41.094534261,-71.508613974,"62021","Bariloche","INDEC","620077","San Carlos de Bariloche","62021020","62021020","Colonia Suiza","Colonia Suiza","62","Río Negro"
"Localidad simple",-41.653900371,-71.46008482,"62021","Bariloche","INDEC","625028","El Manso","62021040","62021040","El Foyel","El Foyel","62","Río Negro"
"Localidad simple",-41.839633275,-71.504412388,"62021","Bariloche","INDEC","620070","El Bolsón","62021047","62021047","Mallín Ahogado","Mallín Ahogado","62","Río Negro"
"Localidad simple",-41.577855946,-71.502513175,"62021","Bariloche","INDEC","625028","El Manso","62021050","62021050","Río Villegas","Río Villegas","62","Río Negro"
"Localidad simple",-41.134196685,-71.310958312,"62021","Bariloche","INDEC","620077","San Carlos de Bariloche","62021060","62021060","San Carlos de Bariloche","San Carlos de Bariloche","62","Río Negro"
"Localidad simple",-41.349553642,-71.50904163,"62021","Bariloche","INDEC","625049","Villa Mascardi","62021110","62021110","Villa Mascardi","Villa Mascardi","62","Río Negro"
"Localidad simple",-41.167621499,-71.440213727,"62021","Bariloche","INDEC","620077","San Carlos de Bariloche","62021080","62021080","Villa Catedral","Villa Catedral","62","Río Negro"
"Localidad simple",-41.965021628,-71.53436359,"62021","Bariloche","INDEC","620070","El Bolsón","62021030","62021030","El Bolsón","El Bolsón","62","Río Negro"
"Localidad simple",-41.772465114,-70.138070873,"62056","Ñorquinco","INDEC","625238","Mamuel Choique","62056020","62056020","Mamuel Choique","Mamuel Choique","62","Río Negro"
"Localidad simple",-41.710292506,-70.476724137,"62056","Ñorquinco","INDEC","625266","Río Chico","62056050","62056050","Río Chico","Río Chico","62","Río Negro"
"Localidad simple",-41.848928085,-70.898215235,"62056","Ñorquinco","INDEC","620203","Ñorquincó","62056030","62056030","Ñorquinco","Ñorquincó","62","Río Negro"
"Localidad simple",-41.556351202,-69.869368331,"62056","Ñorquinco","INDEC","625245","Ojos de Agua","62056040","62056040","Ojos de Agua","Ojos de Agua","62","Río Negro"
"Localidad simple",-41.456079605,-70.669332664,"62056","Ñorquinco","INDEC","620224","Pilcaniyeu","62056010","62056010","Las Bayas","Las Bayas","62","Río Negro"
"Localidad simple",-40.722024053,-69.841695897,"62070","Pilcaniyeu","INDEC","625231","Laguna Blanca","62070030","62070030","Laguna Blanca","Laguna Blanca","62","Río Negro"
"Localidad simple",-40.894560321,-71.036667452,"62070","Pilcaniyeu","INDEC","625042","Villa Llanquín","62070080","62070080","Villa Llanquín","Villa Llanquín","62","Río Negro"
"Localidad simple",-41.073719812,-71.157491154,"62070","Pilcaniyeu","INDEC","620273","Dina Huapi","62070020","62070020","Dina Huapi","Dina Huapi","62","Río Negro"
"Localidad simple",-40.888954133,-70.023767324,"62070","Pilcaniyeu","INDEC","620217","Comallo","62070005","62070005","Cañadón Chileno","Cañadón Chileno","62","Río Negro"
"Localidad simple",-41.030047592,-70.26932323,"62070","Pilcaniyeu","INDEC","620217","Comallo","62070010","62070010","Comallo","Comallo","62","Río Negro"
"Localidad simple",-41.087387458,-71.141784986,"62070","Pilcaniyeu","INDEC","620273","Dina Huapi","62070040","62070040","Ñirihuau","Ñirihuau","62","Río Negro"
"Localidad simple",-41.122639494,-70.721587284,"62070","Pilcaniyeu","INDEC","620224","Pilcaniyeu","62070060","62070060","Pilcaniyeu","Pilcaniyeu","62","Río Negro"
"Localidad simple",-40.516231176,-70.025849977,"62070","Pilcaniyeu","INDEC","625140","Pilquiniyeu del Limay","62070070","62070070","Pilquiniyeu del Limay","Pilquiniyeu del Limay","62","Río Negro"
"Localidad simple",-40.668548037,-69.106695169,"62091","25 de Mayo","INDEC","625203","Colán Conhué","62091030","62091030","Colán Conhué","Colan Conhue","62","Río Negro"
"Localidad simple",-41.246399604,-70.032710155,"62091","25 de Mayo","INDEC","625217","Clemente Onelli","62091020","62091020","Clemente Onelli","Clemente Onelli","62","Río Negro"
"Localidad simple",-41.330598145,-69.547063621,"62091","25 de Mayo","INDEC","620252","Ingeniero Jacobacci","62091050","62091050","Ingeniero Jacobacci","Ingeniero Jacobacci","62","Río Negro"
"Localidad simple",-41.250225874,-68.698254765,"62091","25 de Mayo","INDEC","620266","Maquinchao","62091070","62091070","Maquinchao","Maquinchao","62","Río Negro"
"Localidad simple",-34.197742429,-60.733700695,"06686","Rojas","INDEC","060686","Rojas","06686060","06686060","Rojas","Rojas","06","Buenos Aires"
"Localidad simple",-33.979830383,-59.670121708,"06070","Baradero","INDEC","060070","Baradero","06070020","06070020","Irineo Portela","Irineo Portela","06","Buenos Aires"
"Localidad simple",-34.060871235,-59.560215964,"06070","Baradero","INDEC","060070","Baradero","06070030","06070030","Santa Coloma","Santa Coloma","06","Buenos Aires"
"Localidad simple",-34.067514908,-60.108691585,"06077","Arrecifes","INDEC","060077","Arrecifes","06077010","06077010","Arrecifes","Arrecifes","06","Buenos Aires"
"Localidad simple",-33.99237915,-60.226418357,"06077","Arrecifes","INDEC","060077","Arrecifes","06077030","06077030","Viña","Viña","06","Buenos Aires"
"Localidad simple",-34.171279849,-59.79359868,"06140","Capitán Sarmiento","INDEC","060140","Capitán Sarmiento","06140010","06140010","Capitán Sarmiento","Capitán Sarmiento","06","Buenos Aires"
"Localidad simple",-34.129565279,-59.926418212,"06140","Capitán Sarmiento","INDEC","060140","Capitán Sarmiento","06140020","06140020","La Luisa","La Luisa","06","Buenos Aires"
"Localidad simple",-34.376662079,-59.822696533,"06161","Carmen de Areco","INDEC","060161","Carmen de Areco","06161010","06161010","Carmen de Areco","Carmen de Areco","06","Buenos Aires"
"Localidad simple",-34.493558355,-59.801354666,"06161","Carmen de Areco","INDEC","060161","Carmen de Areco","06161020","06161020","Pueblo Gouin","Pueblo Gouin","06","Buenos Aires"
"Localidad simple",-34.466563318,-59.999450348,"06161","Carmen de Areco","INDEC","060161","Carmen de Areco","06161030","06161030","Tres Sargentos","Tres Sargentos","06","Buenos Aires"
"Componente de localidad compuesta",-33.913366074,-60.942327512,"06175","Colón","INDEC","060175","Colón","06175020","06175020","Villa Manuel Pomar","Villa Manuel Pomar","06","Buenos Aires"
"Localidad simple",-33.653288319,-60.893058388,"06175","Colón","INDEC","060175","Colón","06175030","06175030","Pearson","Pearson","06","Buenos Aires"
"Localidad simple",-34.613315095,-59.906128241,"06210","Chacabuco","INDEC","060210","Chacabuco","06210010","06210010","Castilla","Castilla","06","Buenos Aires"
"Localidad simple",-34.642025986,-60.471236531,"06210","Chacabuco","INDEC","060210","Chacabuco","06210020","06210020","Chacabuco","Chacabuco","06","Buenos Aires"
"Localidad simple",-34.457145308,-60.180292084,"06210","Chacabuco","INDEC","060210","Chacabuco","06210030","06210030","Los Ángeles","Los Angeles","06","Buenos Aires"
"Localidad simple",-34.585549565,-60.699887552,"06210","Chacabuco","INDEC","060210","Chacabuco","06210040","06210040","O' Higgins","O'Higgins","06","Buenos Aires"
"Localidad simple",-34.60508472,-60.066825041,"06210","Chacabuco","INDEC","060210","Chacabuco","06210050","06210050","Rawson","Rawson","06","Buenos Aires"
"Localidad simple",-34.26179394,-60.966108008,"06294","General Arenales","INDEC","060294","General Arenales","06294060","06294060","La Angelita","La Angelita","06","Buenos Aires"
"Localidad simple",-34.507254035,-60.864898816,"06413","Junín","INDEC","060413","Junín","06413010","06413010","Agustín Roca","Agustín Roca","06","Buenos Aires"
"Localidad simple",-34.657277802,-60.848531659,"06413","Junín","INDEC","060413","Junín","06413055","06413055","Paraje La Agraria","Paraje La Agraria","06","Buenos Aires"
"Localidad simple",-33.755038503,-60.439959294,"06623","Pergamino","INDEC","060623","Pergamino","06623010","06623010","Acevedo","Acevedo","06","Buenos Aires"
"Localidad simple",-33.912063973,-60.460033344,"06623","Pergamino","INDEC","060623","Pergamino","06623020","06623020","Fontezuela","Fontezuela","06","Buenos Aires"
"Localidad simple",-33.676129253,-60.400165145,"06623","Pergamino","INDEC","060623","Pergamino","06623030","06623030","Guerrico","Guerrico","06","Buenos Aires"
"Localidad simple",-33.831381544,-60.487968996,"06623","Pergamino","INDEC","060623","Pergamino","06623040","06623040","Juan A. de la Peña","Juan A. de la Peña","06","Buenos Aires"
"Localidad simple",-33.924309504,-60.382839664,"06623","Pergamino","INDEC","060623","Pergamino","06623050","06623050","Urquiza","Juan Anchorena","06","Buenos Aires"
"Localidad simple",-33.733064625,-60.168512208,"06623","Pergamino","INDEC","060623","Pergamino","06623060","06623060","La Violeta","La Violeta","06","Buenos Aires"
"Localidad simple",-33.76499642,-60.651036602,"06623","Pergamino","INDEC","060623","Pergamino","06623070","06623070","Manuel Ocampo","Manuel Ocampo","06","Buenos Aires"
"Localidad simple",-33.707847096,-60.583422006,"06623","Pergamino","INDEC","060623","Pergamino","06623080","06623080","Mariano Benítez","Mariano Benítez","06","Buenos Aires"
"Localidad simple",-33.913508534,-60.837125464,"06623","Pergamino","INDEC","060623","Pergamino","06623090","06623090","Mariano H. Alfonzo","Mariano H. Alfonzo","06","Buenos Aires"
"Localidad simple",-33.891109145,-60.574586193,"06623","Pergamino","INDEC","060623","Pergamino","06623100","06623100","Pergamino","Pergamino","06","Buenos Aires"
"Localidad simple",-33.993284658,-60.730661398,"06623","Pergamino","INDEC","060623","Pergamino","06623110","06623110","Pinzón","Pinzón","06","Buenos Aires"
"Localidad simple",-34.029793347,-60.502815465,"06623","Pergamino","INDEC","060623","Pergamino","06623120","06623120","Rancagua","Rancagua","06","Buenos Aires"
"Localidad simple",-33.66370177,-60.708579962,"06623","Pergamino","INDEC","060623","Pergamino","06623130","06623130","El Socorro","Villa Angélica","06","Buenos Aires"
"Componente de localidad compuesta",-34.091667931,-60.413503796,"06623","Pergamino","INDEC","060623","Pergamino","06623140","06623140","Villa San José","Villa San José","06","Buenos Aires"
"Localidad simple",-33.570424022,-59.978028422,"06665","Ramallo","INDEC","060665","Ramallo","06665010","06665010","El Paraíso","El Paraíso","06","Buenos Aires"
"Localidad simple",-33.637675011,-59.988854776,"06665","Ramallo","INDEC","060665","Ramallo","06665020","06665020","Las Bahamas","Las Bahamas","06","Buenos Aires"
"Localidad simple",-33.770193926,-60.093741052,"06665","Ramallo","INDEC","060665","Ramallo","06665030","06665030","Pérez Millán","Pérez Millán","06","Buenos Aires"
"Localidad simple",-33.485202118,-60.004438424,"06665","Ramallo","INDEC","060665","Ramallo","06665040","06665040","Ramallo","Ramallo","06","Buenos Aires"
"Localidad simple",-33.43597798,-60.146449766,"06665","Ramallo","INDEC","060665","Ramallo","06665050","06665050","Villa General Savio","Villa General Savio","06","Buenos Aires"
"Localidad simple",-34.1541391,-61.011284299,"06686","Rojas","INDEC","060686","Rojas","06686010","06686010","La Beba","La Beba","06","Buenos Aires"
"Localidad simple",-34.036874525,-60.867621194,"06686","Rojas","INDEC","060686","Rojas","06686020","06686020","Las Carabelas","Las Carabelas","06","Buenos Aires"
"Localidad simple",-34.371815485,-60.654074924,"06686","Rojas","INDEC","060686","Rojas","06686030","06686030","Los Indios","Los Indios","06","Buenos Aires"
"Localidad simple",-34.35964571,-60.783789954,"06686","Rojas","INDEC","060686","Rojas","06686040","06686040","Rafael Obligado","Rafael Obligado","06","Buenos Aires"
"Localidad simple",-34.087718857,-60.667679781,"06686","Rojas","INDEC","060686","Rojas","06686050","06686050","Roberto Cano","Roberto Cano","06","Buenos Aires"
"Localidad simple",-34.268970216,-60.872256472,"06686","Rojas","INDEC","060686","Rojas","06686070","06686070","Sol de Mayo","Sol de Mayo","06","Buenos Aires"
"Componente de localidad compuesta",-33.915451901,-60.938344242,"06686","Rojas","INDEC","060686","Rojas","06686080","06686080","Villa Manuel Pomar","Villa Manuel Pomar","06","Buenos Aires"
"Localidad simple",-33.596812,-59.817693641,"06770","San Pedro","INDEC","060770","San Pedro","06770020","06770020","Obligado","Obligado","06","Buenos Aires"
"Componente de localidad compuesta",-34.101388486,-60.408777338,"06714","Salto","INDEC","060714","Salto","06714010","06714010","Arroyo Dulce","Arroyo Dulce","06","Buenos Aires"
"Localidad simple",-34.397934196,-60.259570552,"06714","Salto","INDEC","060714","Salto","06714020","06714020","Berdier","Berdier","06","Buenos Aires"
"Localidad simple",-34.338233004,-60.101214958,"06714","Salto","INDEC","060714","Salto","06714030","06714030","Gahan","Gahan","06","Buenos Aires"
"Localidad simple",-34.396292547,-60.536849652,"06714","Salto","INDEC","060714","Salto","06714040","06714040","Inés Indart","Inés Indart","06","Buenos Aires"
"Localidad simple",-34.267018129,-60.385802821,"06714","Salto","INDEC","060714","Salto","06714050","06714050","La Invencible","La Invencible","06","Buenos Aires"
"Localidad simple",-34.291746314,-60.254502488,"06714","Salto","INDEC","060714","Salto","06714060","06714060","Salto","Salto","06","Buenos Aires"
"Localidad simple",-34.609116607,-59.629935034,"06728","San Andrés de Giles","INDEC","060728","San Andrés de Giles","06728030","06728030","Franklin","Franklin","06","Buenos Aires"
"Localidad simple",-34.207382186,-59.637022182,"06735","San Antonio de Areco","INDEC","060735","San Antonio de Areco","06735010","06735010","Duggan","Duggan","06","Buenos Aires"
"Localidad simple",-33.5958038,-60.355741199,"06763","San Nicolás","INDEC","060763","San Nicolás","06763010","06763010","Conesa","Conesa","06","Buenos Aires"
"Localidad simple",-33.523462782,-60.316628018,"06763","San Nicolás","INDEC","060763","San Nicolás","06763020","06763020","Erézcano","Erezcano","06","Buenos Aires"
"Localidad simple",-33.474726109,-60.28732209,"06763","San Nicolás","INDEC","060763","San Nicolás","06763030","06763030","General Rojo","General Rojo","06","Buenos Aires"
"Localidad simple",-33.421383409,-60.260363297,"06763","San Nicolás","INDEC","060763","San Nicolás","06763060","06763060","Villa Esperanza","Villa Esperanza","06","Buenos Aires"
"Localidad simple",-33.65901363,-59.868477682,"06770","San Pedro","INDEC","060770","San Pedro","06770010","06770010","Gobernador Castro","Gobernador Castro","06","Buenos Aires"
"Localidad simple",-33.930690027,-59.749458854,"06770","San Pedro","INDEC","060770","San Pedro","06770015","06770015","Ingeniero Moneta","Ingeniero Moneta","06","Buenos Aires"
"Localidad simple",-33.901813792,-59.819004015,"06770","San Pedro","INDEC","060770","San Pedro","06770030","06770030","Pueblo Doyle","Pueblo Doyle","06","Buenos Aires"
"Localidad simple",-33.769292781,-59.639484532,"06770","San Pedro","INDEC","060770","San Pedro","06770040","06770040","Río Tala","Río Tala","06","Buenos Aires"
"Localidad simple",-33.675948032,-59.663015814,"06770","San Pedro","INDEC","060770","San Pedro","06770050","06770050","San Pedro","San Pedro","06","Buenos Aires"
"Localidad simple",-33.88094411,-59.874202144,"06770","San Pedro","INDEC","060770","San Pedro","06770060","06770060","Santa Lucía","Santa Lucía","06","Buenos Aires"
"Localidad simple",-34.60843497,-59.750166284,"06784","Suipacha","INDEC","060784","Suipacha","06784010","06784010","General Rivas","General Rivas","06","Buenos Aires"
"Localidad simple",-33.483177504,-60.956104819,"82028","Constitución","INDEC","822483","Máximo Paz","82028140","82028140","Máximo Paz","Máximo Paz","82","Santa Fe"
"Localidad simple",-33.493837219,-60.510784435,"82028","Constitución","INDEC","822462","Juan B. Molina","82028110","82028110","Juan B. Molina","Juan B. Molina","82","Santa Fe"
"Localidad simple",-33.516017756,-60.610105145,"82028","Constitución","INDEC","822427","Cañada Rica","82028050","82028050","Cañada Rica","Cañada Rica","82","Santa Fe"
"Localidad simple",-33.600176275,-60.597913976,"82028","Constitución","INDEC","822448","General Gelly","82028090","82028090","General Gelly","General Gelly","82","Santa Fe"
"Localidad simple",-33.537779916,-60.799718206,"82028","Constitución","INDEC","822504","Peyrano","82028170","82028170","Peyrano","Peyrano","82","Santa Fe"
"Localidad simple",-33.398178837,-60.623914907,"82028","Constitución","INDEC","822434","Cepeda","82028060","82028060","Cepeda","Cepeda","82","Santa Fe"
"Localidad simple",-33.414340993,-60.559423243,"82028","Constitución","INDEC","822434","Cepeda","82028210","82028210","Stephenson","Stephenson","82","Santa Fe"
"Localidad simple",-33.431334926,-60.629286566,"82028","Constitución","INDEC","822525","Sargento Cabral","82028200","82028200","Sargento Cabral","Sargento Cabral","82","Santa Fe"
"Localidad simple",-33.436646695,-60.790487549,"82028","Constitución","INDEC","822518","Santa Teresa","82028190","82028190","Santa Teresa","Santa Teresa","82","Santa Fe"
"Localidad simple",-28.507683212,-59.045217289,"18007","Bella Vista","INDEC","180007","Bella Vista","18007010","18007010","Bella Vista","Bella Vista","18","Corrientes"
"Localidad simple",-28.972829032,-59.848837173,"82049","General Obligado","INDEC","822819","La Sarita","82049100","82049100","La Sarita","La Sarita","82","Santa Fe"
"Localidad simple",-29.368647813,-59.736191715,"82049","General Obligado","INDEC","822840","Los Laureles","82049140","82049140","Los Laureles","Los Laureles","82","Santa Fe"
"Componente de localidad compuesta",-29.117521481,-59.658472079,"82049","General Obligado","INDEC","820091","Avellaneda","82049020","82049020","Avellaneda","Avellaneda","82","Santa Fe"
"Localidad simple",-29.132999698,-59.947582009,"82049","General Obligado","INDEC","822777","El Araza","82049040","82049040","El Araza","El Araza","82","Santa Fe"
"Componente de localidad compuesta",-29.14451733,-59.643547899,"82049","General Obligado","INDEC","820112","Reconquista","82049180","82049180","Reconquista","Reconquista","82","Santa Fe"
"Localidad simple",-28.384253452,-59.264387725,"82049","General Obligado","INDEC","822854","San Antonio de Obligado","82049190","82049190","San Antonio de Obligado","San Antonio de Obligado","82","Santa Fe"
"Localidad simple",-28.723081244,-59.477697687,"82049","General Obligado","INDEC","822763","Arroyo Ceibal","82049010","82049010","Arroyo Ceibal","Arroyo Ceibal","82","Santa Fe"
"Localidad simple",-28.945053598,-59.563625931,"82049","General Obligado","INDEC","822805","Guadalupe Norte","82049070","82049070","Guadalupe Norte","Guadalupe Norte","82","Santa Fe"
"Localidad simple",-28.759812528,-59.577233272,"82049","General Obligado","INDEC","822812","Ingeniero Chanourdie","82049080","82049080","Ingeniero Chanourdie","Ingeniero Chanourdie","82","Santa Fe"
"Localidad simple",-28.840006734,-59.635194281,"82049","General Obligado","INDEC","822826","Lanteri","82049110","82049110","Lanteri","Lanteri","82","Santa Fe"
"Localidad simple",-28.417846866,-59.257225992,"82049","General Obligado","INDEC","822861","Tacuarendi","82049200","82049200","Tacuarendi","Tacuarendí","82","Santa Fe"
"Localidad simple",-28.492169558,-59.294192675,"82049","General Obligado","INDEC","820119","Villa Ocampo","82049090","82049090","La Isleta","La Isleta","82","Santa Fe"
"Localidad simple",-29.348795563,-59.969905258,"82049","General Obligado","INDEC","820105","Malabrigo","82049150","82049150","Malabrigo","Malabrigo","82","Santa Fe"
"Localidad simple",-28.873609297,-59.865981259,"82049","General Obligado","INDEC","822819","La Sarita","82049160","82049160","Paraje San Manuel","Paraje San Manuel","82","Santa Fe"
"Localidad simple",-28.492662372,-59.613328565,"82049","General Obligado","INDEC","822868","Villa Ana","82049210","82049210","Villa Ana","Villa Ana","82","Santa Fe"
"Localidad simple",-28.354892836,-59.259301675,"82049","General Obligado","INDEC","820098","Las Toscas","82049130","82049130","Las Toscas","Las Toscas","82","Santa Fe"
"Localidad simple",-28.486772613,-59.354747325,"82049","General Obligado","INDEC","820119","Villa Ocampo","82049230","82049230","Villa Ocampo","Villa Ocampo","82","Santa Fe"
"Localidad simple",-28.847137374,-59.499654596,"82049","General Obligado","INDEC","822833","Las Garzas","82049120","82049120","Las Garzas","Las Garzas","82","Santa Fe"
"Localidad simple",-29.272668015,-59.845311095,"82049","General Obligado","INDEC","822770","Berna","82049030","82049030","Berna","Berna","82","Santa Fe"
"Localidad simple",-29.233753298,-59.581040112,"82049","General Obligado","INDEC","820112","Reconquista","82049170","82049170","Puerto Reconquista","Puerto Reconquista","82","Santa Fe"
"Localidad simple",-29.268163526,-60.171541447,"82133","Vera","INDEC","824205","Toba","82133160","82133160","Toba","Toba","82","Santa Fe"
"Localidad simple",-29.05695372,-60.412898601,"82133","Vera","INDEC","824149","Fortín Olmos","82133040","82133040","Fortín Olmos","Fortín Olmos","82","Santa Fe"
"Localidad simple",-28.674865683,-60.070701237,"82133","Vera","INDEC","824170","Intiyaco","82133070","82133070","Intiyaco","Intiyaco","82","Santa Fe"
"Localidad simple",-29.281917076,-60.402675587,"82133","Vera","INDEC","820336","Vera","82133140","82133140","Pueblo Santa Lucía","Pueblo Santa Lucía","82","Santa Fe"
"Localidad simple",-28.94513262,-60.252004069,"82133","Vera","INDEC","824156","Garabato","82133130","82133130","Pozo de los Indios","Pozo de los Indios","82","Santa Fe"
"Localidad simple",-28.671054465,-59.848085638,"82133","Vera","INDEC","824198","Tartagal","82133150","82133150","Tartagal","Tartagal","82","Santa Fe"
"Localidad simple",-28.954490088,-60.135076762,"82133","Vera","INDEC","824156","Garabato","82133050","82133050","Garabato","Garabato","82","Santa Fe"
"Localidad simple",-28.824760144,-60.223405171,"82133","Vera","INDEC","824156","Garabato","82133080","82133080","Kilómetro 115","Kilómetro 115","82","Santa Fe"
"Localidad simple",-28.76250029,-60.091090766,"82133","Vera","INDEC","824170","Intiyaco","82133030","82133030","Colmena","Colmena","82","Santa Fe"
"Localidad simple",-28.309129845,-59.983554195,"82133","Vera","INDEC","824142","Cañada Ombú","82133020","82133020","Cañada Ombú","Cañada Ombú","82","Santa Fe"
"Localidad simple",-28.556375472,-60.024787423,"82133","Vera","INDEC","824163","Golondrina","82133060","82133060","Golondrina","Golondrina","82","Santa Fe"
"Localidad simple",-29.108224532,-60.239286264,"82133","Vera","INDEC","824149","Fortín Olmos","82133120","82133120","Paraje 29","Paraje 29","82","Santa Fe"
"Localidad simple",-30.014607065,-59.529518735,"18049","Esquina","INDEC","180084","Esquina","18049010","18049010","Esquina","Esquina","18","Corrientes"
"Localidad simple",-30.220105734,-59.389758208,"18049","Esquina","INDEC","180091","Pueblo Libertador","18049020","18049020","Pueblo Libertador","Pueblo Libertador","18","Corrientes"
"Localidad simple",-30.085534717,-58.787280777,"18175","Sauce","INDEC","180455","Sauce","18175010","18175010","Sauce","Sauce","18","Corrientes"
"Localidad simple",-30.385443736,-58.750257275,"30042","Feliciano","INDEC","300161","San José de Feliciano","30042010","30042010","San José de Feliciano","San José de Feliciano","30","Entre Ríos"
"Localidad simple",-29.499597898,-59.747702385,"82098","San Javier","INDEC","820237","Romang","82098050","82098050","Romang","Romang","82","Santa Fe"
"Localidad simple",-29.909209629,-59.826868623,"82098","San Javier","INDEC","823687","Alejandra","82098010","82098010","Alejandra","Alejandra","82","Santa Fe"
"Localidad simple",-29.558119278,-59.926592349,"82098","San Javier","INDEC","823701","Colonia Durán","82098030","82098030","Colonia Durán","Colonia Durán","82","Santa Fe"
"Localidad simple",-30.038474096,-60.315243395,"82112","San Justo","INDEC","823932","Pedro Gómez Cello","82112100","82112100","Pedro Gómez Cello","Pedro Gómez Cello","82","Santa Fe"
"Localidad simple",-30.345714262,-60.303514348,"82112","San Justo","INDEC","823953","San Martín Norte","82112140","82112140","San Martín Norte","San Martín Norte","82","Santa Fe"
"Localidad simple",-30.362953549,-60.400239784,"82112","San Justo","INDEC","823890","Gobernador Crespo","82112050","82112050","Gobernador Crespo","Gobernador Crespo","82","Santa Fe"
"Localidad simple",-30.382384558,-60.330486071,"82112","San Justo","INDEC","823876","Colonia Dolores","82112030","82112030","Colonia Dolores","Colonia Dolores","82","Santa Fe"
"Localidad simple",-30.144270055,-60.338807685,"82112","San Justo","INDEC","823967","Vera y Pintado","82112160","82112160","Vera y Pintado","Vera y Pintado","82","Santa Fe"
"Localidad simple",-30.346723383,-60.52124935,"82112","San Justo","INDEC","823911","La Penca y Caraguatá","82112070","82112070","La Penca y Caraguatá","La Penca y Caraguatá","82","Santa Fe"
"Localidad simple",-30.2236712,-60.363604278,"82112","San Justo","INDEC","823904","La Criolla","82112060","82112060","La Criolla","La Criolla","82","Santa Fe"
"Localidad simple",-29.586275929,-60.378224142,"82133","Vera","INDEC","824177","La Gallareta","82133090","82133090","La Gallareta","La Gallareta","82","Santa Fe"
"Localidad simple",-29.888009295,-60.283116146,"82133","Vera","INDEC","820329","Calchaquí","82133010","82133010","Calchaquí","Calchaquí","82","Santa Fe"
"Localidad simple",-29.459228624,-60.214771946,"82133","Vera","INDEC","820336","Vera","82133170","82133170","Vera","Vera","82","Santa Fe"
"Localidad simple",-29.687649602,-60.253184395,"82133","Vera","INDEC","824191","Margarita","82133110","82133110","Margarita","Margarita","82","Santa Fe"
"Localidad simple",-33.807072775,-59.502227835,"06070","Baradero","INDEC","060070","Baradero","06070010","06070010","Baradero","Baradero","06","Buenos Aires"
"Localidad simple",-33.907660918,-59.390649065,"06070","Baradero","INDEC","060070","Baradero","06070040","06070040","Villa Alsina","Villa Alsina","06","Buenos Aires"
"Localidad simple",-34.3665476,-59.375480678,"06728","San Andrés de Giles","INDEC","060728","San Andrés de Giles","06728010","06728010","Azcuénaga","Azcuénaga","06","Buenos Aires"
"Localidad simple",-34.243638134,-59.473652344,"06735","San Antonio de Areco","INDEC","060735","San Antonio de Areco","06735020","06735020","San Antonio de Areco","San Antonio de Areco","06","Buenos Aires"
"Localidad simple",-34.123200256,-59.430482448,"06735","San Antonio de Areco","INDEC","060735","San Antonio de Areco","06735030","06735030","Villa Lía","Villa Lía","06","Buenos Aires"
"Localidad simple",-27.105348615,-59.446376942,"22056","General Donovan","INDEC","220140","La Escondida","22056010","22056010","La Escondida","La Escondida","22","Chaco"
"Localidad simple",-27.13041799,-59.376198307,"22056","General Donovan","INDEC","220154","La Verde","22056020","22056020","La Verde","La Verde","22","Chaco"
"Localidad simple",-27.159332498,-59.385415442,"22056","General Donovan","INDEC","220147","Lapachito","22056030","22056030","Lapachito","Lapachito","22","Chaco"
"Localidad simple",-27.205784921,-59.287086096,"22056","General Donovan","INDEC","220161","Makallé","22056040","22056040","Makallé","Makallé","22","Chaco"
"Localidad simple",-27.275191873,-59.151475692,"22077","Libertad","INDEC","220231","Colonia Popular","22077010","22077010","Colonia Popular","Colonia Popular","22","Chaco"
"Localidad simple",-27.411626261,-59.419345904,"22077","Libertad","INDEC","220245","Puerto Tirol","22077020","22077020","Estación General Obligado","Estación General Obligado","22","Chaco"
"Localidad simple",-27.255430438,-59.233015804,"22077","Libertad","INDEC","220238","Laguna Blanca","22077030","22077030","Laguna Blanca","Laguna Blanca","22","Chaco"
"Localidad simple",-27.374041191,-59.089276165,"22077","Libertad","INDEC","220245","Puerto Tirol","22077040","22077040","Puerto Tirol","Puerto Tirol","22","Chaco"
"Localidad simple",-26.58014248,-59.630033802,"22084","Libertador General San Martín","INDEC","220252","Ciervo Petiso","22084010","22084010","Ciervo Petiso","Ciervo Petiso","22","Chaco"
"Localidad simple",-26.53630236,-59.341321005,"22084","Libertador General San Martín","INDEC","220259","General San Martín","22084020","22084020","General José de San Martín","General José de San Martín","22","Chaco"
"Localidad simple",-26.836461812,-59.06232062,"22084","Libertador General San Martín","INDEC","220266","La Eduvigis","22084030","22084030","La Eduvigis","La Eduvigis","22","Chaco"
"Localidad simple",-26.49583991,-59.680356876,"22084","Libertador General San Martín","INDEC","220273","Laguna Limpia","22084040","22084040","Laguna Limpia","Laguna Limpia","22","Chaco"
"Localidad simple",-26.701149341,-59.124045076,"22084","Libertador General San Martín","INDEC","220280","Pampa Almirón","22084050","22084050","Pampa Almirón","Pampa Almirón","22","Chaco"
"Localidad simple",-26.802352746,-58.957026617,"22084","Libertador General San Martín","INDEC","220266","La Eduvigis","22084080","22084080","Selvas del Río de Oro","Selvas del Río de Oro","22","Chaco"
"Localidad simple",-26.998643135,-59.846377278,"22119","Presidencia de la Plaza","INDEC","220357","Presidencia de la Plaza","22119010","22119010","Presidencia de la Plaza","Presidencia de la Plaza","22","Chaco"
"Localidad simple",-27.332600742,-58.94638942,"22126","1° de Mayo","INDEC","220364","Colonia Benítez","22126020","22126020","Colonia Benítez","Colonia Benítez","22","Chaco"
"Localidad simple",-27.25905683,-58.97055474,"22126","1° de Mayo","INDEC","220371","Margarita Belén","22126030","22126030","Margarita Belén","Margarita Belén","22","Chaco"
"Componente de localidad compuesta",-27.485106066,-58.930736264,"22140","San Fernando","INDEC","220385","Barranqueras","22140010","22140010","Barranqueras","Barranqueras","22","Chaco"
"Localidad simple",-27.887604312,-59.281472031,"22140","San Fernando","INDEC","220392","Basail","22140020","22140020","Basail","Basail","22","Chaco"
"Localidad simple",-27.559706609,-59.307924279,"22140","San Fernando","INDEC","220413","Resistencia","22140030","22140030","Colonia Baranda","Colonia Baranda","22","Chaco"
"Componente de localidad compuesta",-27.420237403,-59.037391255,"22140","San Fernando","INDEC","220399","Fontana","22140040","22140040","Fontana","Fontana","22","Chaco"
"Componente de localidad compuesta",-27.510839145,-58.941715912,"22140","San Fernando","INDEC","220406","Puerto Vilelas","22140050","22140050","Puerto Vilelas","Puerto Vilelas","22","Chaco"
"Componente de localidad compuesta",-27.451075711,-58.986483529,"22140","San Fernando","INDEC","220413","Resistencia","22140060","22140060","Resistencia","Resistencia","22","Chaco"
"Localidad simple",-26.802387809,-59.557083235,"22154","Sargento Cabral","INDEC","220434","Capitán Solari","22154010","22154010","Capitán Solari","Capitán Solari","22","Chaco"
"Localidad simple",-26.931635789,-59.518811427,"22154","Sargento Cabral","INDEC","220441","Colonia Elisa","22154020","22154020","Colonia Elisa","Colonia Elisa","22","Chaco"
"Localidad simple",-26.698348379,-59.632210065,"22154","Sargento Cabral","INDEC","220448","Colonias Unidas","22154030","22154030","Colonias Unidas","Colonias Unidas","22","Chaco"
"Localidad simple",-27.002424706,-59.482623088,"22154","Sargento Cabral","INDEC","220441","Colonia Elisa","22154040","22154040","Ingeniero Barbet","Ingeniero Barbet","22","Chaco"
"Localidad simple",-26.618067785,-59.799042317,"22154","Sargento Cabral","INDEC","220455","Las Garcitas","22154050","22154050","Las Garcitas","Las Garcitas","22","Chaco"
"Localidad simple",-27.652364422,-59.860350732,"22161","Tapenagá","INDEC","220469","Charadai","22161010","22161010","Charadai","Charadai","22","Chaco"
"Localidad simple",-27.531429368,-59.575050061,"22161","Tapenagá","INDEC","220462","Cote Lai","22161020","22161020","Cote Lai","Cote Lai","22","Chaco"
"Localidad simple",-27.542386472,-59.955783014,"22161","Tapenagá","INDEC","220469","Charadai","22161040","22161040","Horquilla","Horquilla","22","Chaco"
"Localidad simple",-27.871450788,-59.936859222,"22161","Tapenagá","INDEC","220469","Charadai","22161050","22161050","La Sabana","La Sabana","22","Chaco"
"Localidad simple",-26.926134761,-60.048419412,"22168","25 de Mayo","INDEC","220476","Machagai","22168020","22168020","Machagai","Machagai","22","Chaco"
"Localidad simple",-26.309061021,-59.372308046,"34056","Pirané","INDEC","340224","El Colorado","34056020","34056020","El Colorado","El Colorado","34","Formosa"
"Localidad simple",-28.040631816,-59.218014756,"82049","General Obligado","INDEC","820095","Florencia","82049060","82049060","Florencia","Florencia","82","Santa Fe"
"Localidad simple",-28.22117761,-59.264219897,"82049","General Obligado","INDEC","822784","El Rabón","82049050","82049050","El Rabón","El Rabón","82","Santa Fe"
"Localidad simple",-28.244524353,-59.45148129,"82049","General Obligado","INDEC","822875","Villa Guillermina","82049220","82049220","Villa Guillermina","Villa Guillermina","82","Santa Fe"
"Localidad simple",-28.101820591,-59.977963605,"82133","Vera","INDEC","824184","Los Amores","82133100","82133100","Los Amores","Los Amores","82","Santa Fe"
"Localidad simple",-44.191367335,-71.664220683,"26098","Tehuelches","INDEC","268147","Dr. Atilio Oscar Viglione","26098010","26098010","Doctor Atilio Oscar Viglione (Frontera de Río Pico)","Doctor Oscar Atilio Viglione (Frontera de Río Pico)","26","Chubut"
"Localidad simple",-44.048706629,-70.599024094,"26098","Tehuelches","INDEC","260147","Gobernador Costa","26098020","26098020","Gobernador Costa","Gobernador Costa","26","Chubut"
"Localidad simple",-44.051465314,-70.470741351,"26098","Tehuelches","INDEC","260154","José de San Martín","26098030","26098030","José de San Martín","José de San Martín","26","Chubut"
"Localidad simple",-44.179354878,-71.368318108,"26098","Tehuelches","INDEC","260161","Río Pico","26098040","26098040","Río Pico","Río Pico","26","Chubut"
"Localidad simple",-51.680918613,-72.088496268,"78021","Güer Aike","INDEC","780056","Río Turbio","78021010","78021010","El Turbio","El Turbio","78","Santa Cruz"
"Localidad simple",-51.53642264,-72.337854905,"78021","Güer Aike","INDEC","780056","Río Turbio","78021070","78021070","Río Turbio","Yacimientos Río Turbio","78","Santa Cruz"
"Localidad simple",-51.579613896,-72.211640393,"78021","Güer Aike","INDEC","780063","28 de Noviembre","78021060","78021060","28 de Noviembre","28 de Noviembre","78","Santa Cruz"
"Localidad simple",-51.547287148,-72.239044068,"78021","Güer Aike","INDEC","780056","Río Turbio","78021020","78021020","Julia Dufour","Julia Dufour","78","Santa Cruz"
"Localidad simple",-51.66536592,-72.145472483,"78021","Güer Aike","INDEC","","","78021050","78021050","Rospentek","Rospentek","78","Santa Cruz"
"Localidad simple",-49.332824656,-72.88591142,"78028","Lago Argentino","INDEC","780074","El Chaltén","78028020","78028020","El Chaltén","El Chaltén","78","Santa Cruz"
"Localidad simple",-50.33802954,-72.260665242,"78028","Lago Argentino","INDEC","780070","El Calafate","78028010","78028010","El Calafate","El Calafate","78","Santa Cruz"
"Localidad simple",-49.597910204,-71.44674679,"78028","Lago Argentino","INDEC","785035","Tres Lagos","78028030","78028030","Tres Lagos","Tres Lagos","78","Santa Cruz"
"Localidad simple",-46.551075658,-71.631270811,"78035","Lago Buenos Aires","INDEC","780077","Los Antiguos","78035010","78035010","Los Antiguos","Los Antiguos","78","Santa Cruz"
"Localidad simple",-46.593816968,-70.929911675,"78035","Lago Buenos Aires","INDEC","780084","Perito Moreno","78035020","78035020","Perito Moreno","Perito Moreno","78","Santa Cruz"
"Localidad simple",-47.443172501,-70.926882673,"78049","Río Chico","INDEC","780084","Perito Moreno","78049010","78049010","Bajo Caracoles","Bajo Caracoles","78","Santa Cruz"
"Localidad simple",-47.565662519,-71.742848247,"78049","Río Chico","INDEC","785042","Lago Posadas","78049030","78049030","Lago Posadas","Hipólito Yrigoyen","78","Santa Cruz"
"Localidad simple",-32.813948303,-70.048955265,"50049","Las Heras","INDEC","500063","Luján de Cuyo","50049040","50049040","Las Cuevas","Las Cuevas","50","Mendoza"
"Componente de localidad compuesta",-32.850341602,-68.840520402,"50049","Las Heras","INDEC","500049","Las Heras","50049050","50049050","Las Heras","Las Heras","50","Mendoza"
"Localidad simple",-32.841526856,-69.842273396,"50049","Las Heras","INDEC","500049","Las Heras","50049060","50049060","Los Penitentes","Los Penitentes","50","Mendoza"
"Localidad simple",-32.794879313,-69.653546415,"50049","Las Heras","INDEC","500049","Las Heras","50049080","50049080","Polvaredas","Polvaredas","50","Mendoza"
"Localidad simple",-32.855779882,-69.763214091,"50049","Las Heras","INDEC","500049","Las Heras","50049100","50049100","Punta de Vacas","Punta de Vacas","50","Mendoza"
"Localidad simple",-32.591132849,-69.347832501,"50049","Las Heras","INDEC","500049","Las Heras","50049110","50049110","Uspallata","Uspallata","50","Mendoza"
"Localidad simple",-32.824552649,-69.909969776,"50049","Las Heras","INDEC","500049","Las Heras","50049090","50049090","Puente del Inca","Puente del Inca","50","Mendoza"
"Componente de localidad compuesta",-32.587124197,-68.668678921,"50049","Las Heras","INDEC","500049","Las Heras","50049030","50049030","Jocolí","Jocolí","50","Mendoza"
"Localidad simple",-32.701967698,-68.540094593,"50056","Lavalle","INDEC","500056","Lavalle","50056030","50056030","Barrio La Palmera","Barrio La Palmera","50","Mendoza"
"Localidad simple",-32.781222126,-68.533811174,"50056","Lavalle","INDEC","500056","Lavalle","50056090","50056090","El Paramillo","El Paramillo","50","Mendoza"
"Localidad simple",-32.758805288,-68.634111889,"50056","Lavalle","INDEC","500056","Lavalle","50056100","50056100","El Vergel","El Vergel","50","Mendoza"
"Localidad simple",-32.708159423,-68.673425058,"50056","Lavalle","INDEC","500056","Lavalle","50056130","50056130","Jocolí Viejo","Jocolí Viejo","50","Mendoza"
"Componente de localidad compuesta",-32.581214132,-68.665144701,"50056","Lavalle","INDEC","500056","Lavalle","50056120","50056120","Jocolí","Jocolí","50","Mendoza"
"Localidad simple",-32.612447974,-68.562233766,"50056","Lavalle","INDEC","500056","Lavalle","50056050","50056050","Barrio Lagunas de Bartoluzzi","Barrio Lagunas de Bartoluzzi","50","Mendoza"
"Localidad simple",-33.120289001,-68.889120121,"50063","Luján de Cuyo","INDEC","500063","Luján de Cuyo","50063010","50063010","Agrelo","Agrelo","50","Mendoza"
"Localidad simple",-33.013145516,-69.118972855,"50063","Luján de Cuyo","INDEC","500063","Luján de Cuyo","50063030","50063030","Cacheuta","Cacheuta","50","Mendoza"
"Localidad simple",-33.319611322,-68.756545484,"50063","Luján de Cuyo","INDEC","500063","Luján de Cuyo","50063050","50063050","El Carrizal","El Carrizal","50","Mendoza"
"Localidad simple",-32.95974492,-69.264859585,"50063","Luján de Cuyo","INDEC","500063","Luján de Cuyo","50063060","50063060","El Salto","El Salto","50","Mendoza"
"Localidad simple",-33.014749232,-69.272245261,"50063","Luján de Cuyo","INDEC","500063","Luján de Cuyo","50063080","50063080","Las Vegas","Las Vegas","50","Mendoza"
"Localidad simple",-32.962320997,-69.201047146,"50063","Luján de Cuyo","INDEC","500063","Luján de Cuyo","50063110","50063110","Potrerillos","Potrerillos","50","Mendoza"
"Localidad simple",-33.03742905,-68.98321446,"50063","Luján de Cuyo","INDEC","500063","Luján de Cuyo","50063070","50063070","Las Compuertas","Las Compuertas","50","Mendoza"
"Localidad simple",-33.00956573,-68.716108548,"50070","Maipú","INDEC","500070","Maipú","50070020","50070020","Barrio Jesús de Nazaret","Barrio Jesús de Nazaret","50","Mendoza"
"Localidad simple",-32.858496622,-68.64976573,"50070","Maipú","INDEC","500070","Maipú","50070040","50070040","El Pedregal","El Pedregal","50","Mendoza"
"Localidad simple",-33.003995979,-68.664451456,"50070","Maipú","INDEC","500070","Maipú","50070050","50070050","Fray Luis Beltrán","Fray Luis Beltrán","50","Mendoza"
"Componente de localidad compuesta",-32.984619782,-68.788209018,"50070","Maipú","INDEC","500070","Maipú","50070060","50070060","Maipú","Maipú","50","Mendoza"
"Localidad simple",-33.030244514,-68.780417039,"50070","Maipú","INDEC","500070","Maipú","50070030","50070030","Cruz de Piedra","Cruz de Piedra","50","Mendoza"
"Localidad simple",-33.231606567,-68.476835912,"50084","Rivadavia","INDEC","500084","Rivadavia","50084030","50084030","Barrio Rivadavia","Barrio Rivadavia","50","Mendoza"
"Localidad simple",-33.290301023,-68.339314382,"50084","Rivadavia","INDEC","500084","Rivadavia","50084040","50084040","El Mirador","El Mirador","50","Mendoza"
"Localidad simple",-33.320034681,-68.329795356,"50084","Rivadavia","INDEC","500084","Rivadavia","50084060","50084060","La Esperanza","La Esperanza","50","Mendoza"
"Localidad simple",-33.265587337,-68.456515098,"50084","Rivadavia","INDEC","500084","Rivadavia","50084070","50084070","La Florida","La Florida","50","Mendoza"
"Localidad simple",-33.212266877,-68.507842267,"50084","Rivadavia","INDEC","500084","Rivadavia","50084080","50084080","La Libertad","La Libertad","50","Mendoza"
"Localidad simple",-33.183249565,-68.566536678,"50084","Rivadavia","INDEC","500084","Rivadavia","50084090","50084090","Los Árboles","Los Árboles","50","Mendoza"
"Localidad simple",-33.175177714,-68.427608253,"50084","Rivadavia","INDEC","500084","Rivadavia","50084120","50084120","Mundo Nuevo","Mundo Nuevo","50","Mendoza"
"Localidad simple",-33.273166743,-68.315311998,"50084","Rivadavia","INDEC","500084","Rivadavia","50084050","50084050","La Central","La Central","50","Mendoza"
"Localidad simple",-33.154885983,-68.355539156,"50098","San Martín","INDEC","500098","San Martín","50098045","50098045","Barrio La Estación","Barrio La Estación","50","Mendoza"
"Localidad simple",-33.074887419,-68.39683195,"50098","San Martín","INDEC","500098","San Martín","50098073","50098073","El Espino","El Espino","50","Mendoza"
"Localidad simple",-32.749518817,-68.324124205,"50098","San Martín","INDEC","500098","San Martín","50098090","50098090","Nueva California","Nueva California","50","Mendoza"
"Localidad simple",-32.899366465,-68.388554787,"50098","San Martín","INDEC","500098","San Martín","50098110","50098110","Tres Porteñas","Tres Porteñas","50","Mendoza"
"Localidad simple",-33.243945328,-68.173557957,"50112","Santa Rosa","INDEC","500112","Santa Rosa","50112020","50112020","Barrio María Auxiliadora","Barrio María Auxiliadora","50","Mendoza"
"Localidad simple",-33.462430458,-69.143259066,"50126","Tupungato","INDEC","500126","Tupungato","50126020","50126020","Cordón del Plata","Cordón del Plata","50","Mendoza"
"Localidad simple",-33.361460969,-69.119603114,"50126","Tupungato","INDEC","500126","Tupungato","50126040","50126040","La Arboleda","La Arboleda","50","Mendoza"
"Localidad simple",-33.367134456,-69.184087744,"50126","Tupungato","INDEC","500126","Tupungato","50126030","50126030","El Peral","El Peral","50","Mendoza"
"Localidad simple",-33.372840907,-69.147574286,"50126","Tupungato","INDEC","500126","Tupungato","50126060","50126060","Tupungato","Tupungato","50","Mendoza"
"Localidad simple",-32.486256954,-66.053015683,"74007","Ayacucho","INDEC","746007","Leandro N. Alem","74007030","74007030","Leandro N. Alem","Leandro N. Alem","74","San Luis"
"Localidad simple",-32.600346448,-66.127087551,"74007","Ayacucho","INDEC","740028","San Francisco del Monte de Oro","74007070","74007070","San Francisco del Monte de Oro","San Francisco del Monte de Oro","74","San Luis"
"Localidad simple",-32.232855872,-65.805036686,"74007","Ayacucho","INDEC","740021","Quines","74007050","74007050","Quines","Quines","74","San Luis"
"Localidad simple",-32.364571454,-65.93315791,"74007","Ayacucho","INDEC","740014","Luján","74007040","74007040","Luján","Luján","74","San Luis"
"Localidad simple",-32.665941391,-66.4507847,"74014","Belgrano","INDEC","740035","Los Manantiales","74014040","74014040","Los Manantiales","Villa General Roca","74","San Luis"
"Localidad simple",-32.810802226,-66.091951945,"74021","Coronel Pringles","INDEC","746035","La Carolina","74021010","74021010","La Carolina","Carolina","74","San Luis"
"Localidad simple",-33.094703889,-65.992817604,"74021","Coronel Pringles","INDEC","740039","El Trapiche","74021070","74021070","Riocito","Riocito","74","San Luis"
"Localidad simple",-33.50208707,-65.792647779,"74021","Coronel Pringles","INDEC","746049","Fraga","74021030","74021030","Fraga","Fraga","74","San Luis"
"Localidad simple",-33.501381895,-66.651458684,"74056","Juan Martín de Pueyrredón","INDEC","746245","Balde","74056130","74056130","Salinas del Bebedero","Salinas del Bebedero","74","San Luis"
"Localidad simple",-33.396447543,-67.026578606,"74056","Juan Martín de Pueyrredón","INDEC","740108","Desaguadero","74056090","74056090","Jarilla","Jarilla","74","San Luis"
"Componente de localidad compuesta",-33.302086483,-66.336854574,"74056","Juan Martín de Pueyrredón","INDEC","740133","San Luis","74056150","74056150","San Luis","San Luis","74","San Luis"
"Componente de localidad compuesta",-33.406008872,-67.149399439,"74056","Juan Martín de Pueyrredón","INDEC","740108","Desaguadero","74056070","74056070","Desaguadero","Desaguadero","74","San Luis"
"Localidad simple",-33.138049293,-66.524025634,"74056","Juan Martín de Pueyrredón","INDEC","746273","San Jerónimo","74056140","74056140","San Jerónimo","San Jerónimo","74","San Luis"
"Localidad simple",-33.403979611,-66.803550366,"74056","Juan Martín de Pueyrredón","INDEC","","","74056060","74056060","Chosmes","Chosmes","74","San Luis"
"Localidad simple",-33.253100147,-66.175161305,"74056","Juan Martín de Pueyrredón","INDEC","740112","El Volcán","74056080","74056080","El Volcán","El Volcán","74","San Luis"
"Componente de localidad compuesta",-33.288899331,-66.266635977,"74056","Juan Martín de Pueyrredón","INDEC","740119","Juana Koslay","74056100","74056100","Juana Koslay","Juana Koslay","74","San Luis"
"Localidad simple",-33.341055433,-66.621697262,"74056","Juan Martín de Pueyrredón","INDEC","746245","Balde","74056030","74056030","Balde","Balde","74","San Luis"
"Localidad simple",-32.533336699,-65.64585986,"74063","Libertador General San Martín","INDEC","746322","Villa de Praga","74063080","74063080","Villa de Praga","Villa de Praga","74","San Luis"
"Localidad simple",-32.675558943,-65.649748362,"74063","Libertador General San Martín","INDEC","","","74063060","74063060","Potrerillo","Potrerillo","74","San Luis"
"Localidad simple",-32.410603795,-65.675711642,"74063","Libertador General San Martín","INDEC","740140","San Martín","74063070","74063070","San Martín","San Martín","74","San Luis"
"Localidad simple",-32.797109364,-65.756295301,"74063","Libertador General San Martín","INDEC","746287","La Vertiente","74063010","74063010","La Vertiente","La Vertiente","74","San Luis"
"Localidad simple",-32.628058077,-65.548598128,"74063","Libertador General San Martín","INDEC","746308","Las Lagunas","74063040","74063040","Las Lagunas","Las Lagunas","74","San Luis"
"Localidad simple",-32.562538171,-65.776902296,"74063","Libertador General San Martín","INDEC","746301","Las Chacras","74063030","74063030","Las Chacras","Las Chacras","74","San Luis"
"Localidad simple",-33.174447162,-64.992061814,"14098","Río Cuarto","INDEC","140756","Achiras","14098010","14098010","Achiras","Achiras","14","Córdoba"
"Localidad simple",-33.505926178,-64.678218671,"14098","Río Cuarto","INDEC","140791","Bulnes","14098060","14098060","Bulnes","Bulnes","14","Córdoba"
"Localidad simple",-33.555629987,-65.002654735,"14098","Río Cuarto","INDEC","140798","Chaján","14098070","14098070","Chaján","Chaján","14","Córdoba"
"Localidad simple",-33.186844322,-64.72511288,"14098","Río Cuarto","INDEC","142560","La Carolina El Potosí","14098120","14098120","La Carolina El Potosí","La Carolina","14","Córdoba"
"Localidad simple",-33.208161319,-64.258443992,"14098","Río Cuarto","INDEC","","","14098140","14098140","La Gilda","La Gilda","14","Córdoba"
"Componente de localidad compuesta",-33.089803876,-64.285362307,"14098","Río Cuarto","INDEC","140840","Las Higueras","14098170","14098170","Las Higueras","Las Higueras","14","Córdoba"
"Localidad simple",-33.28344479,-64.577712485,"14098","Río Cuarto","INDEC","140847","Las Vertientes","14098190","14098190","Las Vertientes","Las Vertientes","14","Córdoba"
"Localidad simple",-33.490405582,-64.430878654,"14098","Río Cuarto","INDEC","142581","Malena","14098200","14098200","Malena","Malena","14","Córdoba"
"Componente de localidad compuesta",-33.123836934,-64.349003218,"14098","Río Cuarto","INDEC","140861","Río Cuarto","14098230","14098230","Río Cuarto","Río Cuarto","14","Córdoba"
"Localidad simple",-33.384022758,-64.722878268,"14098","Río Cuarto","INDEC","140868","Sampacho","14098240","14098240","Sampacho","Sampacho","14","Córdoba"
"Localidad simple",-33.498548484,-64.314731948,"14098","Río Cuarto","INDEC","140875","San Basilio","14098250","14098250","San Basilio","San Basilio","14","Córdoba"
"Localidad simple",-33.205189971,-64.437828682,"14098","Río Cuarto","INDEC","140882","Santa Catalina Holmberg","14098260","14098260","Santa Catalina","Santa Catalina Holmberg","14","Córdoba"
"Localidad simple",-33.43999215,-64.830882263,"14098","Río Cuarto","INDEC","142588","Suco","14098270","14098270","Suco","Suco","14","Córdoba"
"Localidad simple",-32.915223033,-65.375927714,"74028","Chacabuco","INDEC","740056","Naschel","74028030","74028030","Naschel","Naschel","74","San Luis"
"Localidad simple",-32.731249918,-65.291340689,"74028","Chacabuco","INDEC","740063","Tilisarao","74028070","74028070","Tilisarao","Tilisarao","74","San Luis"
"Localidad simple",-32.617444091,-64.981461227,"74028","Chacabuco","INDEC","746105","Villa Larca","74028090","74028090","Villa Larca","Villa Larca","74","San Luis"
"Localidad simple",-32.661195937,-65.305583691,"74028","Chacabuco","INDEC","746091","San Pablo","74028060","74028060","San Pablo","San Pablo","74","San Luis"
"Localidad simple",-32.771591331,-65.364468835,"74028","Chacabuco","INDEC","746084","Renca","74028050","74028050","Renca","Renca","74","San Luis"
"Localidad simple",-33.613170493,-65.272184931,"74035","General Pedernera","INDEC","746119","Juan Jorba","74035010","74035010","Juan Jorba","Juan Jorba","74","San Luis"
"Localidad simple",-33.143884065,-65.090057009,"74035","General Pedernera","INDEC","746133","La Punilla","74035040","74035040","La Punilla","La Punilla","74","San Luis"
"Entidad",-31.396847108,-64.059869098,"14014","Capital","INDEC","140077","Córdoba","1401401002","14014010","Córdoba","La Floresta","14","Córdoba"
"Entidad",-32.867313127,-68.779539701,"50028","Guaymallén","INDEC","500028","Guaymallén","5002802001","50028020","Guaymallén","Bermejo","50","Mendoza"
"Entidad",-34.818755035,-58.423387826,"06028","Almirante Brown","INDEC","060028","Almirante Brown","0602801008","06028010","Almirante Brown","Malvinas Argentinas","06","Buenos Aires"
"Entidad",-34.844020735,-58.362753529,"06028","Almirante Brown","INDEC","060028","Almirante Brown","0602801009","06028010","Almirante Brown","Ministro Rivadavia","06","Buenos Aires"
"Entidad",-34.797372668,-58.388452934,"06028","Almirante Brown","INDEC","060028","Almirante Brown","0602801001","06028010","Almirante Brown","Adrogué","06","Buenos Aires"
"Entidad",-34.828171708,-58.391033877,"06028","Almirante Brown","INDEC","060028","Almirante Brown","0602801002","06028010","Almirante Brown","Burzaco","06","Buenos Aires"
"Entidad",-34.797558866,-58.335204417,"06028","Almirante Brown","INDEC","060028","Almirante Brown","0602801003","06028010","Almirante Brown","Claypole","06","Buenos Aires"
"Entidad",-34.819291543,-58.341854308,"06028","Almirante Brown","INDEC","060028","Almirante Brown","0602801004","06028010","Almirante Brown","Don Orione","06","Buenos Aires"
"Entidad",-34.888336258,-58.382787455,"06028","Almirante Brown","INDEC","060028","Almirante Brown","0602801005","06028010","Almirante Brown","Glew","06","Buenos Aires"
"Entidad",-34.786316598,-58.369842315,"06028","Almirante Brown","INDEC","060028","Almirante Brown","0602801006","06028010","Almirante Brown","José Mármol","06","Buenos Aires"
"Entidad",-34.860729844,-58.38918489,"06028","Almirante Brown","INDEC","060028","Almirante Brown","0602801007","06028010","Almirante Brown","Longchamps","06","Buenos Aires"
"Entidad",-34.797359608,-58.361671161,"06028","Almirante Brown","INDEC","060028","Almirante Brown","0602801010","06028010","Almirante Brown","Rafael Calzada","06","Buenos Aires"
"Entidad",-34.785652553,-58.319568033,"06028","Almirante Brown","INDEC","060028","Almirante Brown","0602801011","06028010","Almirante Brown","San Francisco Solano","06","Buenos Aires"
"Entidad",-34.763632363,-58.343391467,"06028","Almirante Brown","INDEC","060028","Almirante Brown","0602801012","06028010","Almirante Brown","San José","06","Buenos Aires"
"Entidad",-34.683773057,-58.374441484,"06035","Avellaneda","INDEC","060035","Avellaneda","0603501005","06035010","Avellaneda","Gerli","06","Buenos Aires"
"Entidad",-34.66808373,-58.387746501,"06035","Avellaneda","INDEC","060035","Avellaneda","0603501006","06035010","Avellaneda","Piñeyro","06","Buenos Aires"
"Entidad",-34.681796064,-58.346310787,"06035","Avellaneda","INDEC","060035","Avellaneda","0603501007","06035010","Avellaneda","Sarandí","06","Buenos Aires"
"Entidad",-34.694576643,-58.330456453,"06035","Avellaneda","INDEC","060035","Avellaneda","0603501008","06035010","Avellaneda","Villa Domínico","06","Buenos Aires"
"Entidad",-34.704078819,-58.31720951,"06035","Avellaneda","INDEC","060035","Avellaneda","0603501009","06035010","Avellaneda","Wilde","06","Buenos Aires"
"Entidad",-34.68445981,-58.307737109,"06035","Avellaneda","INDEC","060035","Avellaneda","0603501001","06035010","Avellaneda","Área Reserva Cinturón Ecológico","06","Buenos Aires"
"Entidad",-34.663829509,-58.362737357,"06035","Avellaneda","INDEC","060035","Avellaneda","0603501002","06035010","Avellaneda","Avellaneda","06","Buenos Aires"
"Entidad",-34.667991883,-58.357125604,"06035","Avellaneda","INDEC","060035","Avellaneda","0603501003","06035010","Avellaneda","Crucesita","06","Buenos Aires"
"Entidad",-34.650134217,-58.344902262,"06035","Avellaneda","INDEC","060035","Avellaneda","0603501004","06035010","Avellaneda","Dock Sud","06","Buenos Aires"
"Entidad",-38.722770277,-62.272742,"06056","Bahía Blanca","INDEC","060056","Bahía Blanca","0605601001","06056010","Bahía Blanca","Bahía Blanca","06","Buenos Aires"
"Entidad",-38.74927221,-62.190889277,"06056","Bahía Blanca","INDEC","060056","Bahía Blanca","0605601002","06056010","Bahía Blanca","Grünbein","06","Buenos Aires"
"Entidad",-38.779492365,-62.265580694,"06056","Bahía Blanca","INDEC","060056","Bahía Blanca","0605601003","06056010","Bahía Blanca","Ingeniero White","06","Buenos Aires"
"Entidad",-38.693558631,-62.335017425,"06056","Bahía Blanca","INDEC","060056","Bahía Blanca","0605601004","06056010","Bahía Blanca","Villa Bordeau","06","Buenos Aires"
"Entidad",-38.741415624,-62.171375495,"06056","Bahía Blanca","INDEC","060056","Bahía Blanca","0605601005","06056010","Bahía Blanca","Villa Espora","06","Buenos Aires"
"Entidad",-34.763016312,-58.212169152,"06091","Berazategui","INDEC","060091","Berazategui","0609101001","06091010","Berazategui","Berazategui","06","Buenos Aires"
"Entidad",-34.777003357,-58.238886484,"06091","Berazategui","INDEC","060091","Berazategui","0609101002","06091010","Berazategui","Berazategui Oeste","06","Buenos Aires"
"Entidad",-34.806252351,-58.21538848,"06091","Berazategui","INDEC","060091","Berazategui","0609101003","06091010","Berazategui","Carlos Tomás Sourigues","06","Buenos Aires"
"Entidad",-34.884830102,-58.173851738,"06091","Berazategui","INDEC","060091","Berazategui","0609101004","06091010","Berazategui","El Pato","06","Buenos Aires"
"Entidad",-34.791846501,-58.151618973,"06091","Berazategui","INDEC","060091","Berazategui","0609101005","06091010","Berazategui","Guillermo Enrique Hudson","06","Buenos Aires"
"Entidad",-34.83390945,-58.183807689,"06091","Berazategui","INDEC","060091","Berazategui","0609101006","06091010","Berazategui","Juan María Gutiérrez","06","Buenos Aires"
"Entidad",-34.836179091,-58.094289332,"06091","Berazategui","INDEC","060091","Berazategui","0609101007","06091010","Berazategui","Pereyra","06","Buenos Aires"
"Entidad",-34.781807569,-58.170185617,"06091","Berazategui","INDEC","060091","Berazategui","0609101008","06091010","Berazategui","Plátanos","06","Buenos Aires"
"Entidad",-34.787787238,-58.203185368,"06091","Berazategui","INDEC","060091","Berazategui","0609101009","06091010","Berazategui","Ranelagh","06","Buenos Aires"
"Entidad",-34.775471876,-58.199441583,"06091","Berazategui","INDEC","060091","Berazategui","0609101010","06091010","Berazategui","Villa España","06","Buenos Aires"
"Entidad",-34.874295048,-57.854726123,"06098","Berisso","INDEC","060098","Berisso","0609801001","06098010","Berisso","Barrio Banco Provincia","06","Buenos Aires"
"Entidad",-34.930281225,-57.885311023,"06098","Berisso","INDEC","060098","Berisso","0609801002","06098010","Berisso","Barrio El Carmen Este","06","Buenos Aires"
"Entidad",-34.902347525,-57.924829098,"06098","Berisso","INDEC","060098","Berisso","0609801003","06098010","Berisso","Barrio Universitario","06","Buenos Aires"
"Entidad",-34.870293789,-57.883325351,"06098","Berisso","INDEC","060098","Berisso","0609801004","06098010","Berisso","Berisso","06","Buenos Aires"
"Entidad",-34.911023839,-57.784268841,"06098","Berisso","INDEC","060098","Berisso","0609801005","06098010","Berisso","Los Talas","06","Buenos Aires"
"Entidad",-34.906933156,-57.916348197,"06098","Berisso","INDEC","060098","Berisso","0609801006","06098010","Berisso","Villa Argüello","06","Buenos Aires"
"Entidad",-34.878730563,-57.867376051,"06098","Berisso","INDEC","060098","Berisso","0609801007","06098010","Berisso","Villa Dolores","06","Buenos Aires"
"Entidad",-34.882168015,-57.8595092,"06098","Berisso","INDEC","060098","Berisso","0609801008","06098010","Berisso","Villa Independencia","06","Buenos Aires"
"Entidad",-34.895271965,-57.907496223,"06098","Berisso","INDEC","060098","Berisso","0609801009","06098010","Berisso","Villa Nueva","06","Buenos Aires"
"Entidad",-34.887154969,-57.898086332,"06098","Berisso","INDEC","060098","Berisso","0609801010","06098010","Berisso","Villa Porteña","06","Buenos Aires"
"Entidad",-34.924053302,-57.899885228,"06098","Berisso","INDEC","060098","Berisso","0609801011","06098010","Berisso","Villa Progreso","06","Buenos Aires"
"Entidad",-34.876971356,-57.87439712,"06098","Berisso","INDEC","060098","Berisso","0609801012","06098010","Berisso","Villa San Carlos","06","Buenos Aires"
"Entidad",-34.882975557,-57.844716318,"06098","Berisso","INDEC","060098","Berisso","0609801013","06098010","Berisso","Villa Zula","06","Buenos Aires"
"Entidad",-34.898994337,-58.651376304,"06134","Cañuelas","INDEC","060134","Cañuelas","0613405001","06134050","Máximo Paz","Barrio Belgrano","06","Buenos Aires"
"Entidad",-34.939420315,-58.616031565,"06134","Cañuelas","INDEC","060134","Cañuelas","0613405002","06134050","Máximo Paz","Máximo Paz","06","Buenos Aires"
"Entidad",-38.878173353,-62.079480461,"06182","Coronel de Marina Leonardo Rosales","INDEC","060182","Coronel de Marina Leonardo Rosales","0618203001","06182030","Punta Alta","Punta Alta","06","Buenos Aires"
"Entidad",-38.85438911,-62.116520631,"06182","Coronel de Marina Leonardo Rosales","INDEC","060182","Coronel de Marina Leonardo Rosales","0618203002","06182030","Punta Alta","Villa del Mar","06","Buenos Aires"
"Entidad",-35.574206377,-58.011281451,"06218","Chascomús","INDEC","060218","Chascomús","0621801001","06218010","Chascomús","Chascomús","06","Buenos Aires"
"Entidad",-35.535390052,-58.01399473,"06218","Chascomús","INDEC","060218","Chascomús","0621801003","06218010","Chascomús","Barrio San Cayetano","06","Buenos Aires"
"Entidad",-34.894787764,-57.934267256,"06245","Ensenada","INDEC","060245","Ensenada","0624501001","06245010","Ensenada","Dique N° 1","06","Buenos Aires"
"Entidad",-34.862418006,-57.908942066,"06245","Ensenada","INDEC","060245","Ensenada","0624501002","06245010","Ensenada","Ensenada","06","Buenos Aires"
"Entidad",-34.845519766,-57.894782613,"06245","Ensenada","INDEC","060245","Ensenada","0624501003","06245010","Ensenada","Isla Santiago","06","Buenos Aires"
"Entidad",-34.809816003,-57.983798738,"06245","Ensenada","INDEC","060245","Ensenada","0624501004","06245010","Ensenada","Punta Lara","06","Buenos Aires"
"Entidad",-34.887186419,-57.948423817,"06245","Ensenada","INDEC","060245","Ensenada","0624501005","06245010","Ensenada","Villa Catela","06","Buenos Aires"
"Entidad",-34.345470731,-58.792810437,"06252","Escobar","INDEC","060252","Escobar","0625201001","06252010","Escobar","Belén de Escobar","06","Buenos Aires"
"Entidad",-34.311523024,-58.764346015,"06252","Escobar","INDEC","060252","Escobar","0625201002","06252010","Escobar","El Cazador","06","Buenos Aires"
"Entidad",-34.42303391,-58.739461304,"06252","Escobar","INDEC","060252","Escobar","0625201003","06252010","Escobar","Garín","06","Buenos Aires"
"Entidad",-34.389235066,-58.737866606,"06252","Escobar","INDEC","060252","Escobar","0625201004","06252010","Escobar","Ingeniero Maschwitz","06","Buenos Aires"
"Entidad",-34.330700951,-58.845807954,"06252","Escobar","INDEC","060252","Escobar","0625201005","06252010","Escobar","Loma Verde","06","Buenos Aires"
"Entidad",-34.385245091,-58.827805648,"06252","Escobar","INDEC","060252","Escobar","0625201006","06252010","Escobar","Matheu","06","Buenos Aires"
"Entidad",-34.40064984,-58.776291516,"06252","Escobar","INDEC","060252","Escobar","0625201007","06252010","Escobar","Maquinista F. Savio Este","06","Buenos Aires"
"Entidad",-34.857018398,-58.497907219,"06260","Esteban Echeverría","INDEC","060260","Esteban Echeverría","0626001001","06260010","Esteban Echeverría","Canning","06","Buenos Aires"
"Entidad",-34.830853317,-58.494883697,"06260","Esteban Echeverría","INDEC","060260","Esteban Echeverría","0626001002","06260010","Esteban Echeverría","El Jagüel","06","Buenos Aires"
"Entidad",-34.802641553,-58.45067543,"06260","Esteban Echeverría","INDEC","060260","Esteban Echeverría","0626001003","06260010","Esteban Echeverría","Luis Guillón","06","Buenos Aires"
"Entidad",-34.816355799,-58.468264232,"06260","Esteban Echeverría","INDEC","060260","Esteban Echeverría","0626001004","06260010","Esteban Echeverría","Monte Grande","06","Buenos Aires"
"Entidad",-34.762787871,-58.487547993,"06260","Esteban Echeverría","INDEC","060260","Esteban Echeverría","0626001005","06260010","Esteban Echeverría","9 de Abril","06","Buenos Aires"
"Entidad",-34.389771706,-59.080778296,"06266","Exaltación de la Cruz","INDEC","060266","Exaltación de la Cruz","0626606001","06266060","Pavón - Barrio El Remanso - Barrio Los Pinos","El Remanso","06","Buenos Aires"
"Entidad",-34.647457325,-58.621861549,"06568","Morón","INDEC","060568","Morón","0656801004","06568010","Morón","Morón","06","Buenos Aires"
"Entidad",-34.371892282,-59.124683777,"06266","Exaltación de la Cruz","INDEC","060266","Exaltación de la Cruz","0626606002","06266060","Pavón - Barrio El Remanso - Barrio Los Pinos","Parada Robles","06","Buenos Aires"
"Entidad",-34.393179858,-59.034704047,"06266","Exaltación de la Cruz","INDEC","060266","Exaltación de la Cruz","0626606003","06266060","Pavón - Barrio El Remanso - Barrio Los Pinos","Pavón","06","Buenos Aires"
"Entidad",-34.792503536,-58.52463963,"06270","Ezeiza","INDEC","060270","Ezeiza","0627001001","06270010","Ezeiza","Aeropuerto Internacional Ezeiza","06","Buenos Aires"
"Entidad",-34.877393981,-58.50753267,"06270","Ezeiza","INDEC","060270","Ezeiza","0627001002","06270010","Ezeiza","Canning","06","Buenos Aires"
"Entidad",-34.911746702,-58.59216652,"06270","Ezeiza","INDEC","060270","Ezeiza","0627001003","06270010","Ezeiza","Carlos Spegazzini","06","Buenos Aires"
"Entidad",-34.852762171,-58.523201126,"06270","Ezeiza","INDEC","060270","Ezeiza","0627001004","06270010","Ezeiza","José María Ezeiza","06","Buenos Aires"
"Entidad",-34.875566365,-58.541981415,"06270","Ezeiza","INDEC","060270","Ezeiza","0627001005","06270010","Ezeiza","La Unión","06","Buenos Aires"
"Entidad",-34.890959166,-58.566554363,"06270","Ezeiza","INDEC","060270","Ezeiza","0627001006","06270010","Ezeiza","Tristán Suárez","06","Buenos Aires"
"Entidad",-34.816610631,-58.231313953,"06274","Florencio Varela","INDEC","060274","Florencio Varela","0627401001","06274010","Florencio Varela","Bosques","06","Buenos Aires"
"Entidad",-34.81417985,-58.241218063,"06274","Florencio Varela","INDEC","060274","Florencio Varela","0627401002","06274010","Florencio Varela","Estanislao Severo Zeballos","06","Buenos Aires"
"Entidad",-34.808985769,-58.276150016,"06274","Florencio Varela","INDEC","060274","Florencio Varela","0627401003","06274010","Florencio Varela","San Juan Bautista","06","Buenos Aires"
"Entidad",-34.807548418,-58.303851056,"06274","Florencio Varela","INDEC","060274","Florencio Varela","0627401004","06274010","Florencio Varela","Gobernador Julio A. Costa","06","Buenos Aires"
"Entidad",-34.866683488,-58.198557369,"06274","Florencio Varela","INDEC","060274","Florencio Varela","0627401005","06274010","Florencio Varela","Ingeniero Juan Allan","06","Buenos Aires"
"Entidad",-34.871296313,-58.275494514,"06274","Florencio Varela","INDEC","060274","Florencio Varela","0627401006","06274010","Florencio Varela","Villa Brown","06","Buenos Aires"
"Entidad",-34.857377207,-58.273813122,"06274","Florencio Varela","INDEC","060274","Florencio Varela","0627401007","06274010","Florencio Varela","Villa San Luis","06","Buenos Aires"
"Entidad",-34.837063971,-58.28217957,"06274","Florencio Varela","INDEC","060274","Florencio Varela","0627401008","06274010","Florencio Varela","Villa Santa Rosa","06","Buenos Aires"
"Entidad",-34.826973816,-58.271402328,"06274","Florencio Varela","INDEC","060274","Florencio Varela","0627401009","06274010","Florencio Varela","Villa Vatteone","06","Buenos Aires"
"Entidad",-34.946524377,-58.267274798,"06274","Florencio Varela","INDEC","060274","Florencio Varela","0627401010","06274010","Florencio Varela","El Tropezón","06","Buenos Aires"
"Entidad",-34.925691978,-58.26469752,"06274","Florencio Varela","INDEC","060274","Florencio Varela","0627401011","06274010","Florencio Varela","La Capilla","06","Buenos Aires"
"Entidad",-34.521746344,-58.755374082,"06412","José C. Paz","INDEC","060412","José C. Paz","0641201002","06412010","José C. Paz","José C. Paz","06","Buenos Aires"
"Entidad",-37.020286981,-57.103388042,"06315","General Juan Madariaga","INDEC","060315","General Juan Madariaga","0631501001","06315010","General Juan Madariaga","Barrio Kennedy","06","Buenos Aires"
"Entidad",-37.001958169,-57.135837817,"06315","General Juan Madariaga","INDEC","060315","General Juan Madariaga","0631501002","06315010","General Juan Madariaga","General Juan Madariaga","06","Buenos Aires"
"Entidad",-37.940141194,-57.549942487,"06357","General Pueyrredón","INDEC","060357","General Pueyrredón","0635711001","06357110","Mar del Plata","Camet","06","Buenos Aires"
"Entidad",-37.888422151,-57.606946441,"06357","General Pueyrredón","INDEC","060357","General Pueyrredón","0635711002","06357110","Mar del Plata","Estación Camet","06","Buenos Aires"
"Entidad",-38.006449419,-57.543837778,"06357","General Pueyrredón","INDEC","060357","General Pueyrredón","0635711003","06357110","Mar del Plata","Mar del Plata","06","Buenos Aires"
"Entidad",-38.066952786,-57.551039231,"06357","General Pueyrredón","INDEC","060357","General Pueyrredón","0635711004","06357110","Mar del Plata","Punta Mogotes","06","Buenos Aires"
"Entidad",-37.831595727,-57.622111118,"06357","General Pueyrredón","INDEC","060357","General Pueyrredón","0635711005","06357110","Mar del Plata","Barrio El Casal","06","Buenos Aires"
"Entidad",-22.134602858,-65.468156403,"38112","Yavi","INDEC","386273","Yavi","3811208001","38112080","Yavi","San José","38","Jujuy"
"Entidad",-37.892525247,-57.824524762,"06357","General Pueyrredón","INDEC","060357","General Pueyrredón","0635712001","06357120","Sierra de los Padres","Barrio Colinas Verdes","06","Buenos Aires"
"Entidad",-37.910501328,-57.748810152,"06357","General Pueyrredón","INDEC","060357","General Pueyrredón","0635712002","06357120","Sierra de los Padres","Barrio El Coyunco","06","Buenos Aires"
"Entidad",-34.936106548,-57.98493141,"06441","La Plata","INDEC","060441","La Plata","0644103006","06441030","La Plata","Barrio Gambier","06","Buenos Aires"
"Entidad",-37.933267192,-57.775560082,"06357","General Pueyrredón","INDEC","060357","General Pueyrredón","0635712003","06357120","Sierra de los Padres","Barrio La Gloria","06","Buenos Aires"
"Entidad",-37.947627588,-57.777867136,"06357","General Pueyrredón","INDEC","060357","General Pueyrredón","0635712004","06357120","Sierra de los Padres","Sierra de los Padres","06","Buenos Aires"
"Entidad",-34.556685172,-58.938385023,"06364","General Rodríguez","INDEC","060364","General Rodríguez","0636403001","06364030","General Rodríguez","Barrio Morabo","06","Buenos Aires"
"Entidad",-34.684306005,-58.958293264,"06364","General Rodríguez","INDEC","060364","General Rodríguez","0636403002","06364030","General Rodríguez","Barrio Ruta 24 Kilómetro 10","06","Buenos Aires"
"Entidad",-34.589847318,-58.90600678,"06364","General Rodríguez","INDEC","060364","General Rodríguez","0636403003","06364030","General Rodríguez","Country Club Bosque Real","06","Buenos Aires"
"Entidad",-34.608206483,-58.951079892,"06364","General Rodríguez","INDEC","060364","General Rodríguez","0636403004","06364030","General Rodríguez","General Rodríguez","06","Buenos Aires"
"Entidad",-34.571503129,-58.548625476,"06371","General San Martín","INDEC","060371","General San Martín","0637101027","06371010","General San Martín","Villa Yapeyú","06","Buenos Aires"
"Entidad",-34.565636539,-58.586131558,"06371","General San Martín","INDEC","060371","General San Martín","0637101001","06371010","General San Martín","Barrio Parque General San Martín","06","Buenos Aires"
"Entidad",-34.575207686,-58.574738527,"06371","General San Martín","INDEC","060371","General San Martín","0637101002","06371010","General San Martín","Billinghurst","06","Buenos Aires"
"Entidad",-34.57925154,-58.539172289,"06371","General San Martín","INDEC","060371","General San Martín","0637101003","06371010","General San Martín","Ciudad del Libertador General San Martín","06","Buenos Aires"
"Entidad",-34.541968133,-58.594839695,"06371","General San Martín","INDEC","060371","General San Martín","0637101004","06371010","General San Martín","Ciudad Jardín El Libertador","06","Buenos Aires"
"Entidad",-34.589551842,-58.553394064,"06371","General San Martín","INDEC","060371","General San Martín","0637101005","06371010","General San Martín","Villa Ayacucho","06","Buenos Aires"
"Entidad",-34.548083492,-58.557084483,"06371","General San Martín","INDEC","060371","General San Martín","0637101006","06371010","General San Martín","Villa Ballester","06","Buenos Aires"
"Entidad",-34.589532907,-58.540871306,"06371","General San Martín","INDEC","060371","General San Martín","0637101007","06371010","General San Martín","Villa Bernardo Monteagudo","06","Buenos Aires"
"Entidad",-34.47608182,-58.799352148,"06412","José C. Paz","INDEC","060412","José C. Paz","0641201001","06412010","José C. Paz","Del Viso","06","Buenos Aires"
"Entidad",-34.488214933,-58.778268264,"06412","José C. Paz","INDEC","060412","José C. Paz","0641201003","06412010","José C. Paz","Tortuguitas","06","Buenos Aires"
"Entidad",-34.582014709,-58.527171863,"06371","General San Martín","INDEC","060371","General San Martín","0637101008","06371010","General San Martín","Villa Chacabuco","06","Buenos Aires"
"Entidad",-34.558868165,-58.576649598,"06371","General San Martín","INDEC","060371","General San Martín","0637101009","06371010","General San Martín","Villa Coronel José M. Zapiola","06","Buenos Aires"
"Entidad",-34.545938619,-58.568708465,"06371","General San Martín","INDEC","060371","General San Martín","0637101010","06371010","General San Martín","Villa General Antonio J. de Sucre","06","Buenos Aires"
"Entidad",-34.512498375,-58.579832552,"06371","General San Martín","INDEC","060371","General San Martín","0637101011","06371010","General San Martín","Villa General Eugenio Necochea","06","Buenos Aires"
"Entidad",-34.552656908,-58.567153181,"06371","General San Martín","INDEC","060371","General San Martín","0637101012","06371010","General San Martín","Villa General José Tomás Guido","06","Buenos Aires"
"Entidad",-34.560540442,-58.558540788,"06371","General San Martín","INDEC","060371","General San Martín","0637101013","06371010","General San Martín","Villa General Juan G. Las Heras","06","Buenos Aires"
"Entidad",-34.542748561,-58.576523031,"06371","General San Martín","INDEC","060371","General San Martín","0637101014","06371010","General San Martín","Villa Godoy Cruz","06","Buenos Aires"
"Entidad",-34.551071751,-58.528864504,"06371","General San Martín","INDEC","060371","General San Martín","0637101015","06371010","General San Martín","Villa Granaderos de San Martín","06","Buenos Aires"
"Entidad",-34.538068236,-58.549090674,"06371","General San Martín","INDEC","060371","General San Martín","0637101016","06371010","General San Martín","Villa Gregoria Matorras","06","Buenos Aires"
"Entidad",-34.530995319,-58.576311084,"06371","General San Martín","INDEC","060371","General San Martín","0637101017","06371010","General San Martín","Villa José León Suárez","06","Buenos Aires"
"Entidad",-34.572067332,-58.562337484,"06371","General San Martín","INDEC","060371","General San Martín","0637101018","06371010","General San Martín","Villa Juan Martín de Pueyrredón","06","Buenos Aires"
"Entidad",-34.584278411,-58.562611783,"06371","General San Martín","INDEC","060371","General San Martín","0637101019","06371010","General San Martín","Villa Libertad","06","Buenos Aires"
"Entidad",-34.592143451,-58.524058609,"06371","General San Martín","INDEC","060371","General San Martín","0637101020","06371010","General San Martín","Villa Lynch","06","Buenos Aires"
"Entidad",-34.568894989,-58.524441054,"06371","General San Martín","INDEC","060371","General San Martín","0637101021","06371010","General San Martín","Villa Maipú","06","Buenos Aires"
"Entidad",-34.564911293,-58.592619001,"06371","General San Martín","INDEC","060371","General San Martín","0637101022","06371010","General San Martín","Va.María Irene de los Remedios Escalada","06","Buenos Aires"
"Entidad",-34.556362305,-58.538824845,"06371","General San Martín","INDEC","060371","General San Martín","0637101023","06371010","General San Martín","Va.Marqués Alejandro María de Aguado","06","Buenos Aires"
"Entidad",-34.594520683,-58.532529599,"06371","General San Martín","INDEC","060371","General San Martín","0637101024","06371010","General San Martín","Villa Parque Presidente Figueroa Alcorta","06","Buenos Aires"
"Entidad",-34.563591406,-58.533178243,"06371","General San Martín","INDEC","060371","General San Martín","0637101025","06371010","General San Martín","Villa Parque San Lorenzo","06","Buenos Aires"
"Entidad",-34.565074134,-58.541870945,"06371","General San Martín","INDEC","060371","General San Martín","0637101026","06371010","General San Martín","Villa San Andrés","06","Buenos Aires"
"Entidad",-34.589838393,-58.63741661,"06408","Hurlingham","INDEC","060408","Hurlingham","0640801001","06408010","Hurlingham","Hurlingham","06","Buenos Aires"
"Entidad",-34.619958508,-58.640161793,"06408","Hurlingham","INDEC","060408","Hurlingham","0640801002","06408010","Hurlingham","Villa Santos Tesei","06","Buenos Aires"
"Entidad",-34.579698279,-58.657078197,"06408","Hurlingham","INDEC","060408","Hurlingham","0640801003","06408010","Hurlingham","William C. Morris","06","Buenos Aires"
"Entidad",-34.650604119,-58.671721958,"06410","Ituzaingó","INDEC","060410","Ituzaingó","0641001001","06410010","Ituzaingó","Ituzaingó Centro","06","Buenos Aires"
"Entidad",-34.663765993,-58.665478191,"06410","Ituzaingó","INDEC","060410","Ituzaingó","0641001002","06410010","Ituzaingó","Ituzaingó Sur","06","Buenos Aires"
"Entidad",-34.618346405,-58.696723713,"06410","Ituzaingó","INDEC","060410","Ituzaingó","0641001003","06410010","Ituzaingó","Villa Gobernador Udadondo","06","Buenos Aires"
"Entidad",-36.573876979,-56.690889903,"06420","La Costa","INDEC","060420","La Costa","0642004001","06420040","Mar del Tuyú - Mar de Ajó - San Bernardo","Mar del Tuyú","06","Buenos Aires"
"Entidad",-36.540592501,-56.692940742,"06420","La Costa","INDEC","060420","La Costa","0642004002","06420040","Mar del Tuyú - Mar de Ajó - San Bernardo","Santa Teresita","06","Buenos Aires"
"Entidad",-34.706983735,-58.519168623,"06427","La Matanza","INDEC","060427","La Matanza","0642701001","06427010","La Matanza","Aldo Bonzi","06","Buenos Aires"
"Entidad",-34.715773149,-58.534945617,"06427","La Matanza","INDEC","060427","La Matanza","0642701002","06427010","La Matanza","Ciudad Evita","06","Buenos Aires"
"Entidad",-34.773025312,-58.644039394,"06427","La Matanza","INDEC","060427","La Matanza","0642701003","06427010","La Matanza","González Catán","06","Buenos Aires"
"Entidad",-34.746993578,-58.589256798,"06427","La Matanza","INDEC","060427","La Matanza","0642701004","06427010","La Matanza","Gregorio de Laferrere","06","Buenos Aires"
"Entidad",-34.710970266,-58.585808419,"06427","La Matanza","INDEC","060427","La Matanza","0642701005","06427010","La Matanza","Isidro Casanova","06","Buenos Aires"
"Entidad",-34.686462325,-58.525646139,"06427","La Matanza","INDEC","060427","La Matanza","0642701006","06427010","La Matanza","La Tablada","06","Buenos Aires"
"Entidad",-31.537683006,-64.303445067,"14147","Santa María","INDEC","143043","Los Cedros","1414719001","14147190","Los Cedros","Las Quintas","14","Córdoba"
"Entidad",-34.665276521,-58.531773928,"06427","La Matanza","INDEC","060427","La Matanza","0642701007","06427010","La Matanza","Lomas del Mirador","06","Buenos Aires"
"Entidad",-34.709098532,-58.62563352,"06427","La Matanza","INDEC","060427","La Matanza","0642701008","06427010","La Matanza","Rafael Castillo","06","Buenos Aires"
"Entidad",-34.645499339,-58.559665743,"06427","La Matanza","INDEC","060427","La Matanza","0642701009","06427010","La Matanza","Ramos Mejía","06","Buenos Aires"
"Entidad",-34.68114175,-58.563738604,"06427","La Matanza","INDEC","060427","La Matanza","0642701010","06427010","La Matanza","San Justo","06","Buenos Aires"
"Entidad",-34.699052209,-58.507857545,"06427","La Matanza","INDEC","060427","La Matanza","0642701011","06427010","La Matanza","Tapiales","06","Buenos Aires"
"Entidad",-34.776153942,-58.729567304,"06427","La Matanza","INDEC","060427","La Matanza","0642701012","06427010","La Matanza","20 de Junio","06","Buenos Aires"
"Entidad",-34.688132275,-58.493173811,"06427","La Matanza","INDEC","060427","La Matanza","0642701013","06427010","La Matanza","Villa Eduardo Madero","06","Buenos Aires"
"Entidad",-34.66353089,-58.582392279,"06427","La Matanza","INDEC","060427","La Matanza","0642701014","06427010","La Matanza","Villa Luzuriaga","06","Buenos Aires"
"Entidad",-34.837653605,-58.646968225,"06427","La Matanza","INDEC","060427","La Matanza","0642701015","06427010","La Matanza","Virrey del Pino","06","Buenos Aires"
"Entidad",-34.69083237,-58.381932239,"06434","Lanús","INDEC","060434","Lanús","0643401001","06434010","Lanús","Gerli","06","Buenos Aires"
"Entidad",-34.714160377,-58.374305598,"06434","Lanús","INDEC","060434","Lanús","0643401002","06434010","Lanús","Lanús Este","06","Buenos Aires"
"Entidad",-34.703770938,-58.400560309,"06434","Lanús","INDEC","060434","Lanús","0643401003","06434010","Lanús","Lanús Oeste","06","Buenos Aires"
"Entidad",-34.729585483,-58.354221497,"06434","Lanús","INDEC","060434","Lanús","0643401004","06434010","Lanús","Monte Chingolo","06","Buenos Aires"
"Entidad",-34.725910284,-58.396701853,"06434","Lanús","INDEC","060434","Lanús","0643401005","06434010","Lanús","Remedios de Escalada de San Martín","06","Buenos Aires"
"Entidad",-34.671414013,-58.409048646,"06434","Lanús","INDEC","060434","Lanús","0643401006","06434010","Lanús","Valentín Alsina","06","Buenos Aires"
"Entidad",-34.986759126,-58.090865714,"06441","La Plata","INDEC","060441","La Plata","0644103001","06441030","La Plata","Abasto","06","Buenos Aires"
"Entidad",-35.024480882,-58.078137945,"06441","La Plata","INDEC","060441","La Plata","0644103002","06441030","La Plata","Ángel Etcheverry","06","Buenos Aires"
"Entidad",-34.99960341,-57.892465508,"06441","La Plata","INDEC","060441","La Plata","0644103003","06441030","La Plata","Arana","06","Buenos Aires"
"Entidad",-34.891347213,-58.13193574,"06441","La Plata","INDEC","060441","La Plata","0644103004","06441030","La Plata","Arturo Seguí","06","Buenos Aires"
"Entidad",-34.938930046,-57.87759851,"06441","La Plata","INDEC","060441","La Plata","0644103005","06441030","La Plata","Barrio El Carmen Oeste","06","Buenos Aires"
"Entidad",-34.934331775,-58.001724759,"06441","La Plata","INDEC","060441","La Plata","0644103007","06441030","La Plata","Barrio Las Malvinas","06","Buenos Aires"
"Entidad",-34.925118315,-58.016473315,"06441","La Plata","INDEC","060441","La Plata","0644103008","06441030","La Plata","Barrio Las Quintas","06","Buenos Aires"
"Entidad",-34.867474018,-58.047422795,"06441","La Plata","INDEC","060441","La Plata","0644103009","06441030","La Plata","City Bell","06","Buenos Aires"
"Entidad",-34.948312977,-57.994881961,"06441","La Plata","INDEC","060441","La Plata","0644103010","06441030","La Plata","El Retiro","06","Buenos Aires"
"Entidad",-34.905447227,-58.043636782,"06441","La Plata","INDEC","060441","La Plata","0644103011","06441030","La Plata","Joaquín Gorina","06","Buenos Aires"
"Entidad",-34.89885949,-58.010635461,"06441","La Plata","INDEC","060441","La Plata","0644103012","06441030","La Plata","José Hernández","06","Buenos Aires"
"Entidad",-34.945675206,-58.036480819,"06441","La Plata","INDEC","060441","La Plata","0644103013","06441030","La Plata","José Melchor Romero","06","Buenos Aires"
"Entidad",-34.923304154,-58.003379679,"06441","La Plata","INDEC","060441","La Plata","0644103014","06441030","La Plata","La Cumbre","06","Buenos Aires"
"Entidad",-34.915495963,-57.947988481,"06441","La Plata","INDEC","060441","La Plata","0644103015","06441030","La Plata","La Plata","06","Buenos Aires"
"Entidad",-34.999057389,-58.04861583,"06441","La Plata","INDEC","060441","La Plata","0644103016","06441030","La Plata","Lisandro Olmos","06","Buenos Aires"
"Entidad",-34.959355947,-57.980734019,"06441","La Plata","INDEC","060441","La Plata","0644103017","06441030","La Plata","Los Hornos","06","Buenos Aires"
"Entidad",-34.88185468,-58.010320821,"06441","La Plata","INDEC","060441","La Plata","0644103018","06441030","La Plata","Manuel B. Gonnet","06","Buenos Aires"
"Entidad",-34.884803733,-57.991507736,"06441","La Plata","INDEC","060441","La Plata","0644103019","06441030","La Plata","Ringuelet","06","Buenos Aires"
"Entidad",-34.961254557,-57.950382241,"06441","La Plata","INDEC","060441","La Plata","0644103020","06441030","La Plata","Rufino de Elizalde","06","Buenos Aires"
"Entidad",-34.891764513,-57.974173238,"06441","La Plata","INDEC","060441","La Plata","0644103021","06441030","La Plata","Tolosa","06","Buenos Aires"
"Entidad",-34.87667251,-58.083993136,"06441","La Plata","INDEC","060441","La Plata","0644103022","06441030","La Plata","Transradio","06","Buenos Aires"
"Entidad",-34.851466882,-58.085432935,"06441","La Plata","INDEC","060441","La Plata","0644103023","06441030","La Plata","Villa Elisa","06","Buenos Aires"
"Entidad",-34.939443761,-57.920833097,"06441","La Plata","INDEC","060441","La Plata","0644103024","06441030","La Plata","Villa Elvira","06","Buenos Aires"
"Entidad",-34.998964828,-57.858362757,"06441","La Plata","INDEC","060441","La Plata","0644103025","06441030","La Plata","Villa Garibaldi","06","Buenos Aires"
"Entidad",-34.961436098,-57.900570778,"06441","La Plata","INDEC","060441","La Plata","0644103026","06441030","La Plata","Villa Montoro","06","Buenos Aires"
"Entidad",-34.987490873,-57.859752345,"06441","La Plata","INDEC","060441","La Plata","0644103027","06441030","La Plata","Villa Parque Sicardi","06","Buenos Aires"
"Entidad",-34.744713835,-58.392926313,"06490","Lomas de Zamora","INDEC","060490","Lomas de Zamora","0649001001","06490010","Lomas de Zamora","Banfield","06","Buenos Aires"
"Entidad",-34.793070719,-58.426279321,"06490","Lomas de Zamora","INDEC","060490","Lomas de Zamora","0649001002","06490010","Lomas de Zamora","Llavallol","06","Buenos Aires"
"Entidad",-34.759612775,-58.399469136,"06490","Lomas de Zamora","INDEC","060490","Lomas de Zamora","0649001003","06490010","Lomas de Zamora","Lomas de Zamora","06","Buenos Aires"
"Entidad",-34.772602163,-58.389595524,"06490","Lomas de Zamora","INDEC","060490","Lomas de Zamora","0649001004","06490010","Lomas de Zamora","Temperley","06","Buenos Aires"
"Entidad",-34.790986183,-58.405194707,"06490","Lomas de Zamora","INDEC","060490","Lomas de Zamora","0649001005","06490010","Lomas de Zamora","Turdera","06","Buenos Aires"
"Entidad",-34.727360749,-58.430586936,"06490","Lomas de Zamora","INDEC","060490","Lomas de Zamora","0649001006","06490010","Lomas de Zamora","Villa Centenario","06","Buenos Aires"
"Entidad",-34.705698477,-58.444466184,"06490","Lomas de Zamora","INDEC","060490","Lomas de Zamora","0649001007","06490010","Lomas de Zamora","Villa Fiorito","06","Buenos Aires"
"Entidad",-34.562404881,-59.17825991,"06497","Luján","INDEC","060497","Luján","0649706001","06497060","Luján","Barrio Las Casuarinas","06","Buenos Aires"
"Entidad",-34.556551592,-59.203985157,"06497","Luján","INDEC","060497","Luján","0649706002","06497060","Luján","Cortines","06","Buenos Aires"
"Entidad",-34.585483315,-59.058281058,"06497","Luján","INDEC","060497","Luján","0649706003","06497060","Luján","Lezica y Torrezuri","06","Buenos Aires"
"Entidad",-34.566848358,-59.114511802,"06497","Luján","INDEC","060497","Luján","0649706004","06497060","Luján","Luján","06","Buenos Aires"
"Entidad",-34.574912869,-59.179515391,"06497","Luján","INDEC","060497","Luján","0649706005","06497060","Luján","Villa Flandria Norte","06","Buenos Aires"
"Entidad",-34.598854603,-59.177291546,"06497","Luján","INDEC","060497","Luján","0649706006","06497060","Luján","Villa Flandria Sur","06","Buenos Aires"
"Entidad",-34.518222851,-59.092568862,"06497","Luján","INDEC","060497","Luján","0649706007","06497060","Luján","Country Club Las Praderas","06","Buenos Aires"
"Entidad",-34.491491971,-59.077505464,"06497","Luján","INDEC","060497","Luján","0649706008","06497060","Luján","Open Door","06","Buenos Aires"
"Entidad",-34.455832447,-58.708597431,"06515","Malvinas Argentinas","INDEC","060515","Malvinas Argentinas","0651501001","06515010","Malvinas Argentinas","Área de Promoción El Triángulo","06","Buenos Aires"
"Entidad",-34.489012469,-58.726387054,"06515","Malvinas Argentinas","INDEC","060515","Malvinas Argentinas","0651501002","06515010","Malvinas Argentinas","Grand Bourg","06","Buenos Aires"
"Entidad",-34.500471312,-58.662035606,"06515","Malvinas Argentinas","INDEC","060515","Malvinas Argentinas","0651501003","06515010","Malvinas Argentinas","Ingeniero Adolfo Sourdeaux","06","Buenos Aires"
"Entidad",-34.489472315,-58.706091727,"06515","Malvinas Argentinas","INDEC","060515","Malvinas Argentinas","0651501004","06515010","Malvinas Argentinas","Ingeniero Pablo Nogués","06","Buenos Aires"
"Entidad",-34.502088629,-58.694994351,"06515","Malvinas Argentinas","INDEC","060515","Malvinas Argentinas","0651501005","06515010","Malvinas Argentinas","Los Polvorines","06","Buenos Aires"
"Entidad",-34.494744492,-58.69963324,"06515","Malvinas Argentinas","INDEC","060515","Malvinas Argentinas","0651501006","06515010","Malvinas Argentinas","Malvinas Argentinas","06","Buenos Aires"
"Entidad",-34.47451671,-58.754945666,"06515","Malvinas Argentinas","INDEC","060515","Malvinas Argentinas","0651501007","06515010","Malvinas Argentinas","Tortuguitas","06","Buenos Aires"
"Entidad",-34.506608836,-58.678974402,"06515","Malvinas Argentinas","INDEC","060515","Malvinas Argentinas","0651501008","06515010","Malvinas Argentinas","Villa de Mayo","06","Buenos Aires"
"Entidad",-37.77161008,-57.447311829,"06518","Mar Chiquita","INDEC","060518","Mar Chiquita","0651805001","06518050","Mar de Cobo","La Baliza","06","Buenos Aires"
"Entidad",-37.782644822,-57.459854928,"06518","Mar Chiquita","INDEC","060518","Mar Chiquita","0651805002","06518050","Mar de Cobo","La Caleta","06","Buenos Aires"
"Entidad",-37.776289478,-57.451148392,"06518","Mar Chiquita","INDEC","060518","Mar Chiquita","0651805003","06518050","Mar de Cobo","Mar de Cobo","06","Buenos Aires"
"Entidad",-37.847707509,-57.513264752,"06518","Mar Chiquita","INDEC","060518","Mar Chiquita","0651806001","06518060","Santa Clara del Mar","Atlántida","06","Buenos Aires"
"Entidad",-37.824482923,-57.491849506,"06518","Mar Chiquita","INDEC","060518","Mar Chiquita","0651806002","06518060","Santa Clara del Mar","Camet Norte","06","Buenos Aires"
"Entidad",-37.858847256,-57.513477422,"06518","Mar Chiquita","INDEC","060518","Mar Chiquita","0651806003","06518060","Santa Clara del Mar","Frente Mar","06","Buenos Aires"
"Entidad",-37.873490929,-57.519182373,"06518","Mar Chiquita","INDEC","060518","Mar Chiquita","0651806004","06518060","Santa Clara del Mar","Playa Dorada","06","Buenos Aires"
"Entidad",-37.837444462,-57.50199809,"06518","Mar Chiquita","INDEC","060518","Mar Chiquita","0651806005","06518060","Santa Clara del Mar","Santa Clara del Mar","06","Buenos Aires"
"Entidad",-37.863615458,-57.517149843,"06518","Mar Chiquita","INDEC","060518","Mar Chiquita","0651806006","06518060","Santa Clara del Mar","Santa Elena","06","Buenos Aires"
"Entidad",-34.906291889,-58.70654783,"06525","Marcos Paz","INDEC","060525","Marcos Paz","0652502001","06525020","Marcos Paz","Barrio Lisandro de la Torre y Santa Marta","06","Buenos Aires"
"Entidad",-34.784315722,-58.835336957,"06525","Marcos Paz","INDEC","060525","Marcos Paz","0652502002","06525020","Marcos Paz","Marcos Paz","06","Buenos Aires"
"Entidad",-34.698637519,-58.690232456,"06539","Merlo","INDEC","060539","Merlo","0653901001","06539010","Merlo","Libertad","06","Buenos Aires"
"Entidad",-34.722920922,-58.79540603,"06539","Merlo","INDEC","060539","Merlo","0653901002","06539010","Merlo","Mariano Acosta","06","Buenos Aires"
"Entidad",-34.666970002,-58.727950313,"06539","Merlo","INDEC","060539","Merlo","0653901003","06539010","Merlo","Merlo","06","Buenos Aires"
"Entidad",-34.750259262,-58.701257087,"06539","Merlo","INDEC","060539","Merlo","0653901004","06539010","Merlo","Pontevedra","06","Buenos Aires"
"Entidad",-34.662665641,-58.698126363,"06539","Merlo","INDEC","060539","Merlo","0653901005","06539010","Merlo","San Antonio de Padua","06","Buenos Aires"
"Entidad",-34.548824434,-58.809879465,"06560","Moreno","INDEC","060560","Moreno","0656001001","06560010","Moreno","Cuartel V","06","Buenos Aires"
"Entidad",-34.633191991,-58.855465798,"06560","Moreno","INDEC","060560","Moreno","0656001002","06560010","Moreno","Francisco Álvarez","06","Buenos Aires"
"Entidad",-34.639012728,-58.826693126,"06560","Moreno","INDEC","060560","Moreno","0656001003","06560010","Moreno","La Reja","06","Buenos Aires"
"Entidad",-34.646905943,-58.788929238,"06560","Moreno","INDEC","060560","Moreno","0656001004","06560010","Moreno","Moreno","06","Buenos Aires"
"Entidad",-34.653132669,-58.76124222,"06560","Moreno","INDEC","060560","Moreno","0656001005","06560010","Moreno","Paso del Rey","06","Buenos Aires"
"Entidad",-34.590737466,-58.755625492,"06560","Moreno","INDEC","060560","Moreno","0656001006","06560010","Moreno","Trujui","06","Buenos Aires"
"Entidad",-34.651820534,-58.646047508,"06568","Morón","INDEC","060568","Morón","0656801001","06568010","Morón","Castelar","06","Buenos Aires"
"Entidad",-34.610855617,-58.595681008,"06568","Morón","INDEC","060568","Morón","0656801002","06568010","Morón","El Palomar","06","Buenos Aires"
"Entidad",-34.643607598,-58.594522373,"06568","Morón","INDEC","060568","Morón","0656801003","06568010","Morón","Haedo","06","Buenos Aires"
"Entidad",-34.633359387,-58.570407118,"06568","Morón","INDEC","060568","Morón","0656801005","06568010","Morón","Villa Sarmiento","06","Buenos Aires"
"Entidad",-38.57122333,-58.726242021,"06581","Necochea","INDEC","060581","Necochea","0658104001","06581040","Necochea ? Quequén","Necochea","06","Buenos Aires"
"Entidad",-38.566113349,-58.706180794,"06581","Necochea","INDEC","060581","Necochea","0658104002","06581040","Necochea ? Quequén","Quequén","06","Buenos Aires"
"Entidad",-38.559973631,-58.628481778,"06581","Necochea","INDEC","060581","Necochea","0658104003","06581040","Necochea ? Quequén","Costa Bonita","06","Buenos Aires"
"Entidad",-36.879910326,-60.177496105,"06595","Olavarría","INDEC","060595","Olavarría","0659506001","06595060","Hinojo","Colonia Hinojo","06","Buenos Aires"
"Entidad",-36.866543155,-60.161834312,"06595","Olavarría","INDEC","060595","Olavarría","0659506002","06595060","Hinojo","Hinojo","06","Buenos Aires"
"Entidad",-36.932718542,-60.161385064,"06595","Olavarría","INDEC","060595","Olavarría","0659511001","06595110","Sierras Bayas","Sierras Bayas","06","Buenos Aires"
"Entidad",-36.943808505,-60.158350984,"06595","Olavarría","INDEC","060595","Olavarría","0659511002","06595110","Sierras Bayas","Villa Arrieta","06","Buenos Aires"
"Entidad",-34.450215874,-58.798632105,"06638","Pilar","INDEC","060638","Pilar","0663804001","06638040","Pilar","Del Viso","06","Buenos Aires"
"Entidad",-34.427883157,-58.993668198,"06638","Pilar","INDEC","060638","Pilar","0663804002","06638040","Pilar","Fátima","06","Buenos Aires"
"Entidad",-34.448486041,-58.846095707,"06638","Pilar","INDEC","060638","Pilar","0663804003","06638040","Pilar","La Lonja","06","Buenos Aires"
"Entidad",-34.423050448,-58.792754075,"06638","Pilar","INDEC","060638","Pilar","0663804004","06638040","Pilar","Los Cachorros","06","Buenos Aires"
"Entidad",-34.450383171,-59.007041686,"06638","Pilar","INDEC","060638","Pilar","0663804005","06638040","Pilar","Manzanares","06","Buenos Aires"
"Entidad",-34.508617703,-58.861353558,"06638","Pilar","INDEC","060638","Pilar","0663804006","06638040","Pilar","Manzone","06","Buenos Aires"
"Entidad",-34.407385674,-58.780177414,"06638","Pilar","INDEC","060638","Pilar","0663804007","06638040","Pilar","Maquinista F. Savio Oeste","06","Buenos Aires"
"Entidad",-22.131719007,-65.461340337,"38112","Yavi","INDEC","386273","Yavi","3811208002","38112080","Yavi","Yavi","38","Jujuy"
"Entidad",-34.456982296,-58.913911785,"06638","Pilar","INDEC","060638","Pilar","0663804008","06638040","Pilar","Pilar","06","Buenos Aires"
"Entidad",-34.492267177,-58.839019893,"06638","Pilar","INDEC","060638","Pilar","0663804009","06638040","Pilar","Presidente Derqui","06","Buenos Aires"
"Entidad",-34.432379801,-58.772423647,"06638","Pilar","INDEC","060638","Pilar","0663804010","06638040","Pilar","Roberto de Vicenzo","06","Buenos Aires"
"Entidad",-34.438513864,-58.753666046,"06638","Pilar","INDEC","060638","Pilar","0663804011","06638040","Pilar","Santa Teresa","06","Buenos Aires"
"Entidad",-34.46077208,-58.763181332,"06638","Pilar","INDEC","060638","Pilar","0663804012","06638040","Pilar","Tortuguitas","06","Buenos Aires"
"Entidad",-34.488004611,-58.875854435,"06638","Pilar","INDEC","060638","Pilar","0663804013","06638040","Pilar","Villa Astolfi","06","Buenos Aires"
"Entidad",-34.41529192,-58.869548842,"06638","Pilar","INDEC","060638","Pilar","0663804014","06638040","Pilar","Villa Rosa","06","Buenos Aires"
"Entidad",-34.371566483,-58.869450372,"06638","Pilar","INDEC","060638","Pilar","0663804015","06638040","Pilar","Zelaya","06","Buenos Aires"
"Entidad",-37.16522016,-56.898818693,"06644","Pinamar","INDEC","060644","Pinamar","0664401001","06644010","Pinamar","Cariló","06","Buenos Aires"
"Entidad",-37.1296811,-56.871201948,"06644","Pinamar","INDEC","060644","Pinamar","0664401002","06644010","Pinamar","Ostende","06","Buenos Aires"
"Entidad",-37.11382175,-56.858077615,"06644","Pinamar","INDEC","060644","Pinamar","0664401003","06644010","Pinamar","Pinamar","06","Buenos Aires"
"Entidad",-37.145650618,-56.881973718,"06644","Pinamar","INDEC","060644","Pinamar","0664401004","06644010","Pinamar","Valeria del Mar","06","Buenos Aires"
"Entidad",-34.883234074,-58.417777592,"06648","Presidente Perón","INDEC","060648","Presidente Perón","0664801001","06648010","Presidente Perón","Barrio América Unida","06","Buenos Aires"
"Entidad",-34.917986523,-58.382157044,"06648","Presidente Perón","INDEC","060648","Presidente Perón","0664801002","06648010","Presidente Perón","Guernica","06","Buenos Aires"
"Entidad",-34.710902048,-58.28339212,"06658","Quilmes","INDEC","060658","Quilmes","0665801001","06658010","Quilmes","Bernal","06","Buenos Aires"
"Entidad",-34.726296968,-58.317914298,"06658","Quilmes","INDEC","060658","Quilmes","0665801002","06658010","Quilmes","Bernal Oeste","06","Buenos Aires"
"Entidad",-34.704465282,-58.297585164,"06658","Quilmes","INDEC","060658","Quilmes","0665801003","06658010","Quilmes","Don Bosco","06","Buenos Aires"
"Entidad",-34.745943129,-58.234794837,"06658","Quilmes","INDEC","060658","Quilmes","0665801004","06658010","Quilmes","Ezpeleta","06","Buenos Aires"
"Entidad",-34.757213174,-58.263956653,"06658","Quilmes","INDEC","060658","Quilmes","0665801005","06658010","Quilmes","Ezpeleta Oeste","06","Buenos Aires"
"Entidad",-34.720067624,-58.254346982,"06658","Quilmes","INDEC","060658","Quilmes","0665801006","06658010","Quilmes","Quilmes","06","Buenos Aires"
"Entidad",-34.746053988,-58.29912527,"06658","Quilmes","INDEC","060658","Quilmes","0665801007","06658010","Quilmes","Quilmes Oeste","06","Buenos Aires"
"Entidad",-34.779761075,-58.311161466,"06658","Quilmes","INDEC","060658","Quilmes","0665801008","06658010","Quilmes","San Francisco Solano","06","Buenos Aires"
"Entidad",-34.7722704,-58.292930614,"06658","Quilmes","INDEC","060658","Quilmes","0665801009","06658010","Quilmes","Villa La Florida","06","Buenos Aires"
"Entidad",-34.184725952,-60.69898759,"06686","Rojas","INDEC","060686","Rojas","0668606001","06686060","Rojas","Barrio Las Margaritas","06","Buenos Aires"
"Entidad",-34.200206276,-60.729479078,"06686","Rojas","INDEC","060686","Rojas","0668606002","06686060","Rojas","Rojas","06","Buenos Aires"
"Entidad",-34.174947037,-60.694429935,"06686","Rojas","INDEC","060686","Rojas","0668606003","06686060","Rojas","Villa Parque Cecir","06","Buenos Aires"
"Entidad",-34.443659287,-58.558645541,"06749","San Fernando","INDEC","060749","San Fernando","0674901001","06749010","San Fernando","San Fernando","06","Buenos Aires"
"Entidad",-34.453047539,-58.542191251,"06749","San Fernando","INDEC","060749","San Fernando","0674901002","06749010","San Fernando","Victoria","06","Buenos Aires"
"Entidad",-34.453751825,-58.554340081,"06749","San Fernando","INDEC","060749","San Fernando","0674901003","06749010","San Fernando","Virreyes","06","Buenos Aires"
"Entidad",-34.478228664,-58.502680011,"06756","San Isidro","INDEC","060756","San Isidro","0675601001","06756010","San Isidro","Acasusso","06","Buenos Aires"
"Entidad",-34.460195806,-58.531361144,"06756","San Isidro","INDEC","060756","San Isidro","0675601002","06756010","San Isidro","Béccar","06","Buenos Aires"
"Entidad",-34.509480048,-58.566910861,"06756","San Isidro","INDEC","060756","San Isidro","0675601003","06756010","San Isidro","Boulogne Sur Mer","06","Buenos Aires"
"Entidad",-34.489010437,-58.499380136,"06756","San Isidro","INDEC","060756","San Isidro","0675601004","06756010","San Isidro","Martínez","06","Buenos Aires"
"Entidad",-34.469882653,-58.511294017,"06756","San Isidro","INDEC","060756","San Isidro","0675601005","06756010","San Isidro","San Isidro","06","Buenos Aires"
"Entidad",-34.518855685,-58.547355504,"06756","San Isidro","INDEC","060756","San Isidro","0675601006","06756010","San Isidro","Villa Adelina","06","Buenos Aires"
"Entidad",-34.568273339,-58.682058387,"06760","San Miguel","INDEC","060760","San Miguel","0676001001","06760010","San Miguel","Bella Vista","06","Buenos Aires"
"Entidad",-34.555062775,-58.652213604,"06760","San Miguel","INDEC","060760","San Miguel","0676001002","06760010","San Miguel","Campo de Mayo","06","Buenos Aires"
"Entidad",-34.55249463,-58.704793708,"06760","San Miguel","INDEC","060760","San Miguel","0676001003","06760010","San Miguel","Muñiz","06","Buenos Aires"
"Entidad",-34.543134336,-58.709200708,"06760","San Miguel","INDEC","060760","San Miguel","0676001004","06760010","San Miguel","San Miguel","06","Buenos Aires"
"Entidad",-33.401672448,-60.237468224,"06763","San Nicolás","INDEC","060763","San Nicolás","0676305001","06763050","San Nicolás de los Arroyos","Campos Salles","06","Buenos Aires"
"Entidad",-33.338403956,-60.221495504,"06763","San Nicolás","INDEC","060763","San Nicolás","0676305002","06763050","San Nicolás de los Arroyos","San Nicolás de los Arroyos","06","Buenos Aires"
"Entidad",-34.981412228,-58.376726375,"06778","San Vicente","INDEC","060778","San Vicente","0677802001","06778020","San Vicente","Alejandro Korn","06","Buenos Aires"
"Entidad",-35.025901806,-58.422403615,"06778","San Vicente","INDEC","060778","San Vicente","0677802002","06778020","San Vicente","San Vicente","06","Buenos Aires"
"Entidad",-35.073893782,-58.290458382,"06778","San Vicente","INDEC","060778","San Vicente","0677802003","06778020","San Vicente","Domselaar","06","Buenos Aires"
"Entidad",-34.411572708,-58.689927949,"06805","Tigre","INDEC","060805","Tigre","0680501001","06805010","Tigre","Benavídez","06","Buenos Aires"
"Entidad",-34.361305095,-58.686560991,"06805","Tigre","INDEC","060805","Tigre","0680501002","06805010","Tigre","Dique Luján","06","Buenos Aires"
"Entidad",-34.487529337,-58.615576289,"06805","Tigre","INDEC","060805","Tigre","0680501003","06805010","Tigre","Don Torcuato Este","06","Buenos Aires"
"Entidad",-34.501311571,-58.626697617,"06805","Tigre","INDEC","060805","Tigre","0680501004","06805010","Tigre","Don Torcuato Oeste","06","Buenos Aires"
"Entidad",-34.463580778,-58.661351534,"06805","Tigre","INDEC","060805","Tigre","0680501005","06805010","Tigre","El Talar","06","Buenos Aires"
"Entidad",-34.454922848,-58.634149435,"06805","Tigre","INDEC","060805","Tigre","0680501006","06805010","Tigre","General Pacheco","06","Buenos Aires"
"Entidad",-34.454809773,-58.613340937,"06805","Tigre","INDEC","060805","Tigre","0680501007","06805010","Tigre","Troncos del Talar","06","Buenos Aires"
"Entidad",-34.458452696,-58.683042598,"06805","Tigre","INDEC","060805","Tigre","0680501008","06805010","Tigre","Ricardo Rojas","06","Buenos Aires"
"Entidad",-34.410460416,-58.601996305,"06805","Tigre","INDEC","060805","Tigre","0680501009","06805010","Tigre","Rincón de Milberg","06","Buenos Aires"
"Entidad",-34.4248131,-58.575528197,"06805","Tigre","INDEC","060805","Tigre","0680501010","06805010","Tigre","Tigre","06","Buenos Aires"
"Entidad",-38.85395866,-60.072834017,"06833","Tres Arroyos","INDEC","060833","Tres Arroyos","0683302001","06833020","Claromecó","Claromecó","06","Buenos Aires"
"Entidad",-38.858557163,-60.086187407,"06833","Tres Arroyos","INDEC","060833","Tres Arroyos","0683302002","06833020","Claromecó","Dunamar","06","Buenos Aires"
"Entidad",-34.607936043,-58.563938853,"06840","Tres de Febrero","INDEC","060840","Tres de Febrero","0684001001","06840010","Tres de Febrero","Caseros","06","Buenos Aires"
"Entidad",-34.559089422,-58.621086168,"06840","Tres de Febrero","INDEC","060840","Tres de Febrero","0684001002","06840010","Tres de Febrero","Churruca","06","Buenos Aires"
"Entidad",-34.602057108,-58.591812932,"06840","Tres de Febrero","INDEC","060840","Tres de Febrero","0684001003","06840010","Tres de Febrero","Ciudad Jardín Lomas del Palomar","06","Buenos Aires"
"Entidad",-34.637915317,-58.539343341,"06840","Tres de Febrero","INDEC","060840","Tres de Febrero","0684001004","06840010","Tres de Febrero","Ciudadela","06","Buenos Aires"
"Entidad",-34.555427023,-58.61281079,"06840","Tres de Febrero","INDEC","060840","Tres de Febrero","0684001005","06840010","Tres de Febrero","El Libertador","06","Buenos Aires"
"Entidad",-34.617168262,-58.535947755,"06840","Tres de Febrero","INDEC","060840","Tres de Febrero","0684001006","06840010","Tres de Febrero","José Ingenieros","06","Buenos Aires"
"Entidad",-34.568675252,-58.602142265,"06840","Tres de Febrero","INDEC","060840","Tres de Febrero","0684001007","06840010","Tres de Febrero","Loma Hermosa","06","Buenos Aires"
"Entidad",-34.583767663,-58.596703696,"06840","Tres de Febrero","INDEC","060840","Tres de Febrero","0684001008","06840010","Tres de Febrero","Martín Coronado","06","Buenos Aires"
"Entidad",-34.565994253,-58.618596258,"06840","Tres de Febrero","INDEC","060840","Tres de Febrero","0684001009","06840010","Tres de Febrero","11 de Septiembre","06","Buenos Aires"
"Entidad",-34.58494881,-58.611637976,"06840","Tres de Febrero","INDEC","060840","Tres de Febrero","0684001010","06840010","Tres de Febrero","Pablo Podestá","06","Buenos Aires"
"Entidad",-34.570973208,-58.619803427,"06840","Tres de Febrero","INDEC","060840","Tres de Febrero","0684001011","06840010","Tres de Febrero","Remedios de Escalada","06","Buenos Aires"
"Entidad",-34.60014857,-58.527633244,"06840","Tres de Febrero","INDEC","060840","Tres de Febrero","0684001012","06840010","Tres de Febrero","Sáenz Peña","06","Buenos Aires"
"Entidad",-34.603007034,-58.54082496,"06840","Tres de Febrero","INDEC","060840","Tres de Febrero","0684001013","06840010","Tres de Febrero","Santos Lugares","06","Buenos Aires"
"Entidad",-34.586815633,-58.573806208,"06840","Tres de Febrero","INDEC","060840","Tres de Febrero","0684001014","06840010","Tres de Febrero","Villa Bosch","06","Buenos Aires"
"Entidad",-34.608400466,-58.530914757,"06840","Tres de Febrero","INDEC","060840","Tres de Febrero","0684001015","06840010","Tres de Febrero","Villa Raffo","06","Buenos Aires"
"Entidad",-34.528205133,-58.534613449,"06861","Vicente López","INDEC","060861","Vicente López","0686101001","06861010","Vicente López","Carapachay","06","Buenos Aires"
"Entidad",-34.53201075,-58.492825181,"06861","Vicente López","INDEC","060861","Vicente López","0686101002","06861010","Vicente López","Florida","06","Buenos Aires"
"Entidad",-34.538507294,-58.515458884,"06861","Vicente López","INDEC","060861","Vicente López","0686101003","06861010","Vicente López","Florida Oeste","06","Buenos Aires"
"Entidad",-34.498695403,-58.488602192,"06861","Vicente López","INDEC","060861","Vicente López","0686101004","06861010","Vicente López","La Lucila","06","Buenos Aires"
"Entidad",-34.529804727,-58.525182802,"06861","Vicente López","INDEC","060861","Vicente López","0686101005","06861010","Vicente López","Munro","06","Buenos Aires"
"Entidad",-34.509320372,-58.481396169,"06861","Vicente López","INDEC","060861","Vicente López","0686101006","06861010","Vicente López","Olivos","06","Buenos Aires"
"Entidad",-34.525740458,-58.474149827,"06861","Vicente López","INDEC","060861","Vicente López","0686101007","06861010","Vicente López","Vicente López","06","Buenos Aires"
"Entidad",-34.526505318,-58.545467535,"06861","Vicente López","INDEC","060861","Vicente López","0686101008","06861010","Vicente López","Villa Adelina","06","Buenos Aires"
"Entidad",-34.55130428,-58.506626719,"06861","Vicente López","INDEC","060861","Vicente López","0686101009","06861010","Vicente López","Villa Martelli","06","Buenos Aires"
"Entidad",-34.138026855,-59.00540285,"06882","Zárate","INDEC","060882","Zárate","0688205001","06882050","Zárate","Barrio Saavedra","06","Buenos Aires"
"Entidad",-34.09891652,-59.029662932,"06882","Zárate","INDEC","060882","Zárate","0688205002","06882050","Zárate","Zárate","06","Buenos Aires"
"Entidad",-27.505720458,-66.022880509,"10021","Andalgalá","INDEC","100042","Aconquija","1002105001","10021050","El Alamito","Buena Vista","10","Catamarca"
"Entidad",-27.494568046,-66.022448759,"10021","Andalgalá","INDEC","100042","Aconquija","1002105002","10021050","El Alamito","El Alamito","10","Catamarca"
"Entidad",-27.468098141,-66.010316538,"10021","Andalgalá","INDEC","100042","Aconquija","1002106001","10021060","El Lindero","Aconquija","10","Catamarca"
"Entidad",-27.427933367,-65.995097443,"10021","Andalgalá","INDEC","100042","Aconquija","1002106002","10021060","El Lindero","Alto de las Juntas","10","Catamarca"
"Entidad",-27.453106,-66.004503447,"10021","Andalgalá","INDEC","100042","Aconquija","1002106003","10021060","El Lindero","El Lindero","10","Catamarca"
"Entidad",-27.444154943,-66.002212648,"10021","Andalgalá","INDEC","100042","Aconquija","1002106004","10021060","El Lindero","La Mesada","10","Catamarca"
"Entidad",-28.459144332,-65.948823403,"10042","Capayán","INDEC","100133","Huillapima","1004211001","10042110","Los Ángeles","Los Ángeles Norte","10","Catamarca"
"Entidad",-28.482983629,-65.950615432,"10042","Capayán","INDEC","100133","Huillapima","1004211002","10042110","Los Ángeles","Los Ángeles Sur","10","Catamarca"
"Entidad",-28.422070579,-65.711763745,"10063","Fray Mamerto Esquiú","INDEC","100161","Fray Mamerto Esquiú","1006304001","10063040","San José","El Hueco","10","Catamarca"
"Entidad",-28.356842926,-65.707311437,"10063","Fray Mamerto Esquiú","INDEC","100161","Fray Mamerto Esquiú","1006304002","10063040","San José","La Carrera","10","Catamarca"
"Entidad",-28.424992611,-65.696735196,"10063","Fray Mamerto Esquiú","INDEC","100161","Fray Mamerto Esquiú","1006304003","10063040","San José","La Falda de San Antonio","10","Catamarca"
"Entidad",-28.372187769,-65.704879705,"10063","Fray Mamerto Esquiú","INDEC","100161","Fray Mamerto Esquiú","1006304004","10063040","San José","La Tercena","10","Catamarca"
"Entidad",-28.425756698,-65.708381185,"10063","Fray Mamerto Esquiú","INDEC","100161","Fray Mamerto Esquiú","1006304005","10063040","San José","San Antonio","10","Catamarca"
"Entidad",-28.390406368,-65.70171161,"10063","Fray Mamerto Esquiú","INDEC","100161","Fray Mamerto Esquiú","1006304006","10063040","San José","San José","10","Catamarca"
"Entidad",-26.724560135,-66.076097582,"10091","Santa María","INDEC","100210","Santa María","1009103001","10091030","Chañar Punco","Chañar Punco","10","Catamarca"
"Entidad",-26.714552101,-66.068288107,"10091","Santa María","INDEC","100210","Santa María","1009103002","10091030","Chañar Punco","Lampacito","10","Catamarca"
"Entidad",-26.750777994,-66.078723366,"10091","Santa María","INDEC","100210","Santa María","1009103003","10091030","Chañar Punco","Medanitos","10","Catamarca"
"Entidad",-26.770956416,-66.08227315,"10091","Santa María","INDEC","100203","San José","1009107001","10091070","Famatanca","Famatanca","10","Catamarca"
"Entidad",-26.797435258,-66.085184554,"10091","Santa María","INDEC","100203","San José","1009107002","10091070","Famatanca","San José Banda","10","Catamarca"
"Entidad",-26.671915217,-66.060791641,"10091","Santa María","INDEC","100210","Santa María","1009111001","10091110","Las Mojarras","El Cerrito","10","Catamarca"
"Entidad",-26.693757011,-66.06621443,"10091","Santa María","INDEC","100210","Santa María","1009111002","10091110","Las Mojarras","Las Mojarras","10","Catamarca"
"Entidad",-26.816619203,-66.079496239,"10091","Santa María","INDEC","100203","San José","1009114001","10091140","San José","Casa de Piedra","10","Catamarca"
"Entidad",-26.824889113,-66.085081421,"10091","Santa María","INDEC","100203","San José","1009114002","10091140","San José","La Puntilla","10","Catamarca"
"Entidad",-26.809274955,-66.074615433,"10091","Santa María","INDEC","100203","San José","1009114003","10091140","San José","Palo Seco","10","Catamarca"
"Entidad",-26.78851579,-66.065927138,"10091","Santa María","INDEC","100203","San José","1009114004","10091140","San José","San José Norte","10","Catamarca"
"Entidad",-26.801329287,-66.06833276,"10091","Santa María","INDEC","100203","San José","1009114005","10091140","San José","San José Villa","10","Catamarca"
"Entidad",-28.175414492,-67.488040108,"10105","Tinogasta","INDEC","100231","Tinogasta","1010505001","10105050","Copacabana","Copacabana","10","Catamarca"
"Entidad",-28.129330883,-67.499756375,"10105","Tinogasta","INDEC","100231","Tinogasta","1010505002","10105050","Copacabana","La Puntilla","10","Catamarca"
"Entidad",-27.689455422,-67.619148021,"10105","Tinogasta","INDEC","100224","Fiambalá","1010511001","10105110","Fiambalá","Fiambalá","10","Catamarca"
"Entidad",-27.68445977,-67.619439254,"10105","Tinogasta","INDEC","100224","Fiambalá","1010511002","10105110","Fiambalá","La Ramadita","10","Catamarca"
"Entidad",-27.652526992,-67.614764962,"10105","Tinogasta","INDEC","100224","Fiambalá","1010511003","10105110","Fiambalá","Pampa Blanca","10","Catamarca"
"Entidad",-28.460111101,-65.712015171,"10112","Valle Viejo","INDEC","100238","Valle Viejo","1011204001","10112040","San Isidro","El Bañado","10","Catamarca"
"Entidad",-28.437239956,-65.720769159,"10112","Valle Viejo","INDEC","100238","Valle Viejo","1011204002","10112040","San Isidro","Polcos","10","Catamarca"
"Entidad",-28.472116443,-65.722758814,"10112","Valle Viejo","INDEC","100238","Valle Viejo","1011204003","10112040","San Isidro","Pozo del Mistol","10","Catamarca"
"Entidad",-28.459666474,-65.725892792,"10112","Valle Viejo","INDEC","100238","Valle Viejo","1011204004","10112040","San Isidro","San Isidro","10","Catamarca"
"Entidad",-28.442561094,-65.71083837,"10112","Valle Viejo","INDEC","100238","Valle Viejo","1011204005","10112040","San Isidro","Santa Rosa","10","Catamarca"
"Entidad",-28.474964839,-65.737589732,"10112","Valle Viejo","INDEC","100238","Valle Viejo","1011204006","10112040","San Isidro","Sumalao","10","Catamarca"
"Entidad",-28.461166186,-65.732819034,"10112","Valle Viejo","INDEC","100238","Valle Viejo","1011204007","10112040","San Isidro","Villa Dolores","10","Catamarca"
"Entidad",-31.856359703,-64.379558101,"14007","Calamuchita","INDEC","142042","Los Molinos","1400712001","14007120","Los Molinos","Los Molinos","14","Córdoba"
"Entidad",-31.863428358,-64.374997106,"14007","Calamuchita","INDEC","142042","Los Molinos","1400712002","14007120","Los Molinos","Villa San Miguel","14","Córdoba"
"Entidad",-32.068825715,-64.57431192,"14007","Calamuchita","INDEC","140035","Santa Rosa de Calamuchita","1400721001","14007210","Santa Rosa de Calamuchita","Santa Mónica","14","Córdoba"
"Entidad",-32.069909531,-64.539091767,"14007","Calamuchita","INDEC","140035","Santa Rosa de Calamuchita","1400721002","14007210","Santa Rosa de Calamuchita","Santa Rosa de Calamuchita","14","Córdoba"
"Entidad",-32.098950613,-64.537142167,"14007","Calamuchita","INDEC","140035","Santa Rosa de Calamuchita","1400721003","14007210","Santa Rosa de Calamuchita","San Ignacio (Loteo Vélez Crespo)","14","Córdoba"
"Entidad",-31.910371459,-64.537745755,"14007","Calamuchita","INDEC","142084","Villa Ciudad Parque Los Reartes","1400727001","14007270","Villa Ciudad Parque Los Reartes","Villa Ciudad Parque Los Reartes","14","Córdoba"
"Entidad",-31.914248141,-64.525912299,"14007","Calamuchita","INDEC","142084","Villa Ciudad Parque Los Reartes","1400727002","14007270","Villa Ciudad Parque Los Reartes","Va.Ciudad Pque.Los Reartes (1° Sección)","14","Córdoba"
"Entidad",-31.904934351,-64.561366682,"14007","Calamuchita","INDEC","142084","Villa Ciudad Parque Los Reartes","1400727003","14007270","Villa Ciudad Parque Los Reartes","Va.Ciudad Pque.Los Reartes (3° Sección)","14","Córdoba"
"Entidad",-31.368585102,-64.060522311,"14014","Capital","INDEC","140077","Córdoba","1401401001","14014010","Córdoba","Jardín Arenales","14","Córdoba"
"Entidad",-31.415046152,-64.179114076,"14014","Capital","INDEC","140077","Córdoba","1401401003","14014010","Córdoba","Córdoba","14","Córdoba"
"Entidad",-31.336528266,-64.337166416,"14021","Colón","INDEC","140119","La Calera","1402115001","14021150","La Calera","Dumesnil","14","Córdoba"
"Entidad",-31.350356019,-64.337943297,"14021","Colón","INDEC","140119","La Calera","1402115002","14021150","La Calera","La Calera","14","Córdoba"
"Entidad",-31.351083671,-64.365321405,"14021","Colón","INDEC","140119","La Calera","1402115003","14021150","La Calera","El Diquecito","14","Córdoba"
"Entidad",-31.106199583,-64.292290099,"14021","Colón","INDEC","140161","Salsipuedes","1402125001","14021250","Salsipuedes","El Pueblito","14","Córdoba"
"Entidad",-31.137880849,-64.292772436,"14021","Colón","INDEC","140161","Salsipuedes","1402125002","14021250","Salsipuedes","Salsipuedes","14","Córdoba"
"Entidad",-31.307733967,-64.175442375,"14021","Colón","INDEC","140105","Estación Juárez Celman","1402131001","14021310","Parque Norte - Guiñazú Norte","Guiñazú Norte","14","Córdoba"
"Entidad",-31.300499017,-64.176962424,"14021","Colón","INDEC","140105","Estación Juárez Celman","1402131002","14021310","Parque Norte - Guiñazú Norte","Parque Norte","14","Córdoba"
"Entidad",-31.307806181,-64.178144446,"14021","Colón","INDEC","140105","Estación Juárez Celman","1402131004","14021310","Parque Norte - Guiñazú Norte","1° de Agosto","14","Córdoba"
"Entidad",-31.307489714,-64.182727841,"14021","Colón","INDEC","140105","Estación Juárez Celman","1402131005","14021310","Parque Norte - Guiñazú Norte","Allmirante Brown","14","Córdoba"
"Entidad",-31.295749989,-64.177328513,"14021","Colón","INDEC","140105","Estación Juárez Celman","1402131006","14021310","Parque Norte - Guiñazú Norte","Ciudad de los Niños","14","Córdoba"
"Entidad",-31.305815971,-64.179187316,"14021","Colón","INDEC","140105","Estación Juárez Celman","1402131007","14021310","Parque Norte - Guiñazú Norte","Villa Pastora","14","Córdoba"
"Entidad",-31.258042012,-64.166243094,"14021","Colón","INDEC","140105","Estación Juárez Celman","1402132001","14021320","Villa Los Llanos - Juárez Celman","Juárez Celman","14","Córdoba"
"Entidad",-31.276465429,-64.160904886,"14021","Colón","INDEC","140105","Estación Juárez Celman","1402132002","14021320","Villa Los Llanos - Juárez Celman","Villa Los Llanos","14","Córdoba"
"Entidad",-31.314348871,-64.461532157,"14091","Punilla","INDEC","140665","Bialet Massé","1409102001","14091020","Bialet Massé","Bialet Massé","14","Córdoba"
"Entidad",-31.323906579,-64.451972815,"14091","Punilla","INDEC","140665","Bialet Massé","1409102002","14091020","Bialet Massé","San Roque del Lago","14","Córdoba"
"Entidad",-31.960292972,-65.065810088,"14133","San Javier","INDEC","141148","Villa de las Rosas","1413319001","14133190","Villa de las Rosas","Alto Resbaloso - El Barrial","14","Córdoba"
"Entidad",-31.9578096,-65.074437998,"14133","San Javier","INDEC","141148","Villa de las Rosas","1413319002","14133190","Villa de las Rosas","El Pueblito","14","Córdoba"
"Entidad",-31.945167969,-65.064491322,"14133","San Javier","INDEC","141148","Villa de las Rosas","1413319003","14133190","Villa de las Rosas","El Valle","14","Córdoba"
"Entidad",-31.941965032,-65.025124751,"14133","San Javier","INDEC","141148","Villa de las Rosas","1413319004","14133190","Villa de las Rosas","Las Chacras","14","Córdoba"
"Entidad",-31.950362249,-65.053994334,"14133","San Javier","INDEC","141148","Villa de las Rosas","1413319005","14133190","Villa de las Rosas","Villa de las Rosas","14","Córdoba"
"Entidad",-31.441672213,-64.318002351,"14147","Santa María","INDEC","141393","Malagueño","1414703001","14147030","Barrio Gilbert (1º de Mayo))","Barrio Gilbert","14","Córdoba"
"Entidad",-31.44021985,-64.314610064,"14147","Santa María","INDEC","141393","Malagueño","1414703002","14147030","Barrio Gilbert (1º de Mayo))","Tejas Tres","14","Córdoba"
"Entidad",-31.526484536,-64.281421456,"14147","Santa María","INDEC","143043","Los Cedros","1414719002","14147190","Los Cedros","Los Cedros","14","Córdoba"
"Entidad",-31.798131561,-64.516386227,"14147","Santa María","INDEC","143078","Villa Ciudad de América","1414731001","14147310","Villa Ciudad de América","Barrio Villa del Parque","14","Córdoba"
"Entidad",-31.783243672,-64.530521273,"14147","Santa María","INDEC","143078","Villa Ciudad de América","1414731002","14147310","Villa Ciudad de América","Villa Ciudad de América","14","Córdoba"
"Entidad",-31.618432026,-64.39127639,"14147","Santa María","INDEC","143085","Villa del Prado","1414732001","14147320","Villa del Prado","Villa del Prado","14","Córdoba"
"Entidad",-31.621316685,-64.382051908,"14147","Santa María","INDEC","143085","Villa del Prado","1414732002","14147320","Villa del Prado","La Donosa","14","Córdoba"
"Entidad",-31.584489999,-64.356257425,"14147","Santa María","INDEC","141410","Villa Parque Santa Ana","1414735001","14147350","Villa Parque Santa Ana","Mi Valle","14","Córdoba"
"Entidad",-31.592158689,-64.352435707,"14147","Santa María","INDEC","141410","Villa Parque Santa Ana","1414735002","14147350","Villa Parque Santa Ana","Villa Parque Santa Ana","14","Córdoba"
"Entidad",-45.783793407,-67.496073707,"26021","Escalante","INDEC","260049","Comodoro Rivadavia","2602103001","26021030","Comodoro Rivadavia","Acceso Norte","26","Chubut"
"Entidad",-45.748800122,-67.378767783,"26021","Escalante","INDEC","260049","Comodoro Rivadavia","2602103002","26021030","Comodoro Rivadavia","Barrio Caleta Córdova","26","Chubut"
"Entidad",-45.775158181,-67.388848902,"26021","Escalante","INDEC","260049","Comodoro Rivadavia","2602103003","26021030","Comodoro Rivadavia","Caleta Olivares","26","Chubut"
"Entidad",-45.816389725,-67.476419498,"26021","Escalante","INDEC","260049","Comodoro Rivadavia","2602103004","26021030","Comodoro Rivadavia","Barrio Castelli","26","Chubut"
"Entidad",-45.79665373,-67.496883023,"26021","Escalante","INDEC","260049","Comodoro Rivadavia","2602103005","26021030","Comodoro Rivadavia","Barrio Ciudadela","26","Chubut"
"Entidad",-45.794234165,-67.504944998,"26021","Escalante","INDEC","260049","Comodoro Rivadavia","2602103006","26021030","Comodoro Rivadavia","Barrio Gasoducto","26","Chubut"
"Entidad",-45.822237665,-67.492074585,"26021","Escalante","INDEC","260049","Comodoro Rivadavia","2602103007","26021030","Comodoro Rivadavia","Barrio Güemes","26","Chubut"
"Entidad",-45.828393235,-67.542643887,"26021","Escalante","INDEC","260049","Comodoro Rivadavia","2602103008","26021030","Comodoro Rivadavia","Barrio Laprida","26","Chubut"
"Entidad",-45.818402001,-67.525677502,"26021","Escalante","INDEC","260049","Comodoro Rivadavia","2602103009","26021030","Comodoro Rivadavia","Barrio Manantial Rosales","26","Chubut"
"Entidad",-45.791898174,-67.47079984,"26021","Escalante","INDEC","260049","Comodoro Rivadavia","2602103010","26021030","Comodoro Rivadavia","Barrio Militar y Aeropuerto","26","Chubut"
"Entidad",-45.795736171,-67.470573067,"26021","Escalante","INDEC","260049","Comodoro Rivadavia","2602103011","26021030","Comodoro Rivadavia","Barrio Próspero Palazzo","26","Chubut"
"Entidad",-45.793157435,-67.407841602,"26021","Escalante","INDEC","260049","Comodoro Rivadavia","2602103012","26021030","Comodoro Rivadavia","Barrio Restinga Alí","26","Chubut"
"Entidad",-45.810767542,-67.474631001,"26021","Escalante","INDEC","260049","Comodoro Rivadavia","2602103013","26021030","Comodoro Rivadavia","Barrio Rodríguez Peña","26","Chubut"
"Entidad",-45.841511105,-67.506424499,"26021","Escalante","INDEC","260049","Comodoro Rivadavia","2602103014","26021030","Comodoro Rivadavia","Barrio Saavedra","26","Chubut"
"Entidad",-45.819371633,-67.502625289,"26021","Escalante","INDEC","260049","Comodoro Rivadavia","2602103015","26021030","Comodoro Rivadavia","Barrio Sarmiento","26","Chubut"
"Entidad",-24.116902829,-65.40337772,"38021","Dr. Manuel Belgrano","INDEC","380042","Yala","3802107001","38021070","Yala","Los Nogales","38","Jujuy"
"Entidad",-45.82640751,-67.463243122,"26021","Escalante","INDEC","260049","Comodoro Rivadavia","2602103016","26021030","Comodoro Rivadavia","Barrio 25 de Mayo","26","Chubut"
"Entidad",-45.83648611,-67.502454026,"26021","Escalante","INDEC","260049","Comodoro Rivadavia","2602103017","26021030","Comodoro Rivadavia","Barrio Villa S.U.P.E.","26","Chubut"
"Entidad",-45.862564405,-67.494000786,"26021","Escalante","INDEC","260049","Comodoro Rivadavia","2602103018","26021030","Comodoro Rivadavia","Comodoro Rivadavia","26","Chubut"
"Entidad",-45.814215339,-67.455998515,"26021","Escalante","INDEC","260049","Comodoro Rivadavia","2602103019","26021030","Comodoro Rivadavia","Kilómetro 5 - Presidente Ortíz","26","Chubut"
"Entidad",-45.789231298,-67.43123896,"26021","Escalante","INDEC","260049","Comodoro Rivadavia","2602103020","26021030","Comodoro Rivadavia","Kilómetro 8 - Don Bosco","26","Chubut"
"Entidad",-45.769426472,-67.435856829,"26021","Escalante","INDEC","260049","Comodoro Rivadavia","2602103021","26021030","Comodoro Rivadavia","Kilómetro 11 - Cuarteles","26","Chubut"
"Entidad",-45.839670783,-67.47389557,"26021","Escalante","INDEC","260049","Comodoro Rivadavia","2602103022","26021030","Comodoro Rivadavia","Kilómetro 3 - General Mosconi","26","Chubut"
"Entidad",-32.179568104,-58.213321599,"30008","Colón","INDEC","300014","San José","3000809001","30008090","San José","El Brillante","30","Entre Ríos"
"Entidad",-32.181973119,-58.194682699,"30008","Colón","INDEC","300014","San José","3000809002","30008090","San José","El Colorado","30","Entre Ríos"
"Entidad",-32.208495026,-58.218672488,"30008","Colón","INDEC","300014","San José","3000809003","30008090","San José","San José","30","Entre Ríos"
"Entidad",-31.434639091,-58.071942492,"30015","Concordia","INDEC","300042","Concordia","3001506001","30015060","Concordia","Benito Legerén","30","Entre Ríos"
"Entidad",-31.398291715,-58.069769797,"30015","Concordia","INDEC","300042","Concordia","3001506002","30015060","Concordia","Villa Adela","30","Entre Ríos"
"Entidad",-31.411160594,-58.079266888,"30015","Concordia","INDEC","300042","Concordia","3001506003","30015060","Concordia","Las Tejas","30","Entre Ríos"
"Entidad",-31.397450891,-58.01720343,"30015","Concordia","INDEC","300042","Concordia","3001506005","30015060","Concordia","Concordia","30","Entre Ríos"
"Entidad",-31.321857061,-58.014486143,"30015","Concordia","INDEC","300042","Concordia","3001506007","30015060","Concordia","Villa Zorraquín","30","Entre Ríos"
"Entidad",-32.067128218,-60.642646122,"30021","Diamante","INDEC","300084","Diamante","3002108001","30021080","Diamante","Diamante","30","Entre Ríos"
"Entidad",-32.053773908,-60.612486622,"30021","Diamante","INDEC","300084","Diamante","3002108002","30021080","Diamante","Strobel","30","Entre Ríos"
"Entidad",-32.055829299,-60.446886268,"30021","Diamante","INDEC","300098","Libertador San Martín","3002115001","30021150","Villa Libertador San Martín","Estación Puiggari","30","Entre Ríos"
"Entidad",-32.073928554,-60.461040816,"30021","Diamante","INDEC","300098","Libertador San Martín","3002115002","30021150","Villa Libertador San Martín","Villa Libertador San Martín","30","Entre Ríos"
"Entidad",-31.58238896,-60.073687199,"30084","Paraná","INDEC","300294","Cerrito","3008405001","30084050","Cerrito","Cerrito","30","Entre Ríos"
"Entidad",-31.587003715,-60.060161085,"30084","Paraná","INDEC","300294","Cerrito","3008405002","30084050","Cerrito","Pueblo Moreno","30","Entre Ríos"
"Entidad",-29.150929952,-67.482467682,"46042","Chilecito","INDEC","460042","Chilecito","4604201004","46042010","Chilecito","Los Sarmientos","46","La Rioja"
"Entidad",-25.409062088,-59.571418839,"34035","Patiño","INDEC","340091","Comandante Fontana","3403501001","34035010","Bartolomé de las Casas","Bartolomé de las Casas","34","Formosa"
"Entidad",-25.348680259,-59.6122308,"34035","Patiño","INDEC","340091","Comandante Fontana","3403501002","34035010","Bartolomé de las Casas","Comunidad Aborigen Bartolomé de las Casas","34","Formosa"
"Entidad",-24.585021476,-64.922763301,"38014","El Carmen","INDEC","380049","Aguas Calientes","3801401001","38014010","Aguas Calientes","Aguas Calientes","38","Jujuy"
"Entidad",-24.5874694,-64.923528045,"38014","El Carmen","INDEC","380049","Aguas Calientes","3801401002","38014010","Aguas Calientes","Fleming","38","Jujuy"
"Entidad",-24.582461892,-64.920050789,"38014","El Carmen","INDEC","380049","Aguas Calientes","3801401003","38014010","Aguas Calientes","Pila Pardo","38","Jujuy"
"Entidad",-24.146854014,-65.393943745,"38021","Dr. Manuel Belgrano","INDEC","380042","Yala","3802107002","38021070","Yala","San Pablo de Reyes","38","Jujuy"
"Entidad",-24.122361645,-65.401575846,"38021","Dr. Manuel Belgrano","INDEC","380042","Yala","3802107003","38021070","Yala","Yala","38","Jujuy"
"Entidad",-23.813231535,-64.793197127,"38035","Ledesma","INDEC","380140","Libertador General San Martín","3803508001","38035080","Libertador General San Martín","Libertador General San Martín","38","Jujuy"
"Entidad",-23.834607503,-64.789649905,"38035","Ledesma","INDEC","380140","Libertador General San Martín","3803508002","38035080","Libertador General San Martín","Pueblo Ledesma","38","Jujuy"
"Entidad",-24.259944723,-65.206179954,"38042","Palpalá","INDEC","380154","Palpalá","3804204001","38042040","Palpalá","Palpalá","38","Jujuy"
"Entidad",-24.229980013,-65.234602097,"38042","Palpalá","INDEC","380154","Palpalá","3804204002","38042040","Palpalá","Río Blanco","38","Jujuy"
"Entidad",-23.393797354,-65.345213693,"38094","Tilcara","INDEC","386175","Huacalera","3809401001","38094010","Colonia San José","Colonia San José","38","Jujuy"
"Entidad",-23.387806193,-65.344687804,"38094","Tilcara","INDEC","386175","Huacalera","3809401002","38094010","Colonia San José","Yacoraite","38","Jujuy"
"Entidad",-28.543537959,-66.791109307,"46007","Arauco","INDEC","460007","Arauco","4600701002","46007010","Aimogasta","Machigasta","46","La Rioja"
"Entidad",-28.559832135,-66.806177531,"46007","Arauco","INDEC","460007","Arauco","4600701001","46007010","Aimogasta","Aimogasta","46","La Rioja"
"Entidad",-28.557857601,-66.79233886,"46007","Arauco","INDEC","460007","Arauco","4600701003","46007010","Aimogasta","San Antonio","46","La Rioja"
"Entidad",-29.525222861,-68.559309506,"46028","General Felipe Varela","INDEC","460028","General Felipe Varela","4602802001","46028020","Guandacol","Guandacol","46","La Rioja"
"Entidad",-29.56128092,-68.533054258,"46028","General Felipe Varela","INDEC","460028","General Felipe Varela","4602802002","46028020","Guandacol","Santa Clara","46","La Rioja"
"Entidad",-29.305840495,-68.24513998,"46028","General Felipe Varela","INDEC","460028","General Felipe Varela","4602805001","46028050","Villa Unión","Banda Florida","46","La Rioja"
"Entidad",-29.316574985,-68.227399333,"46028","General Felipe Varela","INDEC","460028","General Felipe Varela","4602805002","46028050","Villa Unión","Villa Unión","46","La Rioja"
"Entidad",-29.178242613,-67.474421992,"46042","Chilecito","INDEC","460042","Chilecito","4604201005","46042010","Chilecito","San Miguel","46","La Rioja"
"Entidad",-29.199074187,-67.462145773,"46042","Chilecito","INDEC","460042","Chilecito","4604201001","46042010","Chilecito","Anguinán","46","La Rioja"
"Entidad",-29.16238583,-67.49930743,"46042","Chilecito","INDEC","460042","Chilecito","4604201002","46042010","Chilecito","Chilecito","46","La Rioja"
"Entidad",-29.159599388,-67.480600328,"46042","Chilecito","INDEC","460042","Chilecito","4604201003","46042010","Chilecito","La Puntilla","46","La Rioja"
"Entidad",-28.583506547,-67.183270993,"46119","San Blas de Los Sauces","INDEC","460119","San Blas de los Sauces","4611901002","46119010","Salicas - San Blas","Amuschina","46","La Rioja"
"Entidad",-28.500475094,-67.135145232,"46119","San Blas de Los Sauces","INDEC","460119","San Blas de los Sauces","4611901003","46119010","Salicas - San Blas","Andolucas","46","La Rioja"
"Entidad",-28.351533671,-67.072230733,"46119","San Blas de Los Sauces","INDEC","460119","San Blas de los Sauces","4611901004","46119010","Salicas - San Blas","Chaupihuasi","46","La Rioja"
"Entidad",-28.441798931,-67.119230715,"46119","San Blas de Los Sauces","INDEC","460119","San Blas de los Sauces","4611901006","46119010","Salicas - San Blas","Las Talas","46","La Rioja"
"Entidad",-28.425664655,-67.110564677,"46119","San Blas de Los Sauces","INDEC","460119","San Blas de los Sauces","4611901007","46119010","Salicas - San Blas","Los Robles","46","La Rioja"
"Entidad",-28.375937531,-67.070651675,"46119","San Blas de Los Sauces","INDEC","460119","San Blas de los Sauces","4611901008","46119010","Salicas - San Blas","Salicas","46","La Rioja"
"Entidad",-32.893719247,-68.808933879,"50028","Guaymallén","INDEC","500028","Guaymallén","5002802009","50028020","Guaymallén","Nueva Ciudad","50","Mendoza"
"Entidad",-28.480627719,-67.128440154,"46119","San Blas de Los Sauces","INDEC","460119","San Blas de los Sauces","4611901010","46119010","Salicas - San Blas","Shaqui","46","La Rioja"
"Entidad",-28.539969231,-67.156904672,"46119","San Blas de Los Sauces","INDEC","460119","San Blas de los Sauces","4611901011","46119010","Salicas - San Blas","Suriyaco","46","La Rioja"
"Entidad",-28.578972848,-67.197393999,"46119","San Blas de Los Sauces","INDEC","460119","San Blas de los Sauces","4611901012","46119010","Salicas - San Blas","Tuyubil","46","La Rioja"
"Entidad",-28.321596561,-67.053908678,"46119","San Blas de Los Sauces","INDEC","460119","San Blas de los Sauces","4611901001","46119010","Salicas - San Blas","Alpasinche","46","La Rioja"
"Entidad",-28.457341097,-67.121585484,"46119","San Blas de Los Sauces","INDEC","460119","San Blas de los Sauces","4611901005","46119010","Salicas - San Blas","Cuipán","46","La Rioja"
"Entidad",-28.408314383,-67.091935247,"46119","San Blas de Los Sauces","INDEC","460119","San Blas de los Sauces","4611901009","46119010","Salicas - San Blas","San Blas","46","La Rioja"
"Entidad",-32.887623133,-68.84103163,"50007","Capital","INDEC","500007","Mendoza","5000701001","50007010","Mendoza","1ra Sección","50","Mendoza"
"Entidad",-32.891626067,-68.840985515,"50007","Capital","INDEC","500007","Mendoza","5000701002","50007010","Mendoza","2da Sección","50","Mendoza"
"Entidad",-32.888306153,-68.832092663,"50007","Capital","INDEC","500007","Mendoza","5000701003","50007010","Mendoza","3ra Sección","50","Mendoza"
"Entidad",-32.869472119,-68.838266469,"50007","Capital","INDEC","500007","Mendoza","5000701004","50007010","Mendoza","4ta Sección","50","Mendoza"
"Entidad",-32.887971889,-68.853815649,"50007","Capital","INDEC","500007","Mendoza","5000701005","50007010","Mendoza","5ta Sección","50","Mendoza"
"Entidad",-32.878892746,-68.853257468,"50007","Capital","INDEC","500007","Mendoza","5000701006","50007010","Mendoza","6ta Sección","50","Mendoza"
"Entidad",-32.877642822,-68.870909456,"50007","Capital","INDEC","500007","Mendoza","5000701007","50007010","Mendoza","7ma Sección","50","Mendoza"
"Entidad",-32.884139099,-68.873450256,"50007","Capital","INDEC","500007","Mendoza","5000701009","50007010","Mendoza","9na Sección","50","Mendoza"
"Entidad",-32.870788364,-68.891751797,"50007","Capital","INDEC","500007","Mendoza","5000701010","50007010","Mendoza","10ma Sección","50","Mendoza"
"Entidad",-32.89043514,-68.911224769,"50007","Capital","INDEC","500007","Mendoza","5000701011","50007010","Mendoza","11va Sección","50","Mendoza"
"Entidad",-32.867392804,-68.868639502,"50007","Capital","INDEC","500007","Mendoza","5000701008","50007010","Mendoza","8va Sección","50","Mendoza"
"Entidad",-32.929647932,-68.844931508,"50021","Godoy Cruz","INDEC","500021","Godoy Cruz","5002101001","50021010","Godoy Cruz","Ciudad de Godoy Cruz","50","Mendoza"
"Entidad",-32.945193995,-68.82310228,"50021","Godoy Cruz","INDEC","500021","Godoy Cruz","5002101003","50021010","Godoy Cruz","Las Tortugas","50","Mendoza"
"Entidad",-32.944297438,-68.866889353,"50021","Godoy Cruz","INDEC","500021","Godoy Cruz","5002101004","50021010","Godoy Cruz","Presidente Sarmiento","50","Mendoza"
"Entidad",-32.931734785,-68.832662205,"50021","Godoy Cruz","INDEC","500021","Godoy Cruz","5002101005","50021010","Godoy Cruz","San Francisco del Monte","50","Mendoza"
"Entidad",-32.943062649,-68.846635664,"50021","Godoy Cruz","INDEC","500021","Godoy Cruz","5002101002","50021010","Godoy Cruz","Gobernador Benegas","50","Mendoza"
"Entidad",-32.897054054,-68.760465403,"50028","Guaymallén","INDEC","500028","Guaymallén","5002802002","50028020","Guaymallén","Buena Nueva","50","Mendoza"
"Entidad",-32.906789055,-68.766800405,"50028","Guaymallén","INDEC","500028","Guaymallén","5002802003","50028020","Guaymallén","Capilla del Rosario","50","Mendoza"
"Entidad",-32.918910718,-68.833063059,"50028","Guaymallén","INDEC","500028","Guaymallén","5002802004","50028020","Guaymallén","Dorrego","50","Mendoza"
"Entidad",-32.872863686,-68.753756189,"50028","Guaymallén","INDEC","500028","Guaymallén","5002802005","50028020","Guaymallén","El Sauce","50","Mendoza"
"Entidad",-32.923792174,-68.782313737,"50028","Guaymallén","INDEC","500028","Guaymallén","5002802007","50028020","Guaymallén","Jesús Nazareno","50","Mendoza"
"Entidad",-32.911636601,-68.817377976,"50028","Guaymallén","INDEC","500028","Guaymallén","5002802008","50028020","Guaymallén","Las Cañas","50","Mendoza"
"Entidad",-32.921046392,-68.73890298,"50028","Guaymallén","INDEC","500028","Guaymallén","5002802011","50028020","Guaymallén","Rodeo de la Cruz","50","Mendoza"
"Entidad",-32.922736255,-68.793296207,"50028","Guaymallén","INDEC","500028","Guaymallén","5002802012","50028020","Guaymallén","San Francisco del Monte","50","Mendoza"
"Entidad",-32.891002344,-68.823385243,"50028","Guaymallén","INDEC","500028","Guaymallén","5002802013","50028020","Guaymallén","San José","50","Mendoza"
"Entidad",-32.879292943,-68.820708323,"50028","Guaymallén","INDEC","500028","Guaymallén","5002802010","50028020","Guaymallén","Pedro Molina","50","Mendoza"
"Entidad",-32.897367177,-68.78710303,"50028","Guaymallén","INDEC","500028","Guaymallén","5002802014","50028020","Guaymallén","Villa Nueva","50","Mendoza"
"Entidad",-32.884681722,-68.793030817,"50028","Guaymallén","INDEC","500028","Guaymallén","5002802006","50028020","Guaymallén","General Belgrano","50","Mendoza"
"Entidad",-32.805532283,-68.82688971,"50049","Las Heras","INDEC","500049","Las Heras","5004905001","50049050","Las Heras","Capdevila","50","Mendoza"
"Entidad",-32.850943578,-68.836014945,"50049","Las Heras","INDEC","500049","Las Heras","5004905002","50049050","Las Heras","Ciudad de Las Heras","50","Mendoza"
"Entidad",-32.806558782,-68.766280635,"50049","Las Heras","INDEC","500049","Las Heras","5004905004","50049050","Las Heras","El Borbollón","50","Mendoza"
"Entidad",-32.85464175,-68.892980883,"50049","Las Heras","INDEC","500049","Las Heras","5004905005","50049050","Las Heras","El Challao","50","Mendoza"
"Entidad",-32.83033903,-68.820966318,"50049","Las Heras","INDEC","500049","Las Heras","5004905008","50049050","Las Heras","El Resguardo","50","Mendoza"
"Entidad",-32.862479675,-68.805641449,"50049","Las Heras","INDEC","500049","Las Heras","5004905009","50049050","Las Heras","El Zapallar","50","Mendoza"
"Entidad",-32.855887749,-68.844175072,"50049","Las Heras","INDEC","500049","Las Heras","5004905010","50049050","Las Heras","La Cieneguita","50","Mendoza"
"Entidad",-32.993952205,-68.932734372,"50049","Las Heras","INDEC","500063","Luján de Cuyo","5004905012","50049050","Las Heras","Sierras de Encalada","50","Mendoza"
"Entidad",-32.84860949,-68.80545746,"50049","Las Heras","INDEC","500049","Las Heras","5004905007","50049050","Las Heras","El Plumerillo","50","Mendoza"
"Entidad",-32.839513883,-68.831540729,"50049","Las Heras","INDEC","500049","Las Heras","5004905011","50049050","Las Heras","Panquehuá","50","Mendoza"
"Entidad",-32.967423262,-68.851619609,"50063","Luján de Cuyo","INDEC","500063","Luján de Cuyo","5006309001","50063090","Luján de Cuyo","Carrodilla","50","Mendoza"
"Entidad",-33.034549523,-68.884580611,"50063","Luján de Cuyo","INDEC","500063","Luján de Cuyo","5006309003","50063090","Luján de Cuyo","Ciudad Luján de Cuyo","50","Mendoza"
"Entidad",-32.96207575,-68.860973326,"50063","Luján de Cuyo","INDEC","500063","Luján de Cuyo","5006309004","50063090","Luján de Cuyo","La Puntilla","50","Mendoza"
"Entidad",-33.019420311,-68.875742139,"50063","Luján de Cuyo","INDEC","500063","Luján de Cuyo","5006309005","50063090","Luján de Cuyo","Mayor Drummond","50","Mendoza"
"Entidad",-32.969481644,-68.871514083,"50063","Luján de Cuyo","INDEC","500063","Luján de Cuyo","5006309002","50063090","Luján de Cuyo","Chacras de Coria","50","Mendoza"
"Entidad",-33.040826323,-68.925361987,"50063","Luján de Cuyo","INDEC","500063","Luján de Cuyo","5006309006","50063090","Luján de Cuyo","Vistalba","50","Mendoza"
"Entidad",-32.970929646,-68.756730937,"50070","Maipú","INDEC","500070","Maipú","5007006002","50070060","Maipú","Coquimbito","50","Mendoza"
"Entidad",-32.960407449,-68.787465284,"50070","Maipú","INDEC","500070","Maipú","5007006003","50070060","Maipú","General Gutiérrez","50","Mendoza"
"Entidad",-32.944582039,-68.80700242,"50070","Maipú","INDEC","500070","Maipú","5007006004","50070060","Maipú","Luzuriaga","50","Mendoza"
"Entidad",-32.981159058,-68.795173108,"50070","Maipú","INDEC","500070","Maipú","5007006001","50070060","Maipú","Ciudad de Maipú","50","Mendoza"
"Entidad",-33.271662914,-68.42898439,"50084","Rivadavia","INDEC","500084","Rivadavia","5008407001","50084070","La Florida","Cuadro Ortega","50","Mendoza"
"Entidad",-33.267676921,-68.454692258,"50084","Rivadavia","INDEC","500084","Rivadavia","5008407002","50084070","La Florida","La Florida","50","Mendoza"
"Entidad",-33.05050337,-68.560912031,"50098","San Martín","INDEC","500098","San Martín","5009810001","50098100","San Martín","Palmira","50","Mendoza"
"Entidad",-33.08068712,-68.470450704,"50098","San Martín","INDEC","500098","San Martín","5009810002","50098100","San Martín","San Martín","50","Mendoza"
"Entidad",-34.617774867,-68.335644937,"50105","San Rafael","INDEC","500105","San Rafael","5010521002","50105210","San Rafael","San Rafael","50","Mendoza"
"Entidad",-34.617137889,-68.275374299,"50105","San Rafael","INDEC","500105","San Rafael","5010521001","50105210","San Rafael","Cuadro Nacional","50","Mendoza"
"Entidad",-33.369315969,-69.146592299,"50126","Tupungato","INDEC","500126","Tupungato","5012606001","50126060","Tupungato","Tupungato","50","Mendoza"
"Entidad",-33.350862546,-69.136980593,"50126","Tupungato","INDEC","500126","Tupungato","5012606002","50126060","Tupungato","Villa Bastias","50","Mendoza"
"Entidad",-27.022100917,-54.685607222,"54014","Cainguás","INDEC","540049","Dos de Mayo","5401403001","54014030","Dos de Mayo","Dos de Mayo Núcleo I","54","Misiones"
"Entidad",-27.031861459,-54.66491269,"54014","Cainguás","INDEC","540049","Dos de Mayo","5401403002","54014030","Dos de Mayo","Dos de Mayo Núcleo II","54","Misiones"
"Entidad",-38.75112557,-70.026048478,"58112","Zapala","INDEC","580238","Mariano Moreno","5811202001","58112020","Mariano Moreno","Covunco Centro","58","Neuquén"
"Entidad",-38.76361152,-70.037450617,"58112","Zapala","INDEC","580238","Mariano Moreno","5811202002","58112020","Mariano Moreno","Mariano Moreno","58","Neuquén"
"Entidad",-41.135808161,-71.304339257,"62021","Bariloche","INDEC","620077","San Carlos de Bariloche","6202106001","62021060","San Carlos de Bariloche","San Carlos de Bariloche","62","Río Negro"
"Entidad",-27.057647866,-65.40305611,"90028","Famaillá","INDEC","900042","Famaillá","9002803002","90028030","Famaillá","Famaillá","90","Tucumán"
"Entidad",-41.046447694,-71.514715658,"62021","Bariloche","INDEC","620077","San Carlos de Bariloche","6202106003","62021060","San Carlos de Bariloche","Villa Llao Llao","62","Río Negro"
"Entidad",-41.060686298,-71.493889979,"62021","Bariloche","INDEC","620077","San Carlos de Bariloche","6202106002","62021060","San Carlos de Bariloche","Villa Campanario","62","Río Negro"
"Entidad",-38.824889349,-68.061768814,"62042","General Roca","INDEC","620126","Cinco Saltos","6204239002","62042390","Cinco Saltos","Cinco Saltos","62","Río Negro"
"Entidad",-39.031513069,-67.577990157,"62042","General Roca","INDEC","620161","General Roca","6204245002","62042450","General Roca","General Roca","62","Río Negro"
"Entidad",-38.800845287,-68.073658026,"62042","General Roca","INDEC","620126","Cinco Saltos","6204239001","62042390","Cinco Saltos","Barrio Presidente Perón","62","Río Negro"
"Entidad",-38.934765255,-68.001785278,"62042","General Roca","INDEC","620133","Cipolletti","6204240002","62042400","Cipolletti","Cipolletti","62","Río Negro"
"Entidad",-39.059084678,-67.584814726,"62042","General Roca","INDEC","620161","General Roca","6204245001","62042450","General Roca","Barrio Pino Azul","62","Río Negro"
"Entidad",-38.935139588,-68.028252538,"62042","General Roca","INDEC","620133","Cipolletti","6204240001","62042400","Cipolletti","Barrio La Lor","62","Río Negro"
"Entidad",-24.761663093,-65.466572475,"66028","Capital","INDEC","660063","Salta","6602805002","66028050","Salta","Country Club La Almudena","66","Salta"
"Entidad",-24.783198381,-65.410250965,"66028","Capital","INDEC","660063","Salta","6602805003","66028050","Salta","Salta","66","Salta"
"Entidad",-24.756456673,-65.475847111,"66028","Capital","INDEC","660063","Salta","6602805001","66028050","Salta","Country Club El Tipal","66","Salta"
"Entidad",-23.226014712,-64.091962674,"66056","General José de San Martín","INDEC","660133","Embarcación","6605609002","66056090","Embarcación","Misión Tierras Fiscales","66","Salta"
"Entidad",-22.599551105,-63.811327091,"66056","General José de San Martín","INDEC","660147","General Mosconi","6605611001","66056110","General Mosconi","General Mosconi","66","Salta"
"Entidad",-33.290447053,-66.265531651,"74056","Juan Martín de Pueyrredón","INDEC","740119","Juana Koslay","7405610003","74056100","Juana Koslay","El Chorrillo","74","San Luis"
"Entidad",-23.207762571,-64.094943857,"66056","General José de San Martín","INDEC","660133","Embarcación","6605609001","66056090","Embarcación","Embarcación","66","Salta"
"Entidad",-22.577057702,-63.806316801,"66056","General José de San Martín","INDEC","660147","General Mosconi","6605611002","66056110","General Mosconi","Recaredo","66","Salta"
"Entidad",-23.373312789,-64.429826766,"66126","Orán","INDEC","660294","Colonia Santa Rosa","6612602002","66126020","Colonia Santa Rosa","La Misión","66","Salta"
"Entidad",-23.39188684,-64.424705875,"66126","Orán","INDEC","660294","Colonia Santa Rosa","6612602001","66126020","Colonia Santa Rosa","Colonia Santa Rosa","66","Salta"
"Entidad",-31.442460815,-68.443961916,"70014","Angaco","INDEC","700014","Angaco","7001402002","70014020","Villa El Salvador - Villa Sefair","Villa Sefair","70","San Juan"
"Entidad",-31.455282119,-68.404642103,"70014","Angaco","INDEC","700014","Angaco","7001402001","70014020","Villa El Salvador - Villa Sefair","Villa El Salvador","70","San Juan"
"Entidad",-31.604233087,-68.269634038,"70035","Caucete","INDEC","700035","Caucete","7003504002","70035040","Las Talas - Los Médanos","Los Médanos","70","San Juan"
"Entidad",-31.597007728,-68.273924795,"70035","Caucete","INDEC","700035","Caucete","7003504001","70035040","Las Talas - Los Médanos","Las Talas","70","San Juan"
"Entidad",-30.215185797,-68.687987866,"70056","Jáchal","INDEC","700056","Jáchal","7005606003","70056060","Pampa Vieja","Pampa Vieja","70","San Juan"
"Entidad",-30.181481756,-68.679800959,"70056","Jáchal","INDEC","700056","Jáchal","7005606002","70056060","Pampa Vieja","La Falda","70","San Juan"
"Entidad",-31.595508847,-68.535637515,"70070","Pocito","INDEC","700070","Pocito","7007005002","70070050","Villa Barboza - Villa Nacusi","Villa Nacusi","70","San Juan"
"Entidad",-31.690463615,-68.586634003,"70070","Pocito","INDEC","700070","Pocito","7007004001","70070040","Villa Aberastain - La Rinconada","La Rinconada","70","San Juan"
"Entidad",-31.653830419,-68.575995517,"70070","Pocito","INDEC","700070","Pocito","7007004002","70070040","Villa Aberastain - La Rinconada","Villa Aberastain","70","San Juan"
"Entidad",-31.592897329,-68.55712891,"70070","Pocito","INDEC","700070","Pocito","7007005001","70070050","Villa Barboza - Villa Nacusi","Villa Barboza","70","San Juan"
"Entidad",-31.583060958,-68.504724345,"70077","Rawson","INDEC","700077","Rawson","7007701001","70077010","Rawson","El Medanito","70","San Juan"
"Entidad",-31.56916913,-68.541750177,"70077","Rawson","INDEC","700077","Rawson","7007701002","70077010","Rawson","Rawson","70","San Juan"
"Entidad",-31.531264096,-68.499831745,"70098","Santa Lucía","INDEC","700098","Santa Lucía","7009801002","70098010","Santa Lucía","Santa Lucía","70","San Juan"
"Entidad",-31.527286834,-68.472222729,"70098","Santa Lucía","INDEC","700098","Santa Lucía","7009801001","70098010","Santa Lucía","Colonia Gutiérrez","70","San Juan"
"Entidad",-31.829011195,-68.246835317,"70126","25 de Mayo","INDEC","700126","25 de Mayo","7012603001","70126030","Villa Borjas - La Chimbera","La Chimbera","70","San Juan"
"Entidad",-31.814073202,-68.328788813,"70126","25 de Mayo","INDEC","700126","25 de Mayo","7012603002","70126030","Villa Borjas - La Chimbera","Villa Borjas","70","San Juan"
"Entidad",-31.548464648,-68.729371983,"70133","Zonda","INDEC","700133","Zonda","7013301001","70133010","Villa Basilio Nievas","Villa Basilio Nievas","70","San Juan"
"Entidad",-31.526170227,-68.705248393,"70133","Zonda","INDEC","700133","Zonda","7013301002","70133010","Villa Basilio Nievas","Villa Tacú","70","San Juan"
"Entidad",-33.722014099,-65.380709818,"74035","General Pedernera","INDEC","","","7403508002","74035080","Villa Reynolds","5ta Brigada","74","San Luis"
"Entidad",-33.691930528,-65.502250073,"74035","General Pedernera","INDEC","740077","Villa Mercedes","7403507001","74035070","Villa Mercedes","La Ribera","74","San Luis"
"Entidad",-33.68036468,-65.469747834,"74035","General Pedernera","INDEC","740077","Villa Mercedes","7403507002","74035070","Villa Mercedes","Villa Mercedes","74","San Luis"
"Entidad",-33.707337278,-65.383510453,"74035","General Pedernera","INDEC","","","7403508001","74035080","Villa Reynolds","Country Club Los Caldenes","74","San Luis"
"Entidad",-33.267164083,-66.236227588,"74056","Juan Martín de Pueyrredón","INDEC","740119","Juana Koslay","7405610004","74056100","Juana Koslay","Las Chacras","74","San Luis"
"Entidad",-33.269402434,-66.22665548,"74056","Juan Martín de Pueyrredón","INDEC","740119","Juana Koslay","7405610005","74056100","Juana Koslay","San Roque","74","San Luis"
"Entidad",-33.266047991,-66.215779845,"74056","Juan Martín de Pueyrredón","INDEC","740119","Juana Koslay","7405610002","74056100","Juana Koslay","Cruz de Piedra","74","San Luis"
"Entidad",-33.251403705,-66.227361273,"74056","Juan Martín de Pueyrredón","INDEC","740119","Juana Koslay","7405610001","74056100","Juana Koslay","Cerro Colorado","74","San Luis"
"Entidad",-31.214215014,-61.612912546,"82021","Castellanos","INDEC","822315","Presidente Roca","8202129002","82021290","Presidente Roca","Presidente Roca","82","Santa Fe"
"Entidad",-31.232128499,-61.610277467,"82021","Castellanos","INDEC","822315","Presidente Roca","8202129001","82021290","Presidente Roca","Estación Presidente Roca","82","Santa Fe"
"Entidad",-31.721030179,-60.801588755,"82063","La Capital","INDEC","820158","Sauce Viejo","8206319002","82063190","Sauce Viejo","Villa Adelina","82","Santa Fe"
"Entidad",-31.766037188,-60.830559555,"82063","La Capital","INDEC","820158","Sauce Viejo","8206319001","82063190","Sauce Viejo","Sauce Viejo","82","Santa Fe"
"Entidad",-31.560445084,-60.519178852,"82063","La Capital","INDEC","822959","Arroyo Leyes","8206303001","82063030","Arroyo Leyes","Arroyo Leyes","82","Santa Fe"
"Entidad",-31.57183611,-60.531090958,"82063","La Capital","INDEC","822959","Arroyo Leyes","8206303002","82063030","Arroyo Leyes","Rincón Norte","82","Santa Fe"
"Entidad",-26.88692167,-65.006908296,"90014","Cruz Alta","INDEC","908140","Los Ralos","9001410002","90014100","Los Ralos","Villa Recaste","90","Tucumán"
"Entidad",-26.888680349,-64.995528086,"90014","Cruz Alta","INDEC","908140","Los Ralos","9001410001","90014100","Los Ralos","Ex Ingenio Los Ralos","90","Tucumán"
"Entidad",-26.817873629,-65.142018594,"90014","Cruz Alta","INDEC","900021","Alderetes","9001401001","90014010","Alderetes","Alderetes","90","Tucumán"
"Entidad",-26.891697107,-65.012551262,"90014","Cruz Alta","INDEC","908140","Los Ralos","9001410003","90014100","Los Ralos","Villa Tercera","90","Tucumán"
"Entidad",-26.849913098,-65.129040344,"90014","Cruz Alta","INDEC","900028","Banda del Río Salí","9001402002","90014020","Banda del Río Salí","Barrio Aeropuerto","90","Tucumán"
"Entidad",-26.818884559,-65.093615306,"90014","Cruz Alta","INDEC","908105","La Florida y Luisiana","9001408002","90014080","La Florida","La Florida","90","Tucumán"
"Entidad",-26.806444845,-65.141448584,"90014","Cruz Alta","INDEC","900021","Alderetes","9001401003","90014010","Alderetes","Los Gutiérrez","90","Tucumán"
"Entidad",-26.859700436,-65.158889552,"90014","Cruz Alta","INDEC","900028","Banda del Río Salí","9001402003","90014020","Banda del Río Salí","Lastenia","90","Tucumán"
"Entidad",-26.845021889,-65.089094648,"90014","Cruz Alta","INDEC","908084","Delfín Gallo","9001406002","90014060","Delfín Gallo","Ex Ingenio Esperanza","90","Tucumán"
"Entidad",-26.835354917,-65.163972579,"90014","Cruz Alta","INDEC","900028","Banda del Río Salí","9001402001","90014020","Banda del Río Salí","Banda del Río Salí","90","Tucumán"
"Entidad",-26.836814648,-65.095305135,"90014","Cruz Alta","INDEC","908084","Delfín Gallo","9001406001","90014060","Delfín Gallo","El Paraíso","90","Tucumán"
"Entidad",-26.853585054,-65.092320945,"90014","Cruz Alta","INDEC","908084","Delfín Gallo","9001406003","90014060","Delfín Gallo","Ex Ingenio Luján","90","Tucumán"
"Entidad",-26.829985096,-65.1564396,"90014","Cruz Alta","INDEC","900021","Alderetes","9001401002","90014010","Alderetes","El Corte","90","Tucumán"
"Entidad",-26.816088244,-65.081691363,"90014","Cruz Alta","INDEC","908105","La Florida y Luisiana","9001408001","90014080","La Florida","Ingenio La Florida","90","Tucumán"
"Entidad",-27.070564622,-65.399674306,"90028","Famaillá","INDEC","900042","Famaillá","9002803001","90028030","Famaillá","Ex Ingenio Nueva Baviera","90","Tucumán"
"Entidad",-26.846214227,-65.279344251,"90063","Lules","INDEC","908357","El Manantial","9006302002","90063020","El Manantial","El Manantial","90","Tucumán"
"Entidad",-26.842003384,-65.272245014,"90063","Lules","INDEC","908357","El Manantial","9006302001","90063020","El Manantial","Barrio Araujo","90","Tucumán"
"Entidad",-27.456187574,-65.603714273,"90077","Río Chico","INDEC","900091","Aguilares","9007701002","90077010","Aguilares","Ingenio Santa Bárbara","90","Tucumán"
"Entidad",-27.435083611,-65.614980175,"90077","Río Chico","INDEC","900091","Aguilares","9007701001","90077010","Aguilares","Aguilares","90","Tucumán"
"Entidad",-26.802605723,-65.267932013,"90119","Yerba Buena","INDEC","900133","Yerba Buena","9011903001","90119030","Yerba Buena","Ex Ingenio San José","90","Tucumán"
"Entidad",-26.810819984,-65.283432249,"90119","Yerba Buena","INDEC","900133","Yerba Buena","9011903002","90119030","Yerba Buena","Yerba Buena - Marcos Paz","90","Tucumán"
"Entidad",-34.628534187,-58.463686247,"02049","Comuna 7","INDEC","022049","Comuna 7","0204901001","02049010","CABA - Comuna 7","Flores","02","Ciudad Autónoma de Buenos Aires"
"Entidad",-34.635276697,-58.439028115,"02049","Comuna 7","INDEC","022049","Comuna 7","0204901002","02049010","CABA - Comuna 7","Parque Chacabuco","02","Ciudad Autónoma de Buenos Aires"
"Entidad",-34.581237242,-58.421015207,"02098","Comuna 14","INDEC","022098","Comuna 14","0209801001","02098010","CABA - Comuna 14","Palermo","02","Ciudad Autónoma de Buenos Aires"
"Entidad",-34.626821698,-58.387188124,"02007","Comuna 1","INDEC","022007","Comuna 1","0200701001","02007010","CABA - Comuna 1","Constitución","02","Ciudad Autónoma de Buenos Aires"
"Entidad",-34.613223168,-58.383057982,"02007","Comuna 1","INDEC","022007","Comuna 1","0200701002","02007010","CABA - Comuna 1","Monserrat","02","Ciudad Autónoma de Buenos Aires"
"Entidad",-34.60781865,-58.362303066,"02007","Comuna 1","INDEC","022007","Comuna 1","0200701003","02007010","CABA - Comuna 1","Puerto Madero","02","Ciudad Autónoma de Buenos Aires"
"Entidad",-34.594602919,-58.375660278,"02007","Comuna 1","INDEC","022007","Comuna 1","0200701004","02007010","CABA - Comuna 1","Retiro","02","Ciudad Autónoma de Buenos Aires"
"Entidad",-34.60377,-58.381597089,"02007","Comuna 1","INDEC","022007","Comuna 1","0200701005","02007010","CABA - Comuna 1","San Nicolás","02","Ciudad Autónoma de Buenos Aires"
"Entidad",-34.620541671,-58.371711914,"02007","Comuna 1","INDEC","022007","Comuna 1","0200701006","02007010","CABA - Comuna 1","San Telmo","02","Ciudad Autónoma de Buenos Aires"
"Componente de localidad compuesta",-34.608416378,-58.372134681,"02014","Comuna 2","INDEC","022007","Comuna 1","02014010","02014010","CABA - Comuna 2","Ciudad de Buenos Aires","02","Ciudad Autónoma de Buenos Aires"
"Entidad",-34.588043855,-58.39718175,"02014","Comuna 2","INDEC","022014","Comuna 2","0201401001","02014010","CABA - Comuna 2","Recoleta","02","Ciudad Autónoma de Buenos Aires"
"Entidad",-34.608786982,-58.401784297,"02021","Comuna 3","INDEC","022021","Comuna 3","0202101001","02021010","CABA - Comuna 3","Balvanera","02","Ciudad Autónoma de Buenos Aires"
"Entidad",-34.623783854,-58.402122482,"02021","Comuna 3","INDEC","022021","Comuna 3","0202101002","02021010","CABA - Comuna 3","San Cristóbal","02","Ciudad Autónoma de Buenos Aires"
"Entidad",-34.637523928,-58.374391724,"02028","Comuna 4","INDEC","022028","Comuna 4","0202801001","02028010","CABA - Comuna 4","Barracas","02","Ciudad Autónoma de Buenos Aires"
"Entidad",-34.632126723,-58.360770453,"02028","Comuna 4","INDEC","022028","Comuna 4","0202801002","02028010","CABA - Comuna 4","Boca","02","Ciudad Autónoma de Buenos Aires"
"Entidad",-34.652056934,-58.415998494,"02028","Comuna 4","INDEC","022028","Comuna 4","0202801003","02028010","CABA - Comuna 4","Nueva Pompeya","02","Ciudad Autónoma de Buenos Aires"
"Entidad",-34.63728163,-58.405395733,"02028","Comuna 4","INDEC","022028","Comuna 4","0202801004","02028010","CABA - Comuna 4","Parque Patricios","02","Ciudad Autónoma de Buenos Aires"
"Entidad",-34.605783398,-58.419101107,"02035","Comuna 5","INDEC","022035","Comuna 5","0203501001","02035010","CABA - Comuna 5","Almagro","02","Ciudad Autónoma de Buenos Aires"
"Entidad",-34.625579009,-58.416086123,"02035","Comuna 5","INDEC","022035","Comuna 5","0203501002","02035010","CABA - Comuna 5","Boedo","02","Ciudad Autónoma de Buenos Aires"
"Entidad",-34.616274671,-58.440551289,"02042","Comuna 6","INDEC","022042","Comuna 6","0204201001","02042010","CABA - Comuna 6","Caballito","02","Ciudad Autónoma de Buenos Aires"
"Entidad",-34.675735117,-58.475112327,"02056","Comuna 8","INDEC","022056","Comuna 8","0205601001","02056010","CABA - Comuna 8","Villa Lugano","02","Ciudad Autónoma de Buenos Aires"
"Entidad",-34.693552231,-58.4689385,"02056","Comuna 8","INDEC","022056","Comuna 8","0205601002","02056010","CABA - Comuna 8","Villa Riachuelo","02","Ciudad Autónoma de Buenos Aires"
"Entidad",-34.663887539,-58.444537204,"02056","Comuna 8","INDEC","022056","Comuna 8","0205601003","02056010","CABA - Comuna 8","Villa Soldati","02","Ciudad Autónoma de Buenos Aires"
"Entidad",-34.638709568,-58.521239459,"02063","Comuna 9","INDEC","022063","Comuna 9","0206301001","02063010","CABA - Comuna 9","Liniers","02","Ciudad Autónoma de Buenos Aires"
"Entidad",-34.660113698,-58.502933558,"02063","Comuna 9","INDEC","022063","Comuna 9","0206301002","02063010","CABA - Comuna 9","Mataderos","02","Ciudad Autónoma de Buenos Aires"
"Entidad",-34.647447113,-58.484028729,"02063","Comuna 9","INDEC","022063","Comuna 9","0206301003","02063010","CABA - Comuna 9","Parque Avellaneda","02","Ciudad Autónoma de Buenos Aires"
"Entidad",-34.630044349,-58.482519362,"02070","Comuna 10","INDEC","022070","Comuna 10","0207001001","02070010","CABA - Comuna 10","Floresta","02","Ciudad Autónoma de Buenos Aires"
"Entidad",-34.619861123,-58.505976273,"02070","Comuna 10","INDEC","022070","Comuna 10","0207001002","02070010","CABA - Comuna 10","Monte Castro","02","Ciudad Autónoma de Buenos Aires"
"Entidad",-34.631471801,-58.492373339,"02070","Comuna 10","INDEC","022070","Comuna 10","0207001003","02070010","CABA - Comuna 10","Vélez Sarsfield","02","Ciudad Autónoma de Buenos Aires"
"Entidad",-34.630026946,-58.523931075,"02070","Comuna 10","INDEC","022070","Comuna 10","0207001004","02070010","CABA - Comuna 10","Versalles","02","Ciudad Autónoma de Buenos Aires"
"Entidad",-34.638929191,-58.500777161,"02070","Comuna 10","INDEC","022070","Comuna 10","0207001005","02070010","CABA - Comuna 10","Villa Luro","02","Ciudad Autónoma de Buenos Aires"
"Entidad",-34.620620502,-58.526868182,"02070","Comuna 10","INDEC","022070","Comuna 10","0207001006","02070010","CABA - Comuna 10","Villa Real","02","Ciudad Autónoma de Buenos Aires"
"Entidad",-34.605658351,-58.492585526,"02077","Comuna 11","INDEC","022077","Comuna 11","0207701001","02077010","CABA - Comuna 11","Villa del Parque","02","Ciudad Autónoma de Buenos Aires"
"Entidad",-34.599331562,-58.512222701,"02077","Comuna 11","INDEC","022077","Comuna 11","0207701002","02077010","CABA - Comuna 11","Villa Devoto","02","Ciudad Autónoma de Buenos Aires"
"Entidad",-34.610479306,-58.467609086,"02077","Comuna 11","INDEC","022077","Comuna 11","0207701003","02077010","CABA - Comuna 11","Villa General Mitre","02","Ciudad Autónoma de Buenos Aires"
"Entidad",-34.615408187,-58.483663174,"02077","Comuna 11","INDEC","022077","Comuna 11","0207701004","02077010","CABA - Comuna 11","Villa Santa Rita","02","Ciudad Autónoma de Buenos Aires"
"Entidad",-34.558924631,-58.47437522,"02084","Comuna 12","INDEC","022084","Comuna 12","0208401001","02084010","CABA - Comuna 12","Coghlan","02","Ciudad Autónoma de Buenos Aires"
"Entidad",-34.554897853,-58.486327115,"02084","Comuna 12","INDEC","022084","Comuna 12","0208401002","02084010","CABA - Comuna 12","Saavedra","02","Ciudad Autónoma de Buenos Aires"
"Entidad",-34.584524727,-58.501836169,"02084","Comuna 12","INDEC","022084","Comuna 12","0208401003","02084010","CABA - Comuna 12","Villa Pueyrredón","02","Ciudad Autónoma de Buenos Aires"
"Entidad",-34.572061815,-58.489257461,"02084","Comuna 12","INDEC","022084","Comuna 12","0208401004","02084010","CABA - Comuna 12","Villa Urquiza","02","Ciudad Autónoma de Buenos Aires"
"Entidad",-34.562072555,-58.456554607,"02091","Comuna 13","INDEC","022091","Comuna 13","0209101001","02091010","CABA - Comuna 13","Belgrano","02","Ciudad Autónoma de Buenos Aires"
"Entidad",-34.575822865,-58.448619012,"02091","Comuna 13","INDEC","022091","Comuna 13","0209101002","02091010","CABA - Comuna 13","Colegiales","02","Ciudad Autónoma de Buenos Aires"
"Entidad",-34.548807097,-58.463228454,"02091","Comuna 13","INDEC","022091","Comuna 13","0209101003","02091010","CABA - Comuna 13","Nuñez","02","Ciudad Autónoma de Buenos Aires"
"Entidad",-34.592309337,-58.489681528,"02105","Comuna 15","INDEC","022105","Comuna 15","0210501001","02105010","CABA - Comuna 15","Agronomía","02","Ciudad Autónoma de Buenos Aires"
"Entidad",-34.585264997,-58.453954933,"02105","Comuna 15","INDEC","022105","Comuna 15","0210501002","02105010","CABA - Comuna 15","Chacarita","02","Ciudad Autónoma de Buenos Aires"
"Entidad",-34.582545656,-58.479229062,"02105","Comuna 15","INDEC","022105","Comuna 15","0210501003","02105010","CABA - Comuna 15","Parque Chas","02","Ciudad Autónoma de Buenos Aires"
"Entidad",-34.59887144,-58.466453452,"02105","Comuna 15","INDEC","022105","Comuna 15","0210501004","02105010","CABA - Comuna 15","Paternal","02","Ciudad Autónoma de Buenos Aires"
"Entidad",-34.599876195,-58.438814557,"02105","Comuna 15","INDEC","022105","Comuna 15","0210501005","02105010","CABA - Comuna 15","Villa Crespo","02","Ciudad Autónoma de Buenos Aires"
"Entidad",-34.5786713,-58.469482038,"02105","Comuna 15","INDEC","022105","Comuna 15","0210501006","02105010","CABA - Comuna 15","Villa Ortúzar","02","Ciudad Autónoma de Buenos Aires"
"Localidad simple",-53.786326089,-67.696328136,"94008","Río Grande","INDEC","940007","Río Grande","94008010","94008010","Río Grande","Río Grande","94","Tierra del Fuego, Antártida e Islas del Atlántico Sur"
"Localidad simple",-54.807403982,-68.303757178,"94015","Ushuaia","INDEC","940014","Ushuaia","94015020","94015020","Ushuaia","Ushuaia","94","Tierra del Fuego, Antártida e Islas del Atlántico Sur"
"Localidad simple",-54.640783266,-67.762904529,"94015","Ushuaia","INDEC","","","94015010","94015010","Laguna Escondida","Laguna Escondida","94","Tierra del Fuego, Antártida e Islas del Atlántico Sur"
